{
"type": "FeatureCollection",
"name": "Coal_Fields_in_Pennsylvania_%E2%80%93_Low-Volatile_Bituminous",
"crs": { "type": "name", "properties": { "name": "urn:ogc:def:crs:OGC:1.3:CRS84" } },
"features": [
{ "type": "Feature", "properties": { "OBJECTID": 15, "Coal_Field": "Broad Top Bituminous", "Coal_Type": "Low-Volatile Bituminous", "Status": "Final", "Feature_Source": "Map 1", "Comp_Scale": 250000, "Shape_Length": 327425.86832860205, "Shape_Area": 1991386735.058567 }, "geometry": { "type": "Polygon", "coordinates": [ [ [ -78.06437801583111, 40.229661669285491 ], [ -78.064558392053016, 40.229901622745956 ], [ -78.064694431908634, 40.23024474458424 ], [ -78.064629671471451, 40.230777335314386 ], [ -78.064519935117602, 40.231275698728027 ], [ -78.064252779712277, 40.231654267152386 ], [ -78.064029882556511, 40.23191249342959 ], [ -78.063739599674292, 40.232136551925421 ], [ -78.063292688412915, 40.232412558335682 ], [ -78.062890355411014, 40.232636918959557 ], [ -78.062241833981133, 40.232930642939806 ], [ -78.06166022017247, 40.233155483124762 ], [ -78.060921739372745, 40.233380743634619 ], [ -78.060384857180964, 40.233588283016552 ], [ -78.060005073350169, 40.233846921982327 ], [ -78.059558606349967, 40.234225960729177 ], [ -78.059112290300277, 40.23463934761515 ], [ -78.058778251447109, 40.235103955927272 ], [ -78.05844413072812, 40.235551388325327 ], [ -78.058132648435333, 40.236050283641653 ], [ -78.057932825662022, 40.236463006177559 ], [ -78.057801552864959, 40.237167515289563 ], [ -78.057670200267552, 40.237854850218106 ], [ -78.057471845081238, 40.238593885968818 ], [ -78.057384921747541, 40.239195229653518 ], [ -78.057387018819313, 40.239658936912107 ], [ -78.05732188345884, 40.240122824723606 ], [ -78.057144687224564, 40.240587009965488 ], [ -78.056832785373842, 40.241000028866615 ], [ -78.056477451082031, 40.241722305445094 ], [ -78.056166468039635, 40.24234141556947 ], [ -78.055922641490952, 40.242943172022024 ], [ -78.055589698723267, 40.243665386261014 ], [ -78.055435204709468, 40.244198207323954 ], [ -78.055146922896114, 40.244885952274743 ], [ -78.055014449365586, 40.245332841297135 ], [ -78.054792398752099, 40.245797141771469 ], [ -78.054481536095082, 40.246450594545848 ], [ -78.0542593222048, 40.2468805440989 ], [ -78.053902854388085, 40.247362371578753 ], [ -78.053702280491933, 40.247620517669532 ], [ -78.053434695070067, 40.247930362913628 ], [ -78.053122353253144, 40.248257499696059 ], [ -78.052832652629007, 40.248636099678841 ], [ -78.052542871815803, 40.248997524880807 ], [ -78.052320334314089, 40.249358773582919 ], [ -78.052121200738299, 40.249943230144723 ], [ -78.051586872996396, 40.25130052789693 ], [ -78.05139988786749, 40.251869862372509 ], [ -78.051093376445593, 40.252423030586499 ], [ -78.050807246547194, 40.252928799432667 ], [ -78.050480055848951, 40.253466237541232 ], [ -78.050090994511891, 40.253988055154863 ], [ -78.049639923987044, 40.254462684525812 ], [ -78.048983276515145, 40.255032536933875 ], [ -78.048346660967667, 40.255476077773245 ], [ -78.047669050007514, 40.255967066691788 ], [ -78.047258107342785, 40.256204853957527 ], [ -78.046929561027369, 40.256442428520522 ], [ -78.046683475818739, 40.256695571951575 ], [ -78.046499258380734, 40.256964338194642 ], [ -78.046335567499028, 40.257217269904466 ], [ -78.04621417824896, 40.257722604611658 ], [ -78.046176288748384, 40.258480235757588 ], [ -78.046159068703034, 40.259253596209561 ], [ -78.04607894337417, 40.259774606739064 ], [ -78.045937222555835, 40.260343119739957 ], [ -78.045651710474147, 40.261006693327232 ], [ -78.045365781908032, 40.261575574743993 ], [ -78.045161701879039, 40.262017990515311 ], [ -78.04489588115382, 40.262476347070482 ], [ -78.044466073202813, 40.26312450321474 ], [ -78.043974659293781, 40.263820161016433 ], [ -78.043401168610856, 40.264594934260558 ], [ -78.042991457582701, 40.265132559685462 ], [ -78.042602341465027, 40.265670133639595 ], [ -78.042213014139435, 40.266160359182393 ], [ -78.041844352705482, 40.26666631259387 ], [ -78.041616025073239, 40.267091573043444 ], [ -78.041498053429393, 40.267582540865234 ], [ -78.041314599139355, 40.268040679948939 ], [ -78.041193357897512, 40.268593352876373 ], [ -78.041050696657791, 40.268956697841652 ], [ -78.04088777212624, 40.269399001150376 ], [ -78.040745920942214, 40.269951726909547 ], [ -78.04068620936286, 40.270441116913801 ], [ -78.040565637221476, 40.271151607734453 ], [ -78.04060785927453, 40.271388230414431 ], [ -78.040711824358553, 40.271608915127757 ], [ -78.040877739404948, 40.271861008799675 ], [ -78.041084591144525, 40.272049871210776 ], [ -78.041270840553139, 40.272238785718521 ], [ -78.041559907781632, 40.27238009297168 ], [ -78.041828573835517, 40.272568797358538 ], [ -78.042097582521947, 40.272836409933952 ], [ -78.042470500456304, 40.273308924129921 ], [ -78.042946379299352, 40.273765394240058 ], [ -78.043153651700365, 40.274048942591691 ], [ -78.043423353462501, 40.274474370587619 ], [ -78.04352856578663, 40.27497912358632 ], [ -78.043612626301169, 40.275357676176647 ], [ -78.04371647162256, 40.275546794637016 ], [ -78.043861253745888, 40.275672682787246 ], [ -78.044129871466552, 40.275845599105921 ], [ -78.044335852968644, 40.27582929361823 ], [ -78.04456189179578, 40.275686678793782 ], [ -78.044890402075481, 40.27541754836372 ], [ -78.04513600981214, 40.275038154643319 ], [ -78.045402151884218, 40.274642926322301 ], [ -78.04560716430143, 40.274405673872408 ], [ -78.045852213521385, 40.273900024519357 ], [ -78.046241418660401, 40.273378223020792 ], [ -78.046568876444212, 40.272872362248457 ], [ -78.046916794337108, 40.272334881732363 ], [ -78.047285586140276, 40.271860475453416 ], [ -78.047572237381047, 40.271449406774998 ], [ -78.047899675707839, 40.270943541298379 ], [ -78.04824757292927, 40.270406057641679 ], [ -78.048595603839786, 40.269900136448179 ], [ -78.048964371554234, 40.269425724763082 ], [ -78.049476728149571, 40.268808901213774 ], [ -78.049886549518362, 40.268302817838666 ], [ -78.050152636866102, 40.267907577581425 ], [ -78.050562588987901, 40.267433054402517 ], [ -78.050931821067351, 40.267069108687217 ], [ -78.051321088761384, 40.266578853442091 ], [ -78.051813503057431, 40.266119891288838 ], [ -78.052264425713446, 40.265597907997297 ], [ -78.052818066475623, 40.265012525900808 ], [ -78.053248513030439, 40.264522156794371 ], [ -78.053596900507372, 40.264110911839694 ], [ -78.054252746172651, 40.263351651792618 ], [ -78.054806069045469, 40.262703134861127 ], [ -78.055195284257522, 40.262212866444841 ], [ -78.055563822849265, 40.26170686999874 ], [ -78.055870482498875, 40.261185254131448 ], [ -78.056238298487386, 40.260521437980152 ], [ -78.056769977488074, 40.259652019481734 ], [ -78.05726015971743, 40.258719582218447 ], [ -78.057505709824838, 40.258355943741691 ], [ -78.057771428052021, 40.257897558785714 ], [ -78.058261869938022, 40.257028244254393 ], [ -78.058526716624399, 40.256380477435563 ], [ -78.058730408041427, 40.255874910830009 ], [ -78.05893431194977, 40.255416688216265 ], [ -78.059096584196467, 40.254863885210654 ], [ -78.059341029825333, 40.254263516555817 ], [ -78.059585473428555, 40.253663146481443 ], [ -78.059850365723136, 40.253031158375748 ], [ -78.060074706148242, 40.252541315328294 ], [ -78.060402250991672, 40.252098541150559 ], [ -78.060750894220973, 40.251766182299214 ], [ -78.061202738950143, 40.251480890069679 ], [ -78.06161382068251, 40.251290397920592 ], [ -78.062024537982481, 40.251020997355504 ], [ -78.062516985273191, 40.250609334425143 ], [ -78.062700614682868, 40.250230071059804 ], [ -78.062901428562213, 40.249639746711843 ], [ -78.06327891233633, 40.248865867790663 ], [ -78.063634766018254, 40.248263791861483 ], [ -78.06392297533246, 40.24757602635907 ], [ -78.064166510804966, 40.246922729764442 ], [ -78.06436561159596, 40.24635542718439 ], [ -78.064764995506067, 40.245478435194812 ], [ -78.06511978436609, 40.244653088560312 ], [ -78.065452151660708, 40.243827800508505 ], [ -78.065718388870707, 40.243243138030358 ], [ -78.065984622613001, 40.242658472235483 ], [ -78.066228680713451, 40.24212539226567 ], [ -78.066427749831462, 40.241558086139847 ], [ -78.066604724559781, 40.241059537519824 ], [ -78.066669558596558, 40.240544122299113 ], [ -78.066935533912314, 40.239907932207238 ], [ -78.067291069920586, 40.239254321074327 ], [ -78.067556631652721, 40.238532257573546 ], [ -78.067823314418945, 40.23805063535788 ], [ -78.068090153952582, 40.23760336059371 ], [ -78.068200196617454, 40.237173692525374 ], [ -78.068332085235227, 40.236623740478215 ], [ -78.068598190100687, 40.236021895532375 ], [ -78.068863969392041, 40.23535135203808 ], [ -78.069061867344459, 40.234543598628072 ], [ -78.069170850761765, 40.233890662721343 ], [ -78.069279912066875, 40.23325489985158 ], [ -78.069366885870437, 40.232687897056842 ], [ -78.069431124391315, 40.232052256728288 ], [ -78.069541070465903, 40.231605412483567 ], [ -78.069673664000206, 40.231210028835747 ], [ -78.070117708566841, 40.230332892881798 ], [ -78.070451404239321, 40.22981672847002 ], [ -78.070874724338992, 40.229300313885581 ], [ -78.071387671492801, 40.228783649029744 ], [ -78.071767138521267, 40.228473449264968 ], [ -78.072235825100265, 40.228077126025283 ], [ -78.07263745026215, 40.227715336681904 ], [ -78.072927195164056, 40.227388208730083 ], [ -78.073082821303032, 40.227130154043778 ], [ -78.073148655601145, 40.226838001250812 ], [ -78.073035150739813, 40.226529174605609 ], [ -78.072809694266326, 40.226237835604934 ], [ -78.072494368677695, 40.225895222823965 ], [ -78.072201614531963, 40.225586896238752 ], [ -78.071908700554417, 40.225244219949758 ], [ -78.071503270087078, 40.224798808491876 ], [ -78.071210039964669, 40.224387431604931 ], [ -78.070938973668248, 40.223924470242757 ], [ -78.070644695730223, 40.223289825054415 ], [ -78.070483726585124, 40.222414363556055 ], [ -78.070368056410373, 40.221641823852046 ], [ -78.070297036364167, 40.220834811157289 ], [ -78.070250447774995, 40.220457097495427 ], [ -78.070158480152841, 40.219959287730724 ], [ -78.070155326965789, 40.219289484488982 ], [ -78.070331649924896, 40.218670707651178 ], [ -78.070597587696042, 40.218051680661972 ], [ -78.070886168133981, 40.21748411440386 ], [ -78.071196661123167, 40.216813438880187 ], [ -78.071551872155865, 40.216125464074402 ], [ -78.071794897898101, 40.215403451060261 ], [ -78.072127775293808, 40.214732709422947 ], [ -78.072594655668794, 40.213975720459906 ], [ -78.073105922376797, 40.213132732658565 ], [ -78.073505817989215, 40.212427450065199 ], [ -78.073816670663945, 40.211842640312554 ], [ -78.074038073690929, 40.2112924277193 ], [ -78.074192186512548, 40.21072523116338 ], [ -78.074345475717493, 40.209986287914106 ], [ -78.074386675033978, 40.209230485729371 ], [ -78.07436149020954, 40.208646615207378 ], [ -78.074380941499896, 40.208028271117968 ], [ -78.074333682764617, 40.207513163505126 ], [ -78.074219880154388, 40.207135639416002 ], [ -78.074172868147528, 40.206672053803032 ], [ -78.074283068468517, 40.206293901348403 ], [ -78.074617187886091, 40.205897944101622 ], [ -78.075040659128348, 40.205450210456689 ], [ -78.075487015146066, 40.205105458608095 ], [ -78.076022637724947, 40.204691753910247 ], [ -78.07660354873741, 40.20438096798641 ], [ -78.077050634337979, 40.204190780669741 ], [ -78.077833379293665, 40.203930940240397 ], [ -78.078571734644356, 40.203757095312426 ], [ -78.0793103349679, 40.20363476854903 ], [ -78.07995933632948, 40.203512693411398 ], [ -78.081056320547347, 40.203389331119354 ], [ -78.081884594955127, 40.203283905351427 ], [ -78.082534090783653, 40.203264862345058 ], [ -78.083138534796376, 40.203194421706179 ], [ -78.08376504087326, 40.203055214968551 ], [ -78.084391455813133, 40.202898829888099 ], [ -78.084726855611223, 40.202777635334648 ], [ -78.084994968295433, 40.202639461726953 ], [ -78.085463909316488, 40.202346129424704 ], [ -78.085932845065088, 40.202052795200032 ], [ -78.086379720035339, 40.201828224256531 ], [ -78.087116327664461, 40.201310833158992 ], [ -78.08751848245933, 40.201103562301817 ], [ -78.088233101435023, 40.200672103435906 ], [ -78.088791180632271, 40.200292622768572 ], [ -78.089751563463224, 40.199740209571878 ], [ -78.090622770703803, 40.1992739257864 ], [ -78.091404544803737, 40.198842248748221 ], [ -78.092186827346637, 40.19851361396622 ], [ -78.093013550862651, 40.198116141381071 ], [ -78.093907284300258, 40.197684115477415 ], [ -78.094779305598308, 40.197389545393065 ], [ -78.095427607160232, 40.197147161677819 ], [ -78.095919386746658, 40.196956767615937 ], [ -78.096612038200135, 40.196628370489364 ], [ -78.09741631656361, 40.196230934529879 ], [ -78.098488643756198, 40.195695285846632 ], [ -78.099181533643872, 40.195418396027009 ], [ -78.099918859707813, 40.195072670476954 ], [ -78.100499752757557, 40.194796111972323 ], [ -78.101102596843134, 40.19443361209354 ], [ -78.101593631098368, 40.194105797176199 ], [ -78.102129539935063, 40.193795018619156 ], [ -78.102374298240861, 40.193485125802525 ], [ -78.102775912875629, 40.193191928612833 ], [ -78.103155396437117, 40.192950322649523 ], [ -78.103580115934605, 40.192794449275567 ], [ -78.104072018243457, 40.19263836990369 ], [ -78.104743265111281, 40.192516087596189 ], [ -78.105459210395466, 40.192376487825641 ], [ -78.106063442943707, 40.192288751870038 ], [ -78.106712196428944, 40.192149352537406 ], [ -78.107092110445905, 40.19199360522537 ], [ -78.107449356915211, 40.191786403506995 ], [ -78.1078734267317, 40.19151029357338 ], [ -78.108318259877919, 40.190924971478083 ], [ -78.108540039421143, 40.190512088751248 ], [ -78.108806244501196, 40.19003036792315 ], [ -78.109117236285584, 40.189548508216689 ], [ -78.109449800154948, 40.188912006334917 ], [ -78.109738115748158, 40.188378689509442 ], [ -78.110027153313254, 40.187982769212852 ], [ -78.110272125305713, 40.187724383269547 ], [ -78.110517733633216, 40.187586218262581 ], [ -78.110696703504644, 40.187551310369564 ], [ -78.11089888846287, 40.187670902129078 ], [ -78.111079134467658, 40.187876436555698 ], [ -78.111125379116473, 40.188151088384338 ], [ -78.111220972798591, 40.189284325325154 ], [ -78.111269408677174, 40.18997116524902 ], [ -78.111272234461595, 40.190503575765604 ], [ -78.111386945395367, 40.191018459052344 ], [ -78.111657058723225, 40.191275235268513 ], [ -78.111970958051018, 40.191342951370849 ], [ -78.1123295564486, 40.191393351304427 ], [ -78.112777371073562, 40.191374771204089 ], [ -78.113314766541251, 40.191355907741226 ], [ -78.114053720269965, 40.19133640647798 ], [ -78.114680788850521, 40.19133442740663 ], [ -78.11510685364749, 40.191436129846686 ], [ -78.115219382752343, 40.19153882390583 ], [ -78.115242883388888, 40.191744845815045 ], [ -78.115153947177049, 40.191865351286815 ], [ -78.114930729395979, 40.192003454211296 ], [ -78.114281810267201, 40.192108551386148 ], [ -78.113342205355551, 40.19230043370024 ], [ -78.112357804942604, 40.192492448735059 ], [ -78.111865371964981, 40.192545517217425 ], [ -78.111574685664877, 40.192632300643588 ], [ -78.111239568763054, 40.192787922879262 ], [ -78.110837538193934, 40.192995277221677 ], [ -78.11018951204052, 40.19327209637089 ], [ -78.109496870202449, 40.193583400044282 ], [ -78.108827524734991, 40.194066375692536 ], [ -78.108113285876954, 40.194532310426396 ], [ -78.107421524496445, 40.195015346783819 ], [ -78.10693051204403, 40.195343185875181 ], [ -78.106216966450233, 40.195946504265848 ], [ -78.105816607789507, 40.196480157531361 ], [ -78.105483164231813, 40.196962077681007 ], [ -78.105150165127696, 40.197529868612804 ], [ -78.104638069161581, 40.198115383281113 ], [ -78.104080810964177, 40.198632336005019 ], [ -78.103344628348211, 40.199201355769731 ], [ -78.10271935671129, 40.199563937225491 ], [ -78.102026617672706, 40.199875196537334 ], [ -78.10128960588132, 40.200289634428827 ], [ -78.100507702569871, 40.200687028474825 ], [ -78.099882400599512, 40.201049594411927 ], [ -78.099100831686826, 40.201515676618399 ], [ -78.098453115601288, 40.201878301906653 ], [ -78.09782849552613, 40.20237825218905 ], [ -78.097271151855765, 40.202895171740977 ], [ -78.096870507747468, 40.203394443046221 ], [ -78.09651491627838, 40.203945101634702 ], [ -78.096315682226745, 40.204409417448026 ], [ -78.096250843041673, 40.204873329722147 ], [ -78.096275079126897, 40.205233926123192 ], [ -78.096367215550714, 40.205731717343973 ], [ -78.096569603654473, 40.205885683453019 ], [ -78.096794303505931, 40.20602240578615 ], [ -78.097175545698107, 40.20610713462117 ], [ -78.097847551985907, 40.206105112613017 ], [ -78.09881049715419, 40.206050684426316 ], [ -78.099616286260527, 40.205928025845417 ], [ -78.100332559917433, 40.205822807066539 ], [ -78.100892030792934, 40.205718060166461 ], [ -78.10138359074891, 40.205476119627953 ], [ -78.101920123645371, 40.205268389527845 ], [ -78.102322343690702, 40.205078241406433 ], [ -78.102881717857841, 40.204956310762704 ], [ -78.103553621358159, 40.204937081180233 ], [ -78.104225616914903, 40.204935022536226 ], [ -78.105009699426688, 40.204949790532417 ], [ -78.105906051771939, 40.20501572994295 ], [ -78.106511206546443, 40.205082564726055 ], [ -78.107206323112678, 40.205217814556917 ], [ -78.107879404291324, 40.205421827720706 ], [ -78.108507508284589, 40.205591627879166 ], [ -78.109023705186232, 40.205778946922756 ], [ -78.109405868561765, 40.206035379336292 ], [ -78.109721286878198, 40.206377891814533 ], [ -78.110059472813049, 40.206789031868944 ], [ -78.110443099938848, 40.207320252778999 ], [ -78.110668926722255, 40.207663042005024 ], [ -78.111074419340255, 40.208091142914803 ], [ -78.111434199248535, 40.208347639879854 ], [ -78.112085472769522, 40.208654745402313 ], [ -78.112579759749323, 40.208927989854985 ], [ -78.113074509039905, 40.209287106620323 ], [ -78.113703121428316, 40.209542749066586 ], [ -78.114241763440532, 40.209729974504974 ], [ -78.114847430739857, 40.20988263596066 ], [ -78.115497624850832, 40.209983628773664 ], [ -78.116192901087331, 40.210135999707369 ], [ -78.11686578006875, 40.210288437066147 ], [ -78.11778591516395, 40.210594656496269 ], [ -78.118728460443123, 40.210900797495036 ], [ -78.119468650015165, 40.211070180421501 ], [ -78.119939927578926, 40.211223243600912 ], [ -78.120568863570909, 40.211530373824374 ], [ -78.120905828965149, 40.211701039725646 ], [ -78.121153657448232, 40.211957865081772 ], [ -78.121424077877933, 40.212248965420606 ], [ -78.121515749930026, 40.212626514938528 ], [ -78.121674818433846, 40.213038197574804 ], [ -78.121968398163958, 40.213466619609306 ], [ -78.122238358170264, 40.213671847209525 ], [ -78.122463231136635, 40.213825694839592 ], [ -78.122911567457308, 40.213875772713962 ], [ -78.123337124029547, 40.213857223923547 ], [ -78.123808336046181, 40.213993098066673 ], [ -78.124055711732538, 40.214164045424255 ], [ -78.124124620942979, 40.214472966297613 ], [ -78.124059207505113, 40.214799498102764 ], [ -78.12388121135794, 40.215023345291776 ], [ -78.123255055552875, 40.215231467206415 ], [ -78.122808122249893, 40.215439006747985 ], [ -78.122384246942318, 40.215766692501063 ], [ -78.122184498549288, 40.216110830284379 ], [ -78.122096952134683, 40.21648895643488 ], [ -78.122143169236608, 40.216746427345534 ], [ -78.122279282639667, 40.217055135159434 ], [ -78.122617033931633, 40.21736318972188 ], [ -78.12290932071366, 40.217551169084594 ], [ -78.123426025174368, 40.217807121724981 ], [ -78.123964665468677, 40.217977125556352 ], [ -78.124435434802223, 40.218027125402315 ], [ -78.125264212534958, 40.218483953401666 ], [ -78.12586498330819, 40.218997652770057 ], [ -78.127063380067824, 40.219452103746043 ], [ -78.127960592114036, 40.219506467976537 ], [ -78.128111032900222, 40.219677860996732 ], [ -78.127813341414182, 40.219908012123867 ], [ -78.127366796837507, 40.220253240067755 ], [ -78.127071007017193, 40.22082715350308 ], [ -78.126698879163797, 40.221114840714264 ], [ -78.126099027488252, 40.220773026041911 ], [ -78.125051371382611, 40.220547253023135 ], [ -78.123979306603104, 40.220639158995851 ], [ -78.1235091810927, 40.220709377869341 ], [ -78.123039524536765, 40.220865467443652 ], [ -78.122547932293926, 40.221107499496405 ], [ -78.122191143454486, 40.221417793455927 ], [ -78.121924349135028, 40.221796496594266 ], [ -78.121725518139684, 40.222312376210482 ], [ -78.12170555303868, 40.222758983223954 ], [ -78.121708182743205, 40.223239866610221 ], [ -78.121553501978127, 40.22363538119788 ], [ -78.121376599887284, 40.224065317804708 ], [ -78.121356820943475, 40.224546271852667 ], [ -78.121404073363848, 40.224992661501311 ], [ -78.121585201222629, 40.22533557418064 ], [ -78.121788550767519, 40.225644063372798 ], [ -78.122014120825341, 40.225918133462514 ], [ -78.122195442557526, 40.226295391359287 ], [ -78.122242231654923, 40.226655908929807 ], [ -78.122132924040031, 40.227154326642015 ], [ -78.121955829417388, 40.227549916199798 ], [ -78.121845672404405, 40.227893763231783 ], [ -78.12178004673747, 40.228185944056214 ], [ -78.121826458759898, 40.228477764048996 ], [ -78.12191806176665, 40.228838137602345 ], [ -78.122098922058498, 40.229129524821154 ], [ -78.122146277353096, 40.229593088199138 ], [ -78.122014461372089, 40.230074403530601 ], [ -78.121882363090918, 40.230504195838868 ], [ -78.121727760037544, 40.230916884719591 ], [ -78.121573156259132, 40.231329574293987 ], [ -78.121419111869287, 40.231845308518352 ], [ -78.121309415208714, 40.232275027727688 ], [ -78.121267130968022, 40.232738880281474 ], [ -78.121314388557707, 40.233185268246871 ], [ -78.121383962806476, 40.233614411563224 ], [ -78.121498638273366, 40.234094934598581 ], [ -78.121569058722898, 40.234678645550382 ], [ -78.121661139435076, 40.235124891123291 ], [ -78.121865458419862, 40.235605123779443 ], [ -78.122025053459254, 40.236102675215996 ], [ -78.122206874107746, 40.236565805844108 ], [ -78.122388508870685, 40.236994585499197 ], [ -78.122659882192835, 40.237440252625312 ], [ -78.123088509821329, 40.237954108448712 ], [ -78.123336537478536, 40.238228102317557 ], [ -78.123629575835622, 40.238536297877737 ], [ -78.123766025695687, 40.238896526046673 ], [ -78.123700681819813, 40.239240230018446 ], [ -78.12368138830162, 40.239807055487972 ], [ -78.123729140239661, 40.240339315183363 ], [ -78.123798642198096, 40.240751280394925 ], [ -78.123891312415211, 40.241300569084302 ], [ -78.123983986500178, 40.241849857701524 ], [ -78.124053773717122, 40.242313347453397 ], [ -78.12421349737572, 40.242828069887487 ], [ -78.124439512852859, 40.243170830358615 ], [ -78.124687565309671, 40.243444819519624 ], [ -78.125031178519023, 40.243980782848446 ], [ -78.125054224276695, 40.244903474043447 ], [ -78.125264977476675, 40.245698857775039 ], [ -78.1253429146862, 40.246271546918919 ], [ -78.125644848495838, 40.246786217578368 ], [ -78.126096651113969, 40.24735769296398 ], [ -78.12662322930403, 40.247928921628358 ], [ -78.126999637044818, 40.248386048150799 ], [ -78.126929319886088, 40.249188398962993 ], [ -78.126707536158236, 40.249647479952742 ], [ -78.126260792622787, 40.249992698372111 ], [ -78.126038373818773, 40.25033718960718 ], [ -78.125837997653818, 40.250992436183587 ], [ -78.125857085867224, 40.251539535852977 ], [ -78.125922831577483, 40.252425009338452 ], [ -78.126600600745249, 40.253961102804027 ], [ -78.127771631806752, 40.256660956732674 ], [ -78.128326498793285, 40.257964364405318 ], [ -78.129063668000981, 40.259220557798074 ], [ -78.129681516699407, 40.260896672135736 ], [ -78.129994107344146, 40.262387326313025 ], [ -78.130303572559043, 40.263318609995409 ], [ -78.130978675679941, 40.264341916466407 ], [ -78.131166462753214, 40.265273598412463 ], [ -78.130812350040273, 40.267232596920849 ], [ -78.130754636381468, 40.267792164120173 ], [ -78.130999881368993, 40.268117662627567 ], [ -78.131487757477402, 40.268302511572884 ], [ -78.132521748964493, 40.268205865517714 ], [ -78.133372383126613, 40.267969970846437 ], [ -78.134222483781343, 40.26764084127943 ], [ -78.135133953609454, 40.267404733238877 ], [ -78.136959277886419, 40.267352021571618 ], [ -78.137506423392324, 40.267256956542226 ], [ -78.138597767904599, 40.2665540656931 ], [ -78.139504662475346, 40.265525483330947 ], [ -78.139989326505798, 40.265150929255419 ], [ -78.140838553910925, 40.264681908136119 ], [ -78.141385673320485, 40.264586829039963 ], [ -78.142055025377147, 40.264584559879218 ], [ -78.142786850050442, 40.264861763966842 ], [ -78.143396706607874, 40.265092764397039 ], [ -78.144310824176799, 40.265322724870366 ], [ -78.14534529184688, 40.265319190425608 ], [ -78.145953259210032, 40.265223878775259 ], [ -78.14698445146017, 40.264660959350891 ], [ -78.147653257903372, 40.264565431602072 ], [ -78.148261488658946, 40.264516721473086 ], [ -78.14905363770275, 40.264700448298747 ], [ -78.14942121143666, 40.265118714893383 ], [ -78.149242224070193, 40.265725328123217 ], [ -78.14906652468791, 40.266891308438929 ], [ -78.149314323481818, 40.267636291814604 ], [ -78.149500177077286, 40.26819503147302 ], [ -78.150234545957417, 40.268891713854259 ], [ -78.15114956299108, 40.269261460126828 ], [ -78.152184364955289, 40.269304479376956 ], [ -78.152853764903938, 40.269302147869951 ], [ -78.153521223359988, 40.26897351322993 ], [ -78.153821888171009, 40.268366467472582 ], [ -78.15369657580321, 40.267760911351978 ], [ -78.153206426790589, 40.267203242412272 ], [ -78.15302082189713, 40.266691126176703 ], [ -78.153140588001051, 40.266364403683482 ], [ -78.153321201627975, 40.266037468867459 ], [ -78.153684370424145, 40.265709895772552 ], [ -78.154230921154507, 40.265521525816339 ], [ -78.154718565567478, 40.265659662701765 ], [ -78.154783308867479, 40.266312046286409 ], [ -78.155031726644623, 40.267150246626443 ], [ -78.155401855056368, 40.267988016246818 ], [ -78.156079053628105, 40.269290858967651 ], [ -78.156506711740064, 40.269569043245191 ], [ -78.157115818135921, 40.269660130037991 ], [ -78.15796666447882, 40.269470668809113 ], [ -78.158997256868261, 40.268814417028842 ], [ -78.160510712377445, 40.267503834025547 ], [ -78.16323148796107, 40.26460400786911 ], [ -78.164441376206327, 40.263434302130108 ], [ -78.165149406932784, 40.26240030544065 ], [ -78.165822911856168, 40.260492596375563 ], [ -78.16690497920203, 40.258344408097138 ], [ -78.167628517186827, 40.25726965167707 ], [ -78.16805097759584, 40.256708743485873 ], [ -78.168474005976222, 40.256241062124516 ], [ -78.169140686680365, 40.255819111534848 ], [ -78.16980908612571, 40.255676841301977 ], [ -78.170173851653445, 40.25562889919393 ], [ -78.170722875633331, 40.255859978548585 ], [ -78.17115079587623, 40.256184725327877 ], [ -78.171882069338778, 40.256368518292639 ], [ -78.172854395321423, 40.256178505596402 ], [ -78.174433095104789, 40.25565995465314 ], [ -78.178864061196734, 40.253493524868254 ], [ -78.181065317341307, 40.252195258250261 ], [ -78.183024528358715, 40.250762028075066 ], [ -78.183841240292111, 40.250421161116194 ], [ -78.184586422398439, 40.250017301829722 ], [ -78.185404169127594, 40.249269395371108 ], [ -78.186295559828991, 40.248349323699635 ], [ -78.187409399855042, 40.247141930301062 ], [ -78.188748249728263, 40.2460482601902 ], [ -78.189939005878159, 40.245184316230159 ], [ -78.191353657790231, 40.244262212642717 ], [ -78.192769019605038, 40.243454675990151 ], [ -78.194630324002077, 40.242244346203421 ], [ -78.196040718683932, 40.240691959943319 ], [ -78.19745104457256, 40.239139555422632 ], [ -78.198636649983385, 40.237530711089633 ], [ -78.199299641331024, 40.236038475183832 ], [ -78.199517475815966, 40.235063619806546 ], [ -78.200031672883924, 40.233686546639753 ], [ -78.200321587733612, 40.232310346504548 ], [ -78.200982593319935, 40.23053163512872 ], [ -78.201572621870113, 40.229326142078214 ], [ -78.202238145409453, 40.228234944024997 ], [ -78.202605792476177, 40.227316787436735 ], [ -78.202675575818162, 40.226571684189132 ], [ -78.202522647513092, 40.226056630099102 ], [ -78.201997890486041, 40.22582950558288 ], [ -78.201474658058444, 40.225831550942537 ], [ -78.200580341719544, 40.226236106120425 ], [ -78.199837787871019, 40.226983823498877 ], [ -78.199169215958264, 40.227616666475448 ], [ -78.198200492536756, 40.228078788983396 ], [ -78.197602491097015, 40.228081105691764 ], [ -78.197524724497782, 40.227623046086457 ], [ -78.197744444922719, 40.226934660141573 ], [ -78.198110257330086, 40.225730052184495 ], [ -78.198479459138866, 40.225041085757717 ], [ -78.199221247002924, 40.224178782989419 ], [ -78.200929757392743, 40.222567874926305 ], [ -78.201669965988955, 40.221476384933936 ], [ -78.201963606259923, 40.220673108936268 ], [ -78.202104707805816, 40.219412072948522 ], [ -78.201642940887325, 40.217408559991803 ], [ -78.201489280347516, 40.216778918516894 ], [ -78.20073202784647, 40.215292208226892 ], [ -78.200351897794405, 40.214319677181962 ], [ -78.200197116478179, 40.213518153499543 ], [ -78.199895906993049, 40.213175557317129 ], [ -78.199371631783023, 40.213005712526453 ], [ -78.198474076432078, 40.212894609484167 ], [ -78.197652385921003, 40.212955088512793 ], [ -78.196383793337773, 40.21324647041488 ], [ -78.195415260471748, 40.213708563730044 ], [ -78.193551759969608, 40.214460565416317 ], [ -78.192283866429946, 40.214866487949173 ], [ -78.191387405953165, 40.214927210725705 ], [ -78.191534647350281, 40.214582878292106 ], [ -78.192278648214455, 40.214064381155524 ], [ -78.193615651123892, 40.212798769667756 ], [ -78.194435098850875, 40.212394556725982 ], [ -78.195478732351333, 40.211989474347021 ], [ -78.19704397152104, 40.211353187496123 ], [ -78.198086440929941, 40.210776201654006 ], [ -78.198977916185925, 40.209970612517253 ], [ -78.199419484079613, 40.208937589947787 ], [ -78.199564018740475, 40.208192192702931 ], [ -78.199559852267356, 40.20756196508907 ], [ -78.19985724995982, 40.20733162709638 ], [ -78.200380720697595, 40.20738688444078 ], [ -78.200831361697581, 40.207728897726831 ], [ -78.202031576386474, 40.208411748388691 ], [ -78.203604313132018, 40.20892124066205 ], [ -78.204503358382169, 40.209261476413388 ], [ -78.205254871482936, 40.209888761863517 ], [ -78.205782588090457, 40.210574222802343 ], [ -78.206160468753481, 40.211202974762493 ], [ -78.207360796252303, 40.211885770383702 ], [ -78.207962514398673, 40.21245633378409 ], [ -78.208192117287979, 40.213257554899577 ], [ -78.208721437073009, 40.214172172645867 ], [ -78.209997738320325, 40.215026523237036 ], [ -78.210822162969393, 40.215367007899737 ], [ -78.212246041937505, 40.21593426847101 ], [ -78.213743508674469, 40.21632933344349 ], [ -78.214342579898172, 40.216498813526933 ], [ -78.214864957656388, 40.216382124092831 ], [ -78.215905387283826, 40.215518513616537 ], [ -78.216646851893572, 40.214656098788716 ], [ -78.218571804368452, 40.212012747658541 ], [ -78.22020442849734, 40.210344564360689 ], [ -78.222507137180685, 40.208329850483281 ], [ -78.227183658528105, 40.203841628499639 ], [ -78.229112739944938, 40.201885618557149 ], [ -78.231114811851, 40.199700089283439 ], [ -78.232966506882349, 40.197400563936462 ], [ -78.233554462500337, 40.196023026706804 ], [ -78.234435944518523, 40.19389941743524 ], [ -78.236199564763979, 40.189766763796833 ], [ -78.237808636993577, 40.18494718919878 ], [ -78.239341966976909, 40.18001331675184 ], [ -78.24132777400429, 40.17570774595324 ], [ -78.242722050450098, 40.172264088939315 ], [ -78.244409935284693, 40.168131616396757 ], [ -78.246912402248398, 40.16307888613634 ], [ -78.249070618422664, 40.159681171569368 ], [ -78.251909068100602, 40.154205039601727 ], [ -78.255265191652356, 40.147099047879252 ], [ -78.256981294918347, 40.143603968495306 ], [ -78.260644088088767, 40.137135849789829 ], [ -78.261837004229818, 40.134631151379452 ], [ -78.262803099910769, 40.132185568782532 ], [ -78.263840905996673, 40.129216526710756 ], [ -78.265032257676069, 40.126537420246862 ], [ -78.266391982493431, 40.124312107516594 ], [ -78.267017523023668, 40.123267275289628 ], [ -78.267671799055961, 40.122037058698062 ], [ -78.268175243923892, 40.12080751467122 ], [ -78.268649916901694, 40.119763348830972 ], [ -78.26909441297677, 40.118719314391832 ], [ -78.269268156073025, 40.117769122618718 ], [ -78.269529200669496, 40.116401723768156 ], [ -78.269642788783813, 40.115474957305572 ], [ -78.269849320759803, 40.11487196116633 ], [ -78.2701766624605, 40.114291579365222 ], [ -78.270653380005569, 40.113525271177849 ], [ -78.271099045061476, 40.112643319196287 ], [ -78.271427425771677, 40.112201865769464 ], [ -78.272021560583866, 40.111018207931828 ], [ -78.272645299873417, 40.109764941501531 ], [ -78.273120006310393, 40.10874391120668 ], [ -78.273474250505075, 40.107746582148017 ], [ -78.2739790880225, 40.106725410316798 ], [ -78.274304755804692, 40.105936615611618 ], [ -78.274839010156242, 40.104822681487057 ], [ -78.275253520261003, 40.103825072045154 ], [ -78.27566766046499, 40.102781149667329 ], [ -78.27614245475138, 40.101783261593866 ], [ -78.276587258210327, 40.10080866489745 ], [ -78.277032585974808, 40.099903534189146 ], [ -78.277478261744122, 40.099044712360062 ], [ -78.277802957744981, 40.098140125290897 ], [ -78.278126749802908, 40.097119763631014 ], [ -78.278600573927989, 40.096006085648199 ], [ -78.278866015211477, 40.095240708039583 ], [ -78.279222621858295, 40.094567536719971 ], [ -78.279239067134881, 40.094264352146809 ], [ -78.279354897317759, 40.094033889076982 ], [ -78.279547794929414, 40.093464746679693 ], [ -78.279660635362575, 40.09317378516127 ], [ -78.279691854815113, 40.092958966141026 ], [ -78.279576077193738, 40.092871101366619 ], [ -78.279477329877082, 40.092858924504334 ], [ -78.279378874850295, 40.092884631542823 ], [ -78.279199386969736, 40.093062246912673 ], [ -78.279036731493235, 40.093290294711103 ], [ -78.278939253307229, 40.09344227651853 ], [ -78.278792255771819, 40.093569229759055 ], [ -78.278661698617654, 40.093696107500186 ], [ -78.278546410109385, 40.093671378350507 ], [ -78.278545238285929, 40.093519846904023 ], [ -78.278705062451294, 40.092925601151414 ], [ -78.278751845164507, 40.092597059624374 ], [ -78.278750183673935, 40.092382390620294 ], [ -78.278585475168072, 40.092345260688624 ], [ -78.278438380165284, 40.092459584872643 ], [ -78.278227179488042, 40.092788878903036 ], [ -78.277788037342077, 40.093409656111149 ], [ -78.277493242692842, 40.093689752038614 ], [ -78.277467099977869, 40.093695618110146 ], [ -78.277330203366276, 40.093740074253091 ], [ -78.277195748865992, 40.093696856425908 ], [ -78.277099335124646, 40.093652730953849 ], [ -78.277082015458703, 40.093539157674023 ], [ -78.277102976783922, 40.093396245008257 ], [ -78.277281194392671, 40.093048085094509 ], [ -78.277518815780695, 40.092583871152542 ], [ -78.27775464602459, 40.091888099456149 ], [ -78.278082707354372, 40.091423471229305 ], [ -78.278648193497759, 40.090471470558256 ], [ -78.279361172813481, 40.089101974234595 ], [ -78.279656549473046, 40.088313299310364 ], [ -78.280132983024515, 40.087546950882953 ], [ -78.28060832648508, 40.086641666214298 ], [ -78.280994838697055, 40.085945196291036 ], [ -78.281352095237963, 40.08536464155749 ], [ -78.281561139692343, 40.085108958710187 ], [ -78.281739133172678, 40.084737635849386 ], [ -78.281857013901245, 40.084389745867639 ], [ -78.281825606357572, 40.084227794836664 ], [ -78.281703940641862, 40.084089415337047 ], [ -78.281432809688212, 40.084113818993295 ], [ -78.281011486658514, 40.084208381909988 ], [ -78.280620849911941, 40.084372271791672 ], [ -78.280050052712951, 40.084629612287699 ], [ -78.279629982385515, 40.08488625963632 ], [ -78.279390248216302, 40.085072610081191 ], [ -78.278852275293914, 40.085677142022973 ], [ -78.278252924360885, 40.086143014030725 ], [ -78.277564378390295, 40.086771384571762 ], [ -78.27690542949351, 40.087330146194361 ], [ -78.276036685485721, 40.0880519551731 ], [ -78.275316346937799, 40.088472048989708 ], [ -78.274446862442218, 40.089101223893465 ], [ -78.273816592414036, 40.089474585384707 ], [ -78.2733959381886, 40.089661743093885 ], [ -78.272584235946923, 40.089966451094327 ], [ -78.271651578743374, 40.090225385068926 ], [ -78.270899805374484, 40.090483498927519 ], [ -78.270448107584343, 40.090555003124088 ], [ -78.269905781661606, 40.090603757171387 ], [ -78.26957361557065, 40.090535781223188 ], [ -78.269151006422177, 40.0904682115195 ], [ -78.268878611953554, 40.09033049561215 ], [ -78.268696138148258, 40.090122906402826 ], [ -78.268362746009601, 40.08989283721197 ], [ -78.267908764381346, 40.089663308103916 ], [ -78.26763725395179, 40.089641367477952 ], [ -78.267215178167419, 40.089643256468001 ], [ -78.266643409585157, 40.089784754362896 ], [ -78.266042366020358, 40.090042161056012 ], [ -78.26553176373092, 40.090299162111165 ], [ -78.265020807329989, 40.090509847595854 ], [ -78.264480397796319, 40.090813289468883 ], [ -78.26384971168973, 40.091140287091328 ], [ -78.263459688767881, 40.091396741219214 ], [ -78.2626484428379, 40.091770846195168 ], [ -78.262077862254401, 40.0920744101076 ], [ -78.261476781926604, 40.092331794563421 ], [ -78.260935995534751, 40.092588909062812 ], [ -78.260244801478322, 40.092892996468471 ], [ -78.259793246555631, 40.092987615567012 ], [ -78.258949396214945, 40.093037648116017 ], [ -78.258226832507063, 40.093179766767108 ], [ -78.257685340058032, 40.09334424282028 ], [ -78.257054251265785, 40.093624891382021 ], [ -78.256332708772192, 40.0939059325963 ], [ -78.255370985136892, 40.094326959548795 ], [ -78.254559999529903, 40.094747319464595 ], [ -78.253958695821197, 40.094981509905054 ], [ -78.252725413202256, 40.095380540706316 ], [ -78.251582740354095, 40.095802323890943 ], [ -78.250861321280055, 40.096106486735529 ], [ -78.24998998742636, 40.096527076541705 ], [ -78.249028008169248, 40.096924891143132 ], [ -78.247945059334839, 40.097276911448738 ], [ -78.246591569047865, 40.097745868113336 ], [ -78.245087126060483, 40.098192298210932 ], [ -78.244335316194167, 40.098473396861756 ], [ -78.243522525028084, 40.098662123221658 ], [ -78.242860327648131, 40.098827045874152 ], [ -78.241867776192464, 40.099178623929099 ], [ -78.240694958608927, 40.09962358498322 ], [ -78.239612256606861, 40.100021838675353 ], [ -78.238019572366781, 40.100792742234482 ], [ -78.23699813490046, 40.10132965212204 ], [ -78.236156783658387, 40.101750012438707 ], [ -78.234684638642634, 40.102520362016222 ], [ -78.234174799427478, 40.102916160354766 ], [ -78.233604643594177, 40.103312206092177 ], [ -78.233005307872375, 40.103847312125396 ], [ -78.232615742473953, 40.104196287765674 ], [ -78.231714670839764, 40.104709491336813 ], [ -78.230962897354544, 40.105013657270668 ], [ -78.229610597613402, 40.105690818037253 ], [ -78.22894976191688, 40.106064062767302 ], [ -78.227928983181016, 40.106716672019658 ], [ -78.226997686083934, 40.107229961707709 ], [ -78.225858503238001, 40.10820722986773 ], [ -78.224809598076618, 40.109160960258571 ], [ -78.224000807074546, 40.109951599128571 ], [ -78.223311987352872, 40.11064911611053 ], [ -78.222652188930496, 40.111184415738848 ], [ -78.222022379338128, 40.111696432618217 ], [ -78.221422720633342, 40.112208320828643 ], [ -78.220522415139271, 40.112860372114923 ], [ -78.219711777055608, 40.113396267827582 ], [ -78.218930967575957, 40.113885725165098 ], [ -78.217999663183377, 40.114422099661475 ], [ -78.21697722897143, 40.114866209002471 ], [ -78.216195747946514, 40.115263023361415 ], [ -78.21535472799404, 40.11577585659267 ], [ -78.214242877810875, 40.116382395524894 ], [ -78.213310556114749, 40.116779797580413 ], [ -78.21213740586019, 40.117247625189918 ], [ -78.210512440098057, 40.117809868375872 ], [ -78.209398795872389, 40.11816164883134 ], [ -78.208435174194705, 40.118397041591557 ], [ -78.207561563366369, 40.118562599888335 ], [ -78.206657478180816, 40.11868196016227 ], [ -78.206054237911744, 40.118684343169853 ], [ -78.205330347424265, 40.118687199651404 ], [ -78.204607075491197, 40.118782674112659 ], [ -78.203823476822251, 40.118878380605011 ], [ -78.202919687140678, 40.119044022992213 ], [ -78.202196867957937, 40.119208951137757 ], [ -78.20156468330039, 40.119396673906067 ], [ -78.200570547858717, 40.1195858075274 ], [ -78.199425898230658, 40.119821831379035 ], [ -78.198613031051508, 40.120056554926492 ], [ -78.197468669171727, 40.120338870900298 ], [ -78.196174089012189, 40.120714379963133 ], [ -78.194819321624237, 40.121113264324578 ], [ -78.193525163988554, 40.12155821234149 ], [ -78.192230989215801, 40.122003144782582 ], [ -78.191056854363936, 40.122354980246399 ], [ -78.190093854617999, 40.12270599888749 ], [ -78.189431441457401, 40.122893772243387 ], [ -78.188677937476456, 40.122989261539857 ], [ -78.188135282575743, 40.123037634750418 ], [ -78.187320554919623, 40.12299440978893 ], [ -78.186656056554241, 40.12285798626047 ], [ -78.18599067197718, 40.122582625270375 ], [ -78.185476703514368, 40.122399313705927 ], [ -78.184689199095658, 40.121892841668412 ], [ -78.184082833074584, 40.121408838623147 ], [ -78.18356711337259, 40.120947649471688 ], [ -78.182989723759988, 40.120520941986676 ], [ -78.182444471120803, 40.119909823585438 ], [ -78.181797730871565, 40.1191266152331 ], [ -78.18113723179691, 40.118293769012801 ], [ -78.180802525315798, 40.117831889892692 ], [ -78.18040574895609, 40.117092366842037 ], [ -78.180070617534639, 40.116561019257283 ], [ -78.179734905919588, 40.115937048013514 ], [ -78.179364813918909, 40.114641669311261 ], [ -78.178965596649405, 40.113508490702138 ], [ -78.178870024221766, 40.112698373092513 ], [ -78.178743275037817, 40.111726276755043 ], [ -78.178827786732072, 40.11077655278882 ], [ -78.179031765064664, 40.109641131167926 ], [ -78.179267641557246, 40.108783469479128 ], [ -78.179532358785778, 40.107717291579633 ], [ -78.17988535161065, 40.106303438071066 ], [ -78.180239058686126, 40.105005363454623 ], [ -78.180475928551829, 40.104309787518766 ], [ -78.180503309312058, 40.103869714539897 ], [ -78.18053083633049, 40.103452796094949 ], [ -78.180497175162103, 40.102897167554765 ], [ -78.180523826818998, 40.102341314758789 ], [ -78.18052061420255, 40.101831885424943 ], [ -78.180456655204111, 40.10125321408055 ], [ -78.180303692988915, 40.100906438220406 ], [ -78.180119849344237, 40.10044399481157 ], [ -78.179967183544989, 40.100143530268255 ], [ -78.179663895041315, 40.099866781958092 ], [ -78.179331037757805, 40.09968276953088 ], [ -78.178938165871344, 40.099545291342004 ], [ -78.178499856484109, 40.100241314540071 ], [ -78.178172564306848, 40.100728751808283 ], [ -78.177873194911811, 40.101279504736361 ], [ -78.17762914153154, 40.101872332172427 ], [ -78.177356231140067, 40.102253865383595 ], [ -78.177111511235893, 40.102740993744163 ], [ -78.176784990078119, 40.103355264164655 ], [ -78.17645806662938, 40.103906114686573 ], [ -78.175994015069762, 40.104542031193091 ], [ -78.175558144596891, 40.105283542032595 ], [ -78.175088707068582, 40.106043321468782 ], [ -78.174548479327157, 40.106462123353182 ], [ -78.173978952903326, 40.107019969809585 ], [ -78.173469730494347, 40.107577591110875 ], [ -78.173080269059739, 40.107995833261093 ], [ -78.172540874044245, 40.108553561061875 ], [ -78.172091086457044, 40.108972022595133 ], [ -78.171490643746523, 40.109414185311536 ], [ -78.170919923862527, 40.10978676847806 ], [ -78.170378645143913, 40.110043461630156 ], [ -78.169806774918314, 40.110230793816477 ], [ -78.16932537613846, 40.110417794294065 ], [ -78.168632296062285, 40.110512932718791 ], [ -78.168119883794347, 40.110561103915657 ], [ -78.167637487282221, 40.110586005476321 ], [ -78.167124648862014, 40.110564704031482 ], [ -78.166491035481314, 40.110520676791822 ], [ -78.165615307222296, 40.110338582702504 ], [ -78.164679266721322, 40.110156697800697 ], [ -78.163803407235832, 40.109951432540115 ], [ -78.163018028033434, 40.10974583761508 ], [ -78.161809880152873, 40.109449119562399 ], [ -78.160994216098089, 40.109220462876273 ], [ -78.159725212840016, 40.108831315729084 ], [ -78.15893972000346, 40.108602537264431 ], [ -78.158063343897808, 40.108304604276022 ], [ -78.156583271226538, 40.107916169425607 ], [ -78.155284573422691, 40.107596546437215 ], [ -78.154106654362579, 40.107299641788117 ], [ -78.153412079441296, 40.107139977531283 ], [ -78.152657604723458, 40.107049985003783 ], [ -78.152114367242476, 40.106982409429904 ], [ -78.151601285566514, 40.106914726336221 ], [ -78.151058323194633, 40.106893458472889 ], [ -78.150606237731424, 40.106941341352119 ], [ -78.150214331971455, 40.106965856935084 ], [ -78.149974025672989, 40.1071287842678 ], [ -78.149854886690193, 40.107383916950489 ], [ -78.149796608094078, 40.107731464297068 ], [ -78.149889927406008, 40.108217424842934 ], [ -78.15004315774982, 40.108633708961335 ], [ -78.150076574768889, 40.109189345740816 ], [ -78.149988543509011, 40.109606465084411 ], [ -78.149659242333883, 40.110024420029525 ], [ -78.149511026052437, 40.110464903336705 ], [ -78.149573511876611, 40.110835189404689 ], [ -78.149787336334413, 40.11129757606566 ], [ -78.150061209917723, 40.111713441432833 ], [ -78.150183477467479, 40.111990893492198 ], [ -78.150276127916229, 40.112361073739073 ], [ -78.150218524657078, 40.112824400605369 ], [ -78.150281424060168, 40.113264152778001 ], [ -78.150345004336046, 40.11381968503445 ], [ -78.150618621309732, 40.114189236355578 ], [ -78.150800534548125, 40.11435070011121 ], [ -78.151073474874821, 40.114604471141874 ], [ -78.151950174554628, 40.114948768022821 ], [ -78.153068853316768, 40.115407994111699 ], [ -78.153613256492534, 40.115660811709915 ], [ -78.153795865742779, 40.115938048102123 ], [ -78.15376775902233, 40.116285493028919 ], [ -78.153407331904432, 40.116541472491242 ], [ -78.152956687176939, 40.116844077715974 ], [ -78.152506041913043, 40.11714668206087 ], [ -78.152145876772892, 40.117448970318868 ], [ -78.152027548732164, 40.117843040126864 ], [ -78.15202891353762, 40.118074597676163 ], [ -78.152181361796806, 40.118351942638206 ], [ -78.152635159182694, 40.11858192380636 ], [ -78.153119672083434, 40.11890442157128 ], [ -78.153332724066104, 40.119227865281836 ], [ -78.153515752727799, 40.119574572235749 ], [ -78.153548655619872, 40.120037583697012 ], [ -78.153339841882698, 40.120431970348761 ], [ -78.15289026784879, 40.120919821968876 ], [ -78.152348967579101, 40.121199586077616 ], [ -78.151656435868773, 40.121410402418391 ], [ -78.150481418758048, 40.121646048053336 ], [ -78.148944699623783, 40.12192924308075 ], [ -78.147197225573706, 40.12228261500929 ], [ -78.145962522033415, 40.122634200911676 ], [ -78.144878089456554, 40.122892633950549 ], [ -78.143853711545674, 40.123104539913484 ], [ -78.143371349898928, 40.123152497033502 ], [ -78.142255671402012, 40.123225762084132 ], [ -78.140958868536757, 40.123276472708291 ], [ -78.14014443160967, 40.123279228052617 ], [ -78.13936042164768, 40.123328186898377 ], [ -78.138425064283865, 40.12328502569131 ], [ -78.137066352920414, 40.123058027055833 ], [ -78.136312244788627, 40.123060552831198 ], [ -78.135437611585957, 40.123086632749114 ], [ -78.134713930343239, 40.1231353592079 ], [ -78.134261464900064, 40.12313686719942 ], [ -78.133869850508958, 40.123230793161227 ], [ -78.133418296254277, 40.123394389097299 ], [ -78.132726203350757, 40.123697717961917 ], [ -78.132335621682259, 40.123976887279056 ], [ -78.131944515891121, 40.12416343140017 ], [ -78.131553540071295, 40.124373132397309 ], [ -78.131161785036639, 40.124443893550009 ], [ -78.130648981961713, 40.124445584457348 ], [ -78.129652765880692, 40.124309928914883 ], [ -78.128928421668846, 40.124242841074626 ], [ -78.128083165869114, 40.12412982892711 ], [ -78.127147546886761, 40.124040266889928 ], [ -78.126513702328793, 40.123972865562862 ], [ -78.125880499400949, 40.124021242826117 ], [ -78.125367954742131, 40.124069223734665 ], [ -78.125127525896374, 40.124232098853078 ], [ -78.124947938176305, 40.12448739979606 ], [ -78.124919426079074, 40.124788524003471 ], [ -78.124890407259471, 40.124997026106051 ], [ -78.124578305467608, 40.125935141249506 ], [ -78.124357960370503, 40.126554155464191 ], [ -78.124181889389789, 40.127087150976244 ], [ -78.123827385206326, 40.127723773301717 ], [ -78.123429065351687, 40.128532286703667 ], [ -78.123030642287844, 40.129323623020696 ], [ -78.122810085862753, 40.129908284697841 ], [ -78.122566210866538, 40.130321272162021 ], [ -78.122010764918855, 40.131044412492322 ], [ -78.121610066068172, 40.131423552531103 ], [ -78.121075948330144, 40.131957694523955 ], [ -78.120496323445167, 40.132354579923373 ], [ -78.119983447524135, 40.132682549269077 ], [ -78.119537509765365, 40.132975952223298 ], [ -78.119180886456704, 40.133234717561926 ], [ -78.118712285610187, 40.133476663906045 ], [ -78.118265966210814, 40.133701362562753 ], [ -78.117864117985434, 40.133874394174441 ], [ -78.117328563706309, 40.134150898851956 ], [ -78.116837389423949, 40.134358560377912 ], [ -78.116345751322896, 40.13448034650547 ], [ -78.115920688452661, 40.134498869194687 ], [ -78.115629147059622, 40.13437956829307 ], [ -78.115516160439967, 40.134173826759884 ], [ -78.115358143696184, 40.133916703138652 ], [ -78.11517664796132, 40.133453553384406 ], [ -78.114793128163157, 40.132870816424756 ], [ -78.114319376771434, 40.132150965567654 ], [ -78.11389148748232, 40.131637066165986 ], [ -78.113621421703755, 40.131345943512592 ], [ -78.113330173855118, 40.131278159461104 ], [ -78.113084225905737, 40.131313283867087 ], [ -78.112905677813046, 40.131399719933533 ], [ -78.112683564901829, 40.131709567389102 ], [ -78.112350028103506, 40.132105638416391 ], [ -78.112061603167461, 40.132570268412827 ], [ -78.111706046725658, 40.133035106643476 ], [ -78.111239968150912, 40.133757914202604 ], [ -78.110661997946167, 40.134481069837605 ], [ -78.110283318732144, 40.134808576181491 ], [ -78.109815218747713, 40.1351535350475 ], [ -78.109214571769456, 40.135825229041721 ], [ -78.108503022796967, 40.136686187423592 ], [ -78.108125493045804, 40.137236958732572 ], [ -78.107725940917945, 40.137856495258085 ], [ -78.107415712752299, 40.138441404631024 ], [ -78.107127858196762, 40.139026243531561 ], [ -78.106796589577797, 40.139868839129768 ], [ -78.10655392962984, 40.140539411699038 ], [ -78.106199192156396, 40.14117597874899 ], [ -78.105799867724784, 40.14184703140063 ], [ -78.105467316892586, 40.142449178922575 ], [ -78.105090268905855, 40.143102985854433 ], [ -78.104646342166035, 40.143808522723234 ], [ -78.104180295257649, 40.144565649722345 ], [ -78.103758907830354, 40.145305462926849 ], [ -78.103270459179654, 40.146062655247576 ], [ -78.102915662607842, 40.146699211353017 ], [ -78.102582351021397, 40.147163953538275 ], [ -78.102361206977037, 40.147679874931185 ], [ -78.102228962457303, 40.148075301684671 ], [ -78.102119807325963, 40.14860805760933 ], [ -78.102166521745175, 40.148985762692234 ], [ -78.102168563608714, 40.149380779078555 ], [ -78.102259953332862, 40.149741172819368 ], [ -78.102397351427754, 40.150341875317842 ], [ -78.102556243730888, 40.150770762107321 ], [ -78.102603584650026, 40.15126869017994 ], [ -78.102606073663182, 40.151749579108838 ], [ -78.102541946492977, 40.152333721685814 ], [ -78.102321318810581, 40.152952690500143 ], [ -78.102122358565055, 40.15343419493481 ], [ -78.101879072284703, 40.154001708797537 ], [ -78.101590928844715, 40.154552181717726 ], [ -78.101235984609886, 40.155171558879928 ], [ -78.100903238904394, 40.155756516799656 ], [ -78.100636844474153, 40.156186697559299 ], [ -78.100303295519552, 40.156617082649028 ], [ -78.099902853990187, 40.157099193384184 ], [ -78.09945675761152, 40.157409693029706 ], [ -78.099099755680342, 40.157634046134959 ], [ -78.098720101381844, 40.157806942418276 ], [ -78.098384951364054, 40.157928177874055 ], [ -78.098071571001142, 40.157929123086362 ], [ -78.09773545418048, 40.157861436664369 ], [ -78.097376691451359, 40.157742292376255 ], [ -78.097040140004268, 40.157588731353677 ], [ -78.096725887138874, 40.157417926864078 ], [ -78.096344481766906, 40.157247322325127 ], [ -78.095873542883339, 40.157076985403393 ], [ -78.095425252353721, 40.156958103804378 ], [ -78.095044464309694, 40.156907718121474 ], [ -78.094642070678191, 40.157011969518926 ], [ -78.094307092251981, 40.157167542736559 ], [ -78.093949899608404, 40.157357530882926 ], [ -78.093548197623775, 40.157599175606315 ], [ -78.093235942007581, 40.157823377293845 ], [ -78.092880125164712, 40.158288157382209 ], [ -78.092502093037666, 40.158787351098347 ], [ -78.092034774100156, 40.159338331378436 ], [ -78.09154489028866, 40.159855027497215 ], [ -78.091233735341248, 40.160302494426375 ], [ -78.09072239973672, 40.161008174514016 ], [ -78.09009938089153, 40.161765704955265 ], [ -78.08967653615835, 40.162265020188244 ], [ -78.089253857554013, 40.162798683624899 ], [ -78.088920288956885, 40.163246209538258 ], [ -78.088586632224377, 40.163676559601917 ], [ -78.088231435089241, 40.164278720763306 ], [ -78.088032599159874, 40.164811723702933 ], [ -78.087945097939027, 40.165224175460978 ], [ -78.087947313117027, 40.165670716126151 ], [ -78.087926970868196, 40.166082971113099 ], [ -78.087816739304273, 40.16642679093701 ], [ -78.087683863251257, 40.1667191518411 ], [ -78.087460926311252, 40.166908726475988 ], [ -78.086992831479989, 40.167322290813971 ], [ -78.086547119480514, 40.167735786730077 ], [ -78.085989884037119, 40.168235480203037 ], [ -78.085633204854773, 40.168545663907345 ], [ -78.085255483576645, 40.169130706465488 ], [ -78.085078829784564, 40.169629289227821 ], [ -78.084902173370892, 40.170127872627234 ], [ -78.084590845072071, 40.170558145839273 ], [ -78.08434549940354, 40.170747779639953 ], [ -78.084033490295312, 40.171040654023571 ], [ -78.083655321812088, 40.171539818690974 ], [ -78.083276981846254, 40.172004631430106 ], [ -78.082854443670726, 40.172589793346297 ], [ -78.082342675460268, 40.173243910656616 ], [ -78.081942762688854, 40.173880529118243 ], [ -78.081498566043422, 40.174620322104914 ], [ -78.081032135535906, 40.175394527704988 ], [ -78.080677228842333, 40.176082536506804 ], [ -78.080233335843232, 40.176891023317708 ], [ -78.07994475495579, 40.177407092277747 ], [ -78.079545211032681, 40.17812957512691 ], [ -78.078990166381601, 40.179110122774375 ], [ -78.078457743952256, 40.180142125737973 ], [ -78.077969262581689, 40.181002254803154 ], [ -78.07759231785603, 40.181776189885419 ], [ -78.077259240243407, 40.182361077654114 ], [ -78.076837247747989, 40.183083613138116 ], [ -78.076414586091829, 40.183668751452565 ], [ -78.075992001086021, 40.184271062217036 ], [ -78.075658158205854, 40.184701373923758 ], [ -78.075302000479908, 40.185148922071107 ], [ -78.074946331120515, 40.185699516749111 ], [ -78.074501570409495, 40.186353409191099 ], [ -78.07405729396956, 40.187110346657526 ], [ -78.07376862169447, 40.187626399291197 ], [ -78.073457878365588, 40.188211212080915 ], [ -78.073258286295683, 40.188623966289512 ], [ -78.073014310779996, 40.189122717018385 ], [ -78.072903885318965, 40.189449346017689 ], [ -78.072859910575218, 40.1896212164717 ], [ -78.072905433886277, 40.189775663002173 ], [ -78.073085245493246, 40.189912557771805 ], [ -78.073376296109672, 40.189894568399914 ], [ -78.073577363181158, 40.189790956032205 ], [ -78.073912468891479, 40.189618268569873 ], [ -78.074403598306503, 40.189290569765632 ], [ -78.075006205781335, 40.188859506331106 ], [ -78.075385519027577, 40.188566467096621 ], [ -78.075742513942288, 40.18829066410548 ], [ -78.076167267580942, 40.188134891844385 ], [ -78.076436493816914, 40.188237178986832 ], [ -78.076616555178489, 40.188425592907564 ], [ -78.076640186497414, 40.188683148340182 ], [ -78.076574733270633, 40.189044002457202 ], [ -78.076375734993121, 40.189576982875757 ], [ -78.076086906532367, 40.190058692499505 ], [ -78.075776006549077, 40.190609163633042 ], [ -78.075487415161746, 40.19114239378171 ], [ -78.075221298438706, 40.191692736534286 ], [ -78.074910631518762, 40.192294727367745 ], [ -78.074644584484801, 40.192862241908138 ], [ -78.074579772877939, 40.193360492416325 ], [ -78.074581983757312, 40.193824204207331 ], [ -78.074538585476461, 40.194116297009082 ], [ -78.074204275859145, 40.194460731850825 ], [ -78.07375790056372, 40.194788303661035 ], [ -78.073355987667625, 40.195047051645737 ], [ -78.072708112951261, 40.195392358590077 ], [ -78.071993286748651, 40.19578937308512 ], [ -78.071233658242107, 40.196186508329539 ], [ -78.070474747895531, 40.196738208263149 ], [ -78.069961631975218, 40.197168999398698 ], [ -78.069560173956205, 40.197530781737967 ], [ -78.06877883827778, 40.19808253359713 ], [ -78.067908218421991, 40.198703223138608 ], [ -78.067149014025659, 40.199203378052793 ], [ -78.066323162027658, 40.199823932811888 ], [ -78.065743278941667, 40.200357936759261 ], [ -78.065364496966026, 40.200788340733212 ], [ -78.065075225675656, 40.201201323879836 ], [ -78.064563629234556, 40.201975581152389 ], [ -78.064208023380303, 40.202577663836294 ], [ -78.063941689075662, 40.203110804666963 ], [ -78.063698465105702, 40.203798454472995 ], [ -78.063455394298899, 40.204520452723784 ], [ -78.063211684995224, 40.205105053773259 ], [ -78.062901009697171, 40.205741361120594 ], [ -78.062746497339845, 40.206239845351504 ], [ -78.062592221014597, 40.20678985325825 ], [ -78.062281452683123, 40.207408984024539 ], [ -78.061948433941609, 40.208062521896139 ], [ -78.06139313037643, 40.209094503389721 ], [ -78.061150408629373, 40.209902367884538 ], [ -78.060706927749294, 40.210899695745773 ], [ -78.060262886420333, 40.211776797398549 ], [ -78.05988564934438, 40.212567845174092 ], [ -78.059508168569877, 40.213307369627366 ], [ -78.05928687560646, 40.213909077066873 ], [ -78.059110619283103, 40.214562186637174 ], [ -78.059000789928518, 40.215043370522991 ], [ -78.058869569062111, 40.215747883218519 ], [ -78.058782918577322, 40.216400752459442 ], [ -78.058628899001647, 40.217019453097002 ], [ -78.058452160081799, 40.217569513900536 ], [ -78.058231234121095, 40.218257090430868 ], [ -78.057964561175311, 40.218738692742178 ], [ -78.057652918767644, 40.219186064457972 ], [ -78.057341583485766, 40.219702133270452 ], [ -78.056984967710861, 40.220115273954583 ], [ -78.05676277908951, 40.220528055907373 ], [ -78.056742310142226, 40.220957477384061 ], [ -78.056699902118467, 40.22149000373696 ], [ -78.056702303368894, 40.222022412381619 ], [ -78.05672850663052, 40.222863900244853 ], [ -78.056642059946711, 40.223568290988752 ], [ -78.056644927280601, 40.224203744786713 ], [ -78.056558709402253, 40.224959658504744 ], [ -78.056604684405841, 40.225217155917115 ], [ -78.056853017439778, 40.225628688978176 ], [ -78.057056928782046, 40.226126211351144 ], [ -78.057283869226609, 40.226761069408155 ], [ -78.057442894440086, 40.227241536796072 ], [ -78.057467787425352, 40.227791058731363 ], [ -78.057447943631686, 40.228357875418411 ], [ -78.057360875907804, 40.228924869079847 ], [ -78.057430507968661, 40.229457097227083 ], [ -78.057522237841823, 40.229920569267428 ], [ -78.057657619626013, 40.230126303567666 ], [ -78.057904498369197, 40.230211519534876 ], [ -78.058375228133855, 40.230244613139575 ], [ -78.059226897360261, 40.230276684788628 ], [ -78.05992171148192, 40.230309172900299 ], [ -78.060885188015234, 40.230289409885899 ], [ -78.061512540505888, 40.230270543414377 ], [ -78.061960073411882, 40.230131939875221 ], [ -78.062496844808749, 40.229907219069183 ], [ -78.062966624617303, 40.229734199919591 ], [ -78.063503466814709, 40.229526649322231 ], [ -78.063839270906598, 40.229457039052065 ], [ -78.064130574200689, 40.229456246367086 ], [ -78.06437801583111, 40.229661669285491 ] ] ] } },
{ "type": "Feature", "properties": { "OBJECTID": 17, "Coal_Field": "Georges Creek Bituminous", "Coal_Type": "Low-Volatile Bituminous", "Status": "Final", "Feature_Source": "Map 1", "Comp_Scale": 250000, "Shape_Length": 211516.08435603298, "Shape_Area": 960515911.56295061 }, "geometry": { "type": "MultiPolygon", "coordinates": [ [ [ [ -78.779034300179845, 39.834143893515048 ], [ -78.78008351640058, 39.834429957298333 ], [ -78.781162745387036, 39.834393507207487 ], [ -78.782865637249174, 39.834136659382068 ], [ -78.78398573188592, 39.833941142365219 ], [ -78.784342834035201, 39.833957061049539 ], [ -78.784569118676075, 39.833920064263232 ], [ -78.785433326928285, 39.833482693300056 ], [ -78.786568860211858, 39.832559527363152 ], [ -78.787879704705105, 39.831715340107465 ], [ -78.78888073603332, 39.831115598029378 ], [ -78.790752367859554, 39.830508029825552 ], [ -78.792381412298951, 39.8299831765855 ], [ -78.793974794107868, 39.829404912873855 ], [ -78.794563141368428, 39.829157930472228 ], [ -78.794970851515259, 39.828482921021269 ], [ -78.795583827909866, 39.8275643795997 ], [ -78.796507339180593, 39.826455055808211 ], [ -78.79788269158837, 39.825287934097794 ], [ -78.798952366385706, 39.824633776652121 ], [ -78.79992083046767, 39.824195351939785 ], [ -78.801202262127006, 39.823727229450483 ], [ -78.801961771546786, 39.823290684765645 ], [ -78.802303424359692, 39.822857928652624 ], [ -78.802569690200642, 39.822049909732897 ], [ -78.802899848978996, 39.820865362811901 ], [ -78.803025799489916, 39.819991482708367 ], [ -78.803261738774921, 39.819479124570741 ], [ -78.803843814226127, 39.81882935188473 ], [ -78.804356649699145, 39.818207061886355 ], [ -78.804624516967905, 39.817506435626143 ], [ -78.804962015885039, 39.81680517548795 ], [ -78.805581746361398, 39.816343026360556 ], [ -78.806168706936432, 39.816015437267566 ], [ -78.80675278068567, 39.815499899492259 ], [ -78.807299148122453, 39.81479672734077 ], [ -78.808090249209371, 39.814158453345321 ], [ -78.808743924954186, 39.813642269295812 ], [ -78.809434058700305, 39.813233160733525 ], [ -78.810122119044038, 39.812689803148416 ], [ -78.810598798824486, 39.811987253674587 ], [ -78.81100294910496, 39.81109739207092 ], [ -78.811614735929439, 39.810125067534599 ], [ -78.812433730435401, 39.809043426923395 ], [ -78.813052514421074, 39.808527537824027 ], [ -78.813324811329835, 39.808122239381547 ], [ -78.813563536606921, 39.80779780867006 ], [ -78.814629476421302, 39.806928712750356 ], [ -78.816208649663849, 39.805477537898163 ], [ -78.817170504479009, 39.804636229844689 ], [ -78.817654123491749, 39.804390096587383 ], [ -78.818241757978114, 39.804116147049477 ], [ -78.818756021365303, 39.803601191639416 ], [ -78.81899512010915, 39.803303598633043 ], [ -78.819513533773716, 39.80305713517857 ], [ -78.819995469152047, 39.802703593691092 ], [ -78.820922843356186, 39.801889425710947 ], [ -78.822056970403494, 39.800939071864939 ], [ -78.822984714989389, 39.800151737922782 ], [ -78.823463269495775, 39.799583384566382 ], [ -78.823942441600309, 39.799055303453308 ], [ -78.824735510040142, 39.798564591783943 ], [ -78.825806612489345, 39.798044439849626 ], [ -78.827258485140575, 39.797386472597587 ], [ -78.828569843668134, 39.796649235091564 ], [ -78.829362430608882, 39.796131642430019 ], [ -78.829909677175806, 39.795508915351888 ], [ -78.830315587271571, 39.794753237585283 ], [ -78.830793201465909, 39.794131155235853 ], [ -78.832394339469559, 39.791900806387751 ], [ -78.833276505919486, 39.79044247855844 ], [ -78.834162852723452, 39.789252640209895 ], [ -78.834741009502423, 39.788387919885217 ], [ -78.835044526898585, 39.787767449527642 ], [ -78.835144715697595, 39.787497977232725 ], [ -78.83541975614574, 39.787280574819633 ], [ -78.836112848741749, 39.787086108481979 ], [ -78.837047015217195, 39.786728255984983 ], [ -78.838782466068011, 39.786416581124854 ], [ -78.840098791379617, 39.786014834643751 ], [ -78.841378392662577, 39.785492579102815 ], [ -78.842378286152183, 39.784892384807989 ], [ -78.843644237557754, 39.78351091980992 ], [ -78.844874911555735, 39.782102923424048 ], [ -78.846241747386529, 39.780505650401437 ], [ -78.84761321430328, 39.779203706020567 ], [ -78.849891721661848, 39.778040836050856 ], [ -78.851861047684508, 39.777135970442579 ], [ -78.853379682398838, 39.776342775517428 ], [ -78.854515518523471, 39.77555320742983 ], [ -78.855911739839058, 39.774640598912988 ], [ -78.856553968910774, 39.77429840417043 ], [ -78.857995315245091, 39.773447048158751 ], [ -78.858740983770076, 39.772992377779737 ], [ -78.85903006960703, 39.772784477315341 ], [ -78.859782181259419, 39.771944821542299 ], [ -78.861082774270443, 39.770589689336667 ], [ -78.862313298402754, 39.769208359717496 ], [ -78.863274088487472, 39.768366679163229 ], [ -78.863990444131915, 39.767473632958279 ], [ -78.864804222229324, 39.766149987879643 ], [ -78.865473606226544, 39.764505484501868 ], [ -78.865803298965062, 39.763374463968518 ], [ -78.865967707224712, 39.76278210395833 ], [ -78.866343019521054, 39.762321980144144 ], [ -78.867791582227852, 39.761529272306113 ], [ -78.86927511913882, 39.760749633499607 ], [ -78.870721439200679, 39.759822641234052 ], [ -78.872165538728837, 39.758761385356969 ], [ -78.874533554214224, 39.756751280096417 ], [ -78.875943400645113, 39.755730589636606 ], [ -78.876971660602038, 39.754780725803585 ], [ -78.877655544302655, 39.754049030721333 ], [ -78.878549437334385, 39.753395847258005 ], [ -78.879755497437358, 39.752685909773547 ], [ -78.881615399354175, 39.751539923357996 ], [ -78.88233662718757, 39.750968957706654 ], [ -78.882776492521302, 39.750212761269694 ], [ -78.883215916677315, 39.749429719215641 ], [ -78.883897049043483, 39.748536899132169 ], [ -78.88399897482104, 39.748388207836534 ], [ -78.884754936894183, 39.747816892909597 ], [ -78.885858701838885, 39.747242165147888 ], [ -78.886789425961709, 39.746722830170889 ], [ -78.888234342561049, 39.745741934206265 ], [ -78.889232378459511, 39.74508765287132 ], [ -78.889849140199374, 39.744517670620787 ], [ -78.89035889476331, 39.743787618384012 ], [ -78.891009085804399, 39.743136740585193 ], [ -78.891865725484891, 39.742349561145645 ], [ -78.893277694367555, 39.741489768481649 ], [ -78.894689854022971, 39.740643382506946 ], [ -78.896337861222705, 39.739338141453189 ], [ -78.89874109302626, 39.737434623915767 ], [ -78.900113193267458, 39.736279755695897 ], [ -78.901417261453091, 39.735219533569548 ], [ -78.902268774752301, 39.734518441304559 ], [ -78.902884929411897, 39.733988424306673 ], [ -78.903233962610827, 39.733502420981345 ], [ -78.90367225638839, 39.733015529633676 ], [ -78.904497566939725, 39.732180117864992 ], [ -78.905523973173118, 39.731204388784626 ], [ -78.907136332273566, 39.729872496991256 ], [ -78.90813126552807, 39.729056965088439 ], [ -78.908677737431333, 39.728460732063098 ], [ -78.909115834817896, 39.727623900482797 ], [ -78.909418435298193, 39.727003246306111 ], [ -78.910030821815155, 39.726191521857174 ], [ -78.910821998725439, 39.72567339230438 ], [ -78.912168362288028, 39.725082560782958 ], [ -78.91330450518069, 39.724399836877559 ], [ -78.914367021229793, 39.723476159259377 ], [ -78.914674075012215, 39.723123982518004 ], [ -78.91498216521174, 39.722841122719608 ], [ -78.914050314193616, 39.722845992602679 ], [ -78.910704198442801, 39.722874819973271 ], [ -78.907367676933461, 39.722903468179048 ], [ -78.903444604671932, 39.722937030584397 ], [ -78.90196307422039, 39.722939300468603 ], [ -78.901804502131554, 39.722939084048271 ], [ -78.899439192890682, 39.722935822012843 ], [ -78.892040508442676, 39.722925307163059 ], [ -78.88418742986282, 39.722913631364491 ], [ -78.871419489894322, 39.722893514953554 ], [ -78.846890806610546, 39.722932478211462 ], [ -78.846851586203442, 39.722932761270378 ], [ -78.842963821280904, 39.722960677149906 ], [ -78.840787704517609, 39.722976247248717 ], [ -78.816531145439129, 39.722898301533284 ], [ -78.816525379372251, 39.722898282722376 ], [ -78.815270773013481, 39.722907676241334 ], [ -78.811716343661928, 39.722934213288141 ], [ -78.811230764349432, 39.722937830201424 ], [ -78.810333332703152, 39.722944509240477 ], [ -78.80899548189609, 39.722954453474919 ], [ -78.808800670030038, 39.722955900146616 ], [ -78.808141582471777, 39.722960791916627 ], [ -78.807612216428424, 39.72296193166774 ], [ -78.80689098832697, 39.72296347909257 ], [ -78.805862111882405, 39.724346461065053 ], [ -78.804963112694409, 39.725621068674002 ], [ -78.804419842900728, 39.726563165474715 ], [ -78.803974949874771, 39.727504365860078 ], [ -78.803953723087815, 39.72826441411685 ], [ -78.803496449872853, 39.730548137253479 ], [ -78.802949990633394, 39.732076341643939 ], [ -78.801727992743778, 39.733782539548741 ], [ -78.799460558441552, 39.736658002495332 ], [ -78.798239203720783, 39.738417687720791 ], [ -78.797176312275965, 39.739961809907271 ], [ -78.796070391765525, 39.741720430778031 ], [ -78.795689660579129, 39.74252680930789 ], [ -78.795357567342322, 39.743493339008886 ], [ -78.79477911360479, 39.744515993910447 ], [ -78.793863766096081, 39.74585584345612 ], [ -78.792917109125241, 39.747060547892389 ], [ -78.792148885047084, 39.748466767677385 ], [ -78.791604130106819, 39.750149295003119 ], [ -78.791439040255284, 39.750889293092044 ], [ -78.791001414678732, 39.751923259063233 ], [ -78.787985764957881, 39.757333683561079 ], [ -78.785780158421645, 39.761376371464507 ], [ -78.784265654200567, 39.764499427798057 ], [ -78.783510655643866, 39.766664991186872 ], [ -78.783474344514048, 39.76707473147696 ], [ -78.783420457146292, 39.767860395671491 ], [ -78.783698916871927, 39.768921709394384 ], [ -78.784075838190176, 39.769982144117208 ], [ -78.784414641883671, 39.770688319340046 ], [ -78.785048061869674, 39.771341206196539 ], [ -78.785718114299954, 39.772247045654268 ], [ -78.785821890792604, 39.772600717636891 ], [ -78.785498633242611, 39.772932876283868 ], [ -78.784585376055119, 39.773320956479452 ], [ -78.783309573079904, 39.773610948903823 ], [ -78.781706693134396, 39.773979822896173 ], [ -78.780989187001623, 39.774290148775897 ], [ -78.780667789206234, 39.774748917519524 ], [ -78.780276587998515, 39.774929695414023 ], [ -78.779337250028206, 39.775773879472503 ], [ -78.778308102449415, 39.777201407155736 ], [ -78.777438496278947, 39.778323568935178 ], [ -78.776277979384943, 39.779752243017647 ], [ -78.776113564821912, 39.779989290816395 ], [ -78.776010547040002, 39.780081564556724 ], [ -78.775071400883121, 39.781294814503809 ], [ -78.773617722490485, 39.783484328186148 ], [ -78.771745755818401, 39.78623429373728 ], [ -78.771424435909978, 39.786689070556754 ], [ -78.77124422303676, 39.787178758579657 ], [ -78.771045124648566, 39.787975936476805 ], [ -78.77081911592343, 39.788538339901493 ], [ -78.770451987205732, 39.78906582823069 ], [ -78.769553169989194, 39.790086095845766 ], [ -78.768768008125818, 39.790870344875756 ], [ -78.768284230628922, 39.791435006972357 ], [ -78.767964197381588, 39.791980153016091 ], [ -78.767807112827612, 39.792451555017728 ], [ -78.767675856620912, 39.793085430632352 ], [ -78.767449270523286, 39.793611676663176 ], [ -78.767058926622283, 39.794157436136935 ], [ -78.766807036036951, 39.794557357219297 ], [ -78.76643878107582, 39.795012532573352 ], [ -78.766232417176013, 39.795321664448046 ], [ -78.765797052825334, 39.795994360544817 ], [ -78.765343831781294, 39.797046843336538 ], [ -78.765047448020255, 39.797609851445046 ], [ -78.764725500422287, 39.798028458912583 ], [ -78.763785725968518, 39.799464828198921 ], [ -78.763051509599066, 39.80053783638423 ], [ -78.76266188819551, 39.80113780806569 ], [ -78.76178914993578, 39.802356641463057 ], [ -78.760938492242801, 39.80348488642263 ], [ -78.76022471380648, 39.804358842267106 ], [ -78.75960280723119, 39.80510545077906 ], [ -78.758911108808405, 39.80588881865679 ], [ -78.757967673009716, 39.807090160218586 ], [ -78.757118746127475, 39.808344904852227 ], [ -78.755332579767639, 39.811234777048767 ], [ -78.753684795297644, 39.813978799917599 ], [ -78.752928146840617, 39.815142325539036 ], [ -78.752376907909252, 39.815924437364203 ], [ -78.751783769775187, 39.817050386377417 ], [ -78.751397110971496, 39.817867226025413 ], [ -78.751193764578701, 39.818393237709941 ], [ -78.751106829107854, 39.818864011715114 ], [ -78.751116279615033, 39.819514727553127 ], [ -78.75121791630356, 39.820056181788253 ], [ -78.75150288374752, 39.82030680772742 ], [ -78.751973537751155, 39.820429283200831 ], [ -78.752419704713162, 39.820479658919062 ], [ -78.75300493591854, 39.820420361628969 ], [ -78.753447947023687, 39.820253828035028 ], [ -78.753842754059832, 39.8199973202886 ], [ -78.754332901343886, 39.819848451286674 ], [ -78.754987659503712, 39.819734309052983 ], [ -78.75554996951945, 39.819711353565168 ], [ -78.756459358898738, 39.819545930907211 ], [ -78.757432737245551, 39.819430059152623 ], [ -78.758962831608542, 39.81928248130113 ], [ -78.759692857866199, 39.819195562860862 ], [ -78.760318819841032, 39.819136400105151 ], [ -78.760808258920562, 39.819266399668763 ], [ -78.761295730525006, 39.819262147682203 ], [ -78.762406401418914, 39.81901076888245 ], [ -78.763480667059767, 39.818652285185756 ], [ -78.764312373709316, 39.81837647431108 ], [ -78.7648667084962, 39.818183647304167 ], [ -78.765249716476404, 39.818180292744259 ], [ -78.765323306629639, 39.818448182471215 ], [ -78.76504950209457, 39.818772821514543 ], [ -78.76470763592161, 39.819205470607336 ], [ -78.764575864193731, 39.819716839817403 ], [ -78.764724631053809, 39.820360019521686 ], [ -78.764698504947148, 39.820951022962504 ], [ -78.764567521275325, 39.821516091514333 ], [ -78.764088724698809, 39.822111058150909 ], [ -78.764093687515697, 39.822116652504974 ], [ -78.763642767964825, 39.822571468005492 ], [ -78.762992611465521, 39.823355901824506 ], [ -78.762900775314606, 39.824216014358548 ], [ -78.763082384230628, 39.824724641096765 ], [ -78.763609454087984, 39.825042272307073 ], [ -78.764272261221961, 39.825117034603132 ], [ -78.765698790109596, 39.82502397900285 ], [ -78.766952389324288, 39.825012985840146 ], [ -78.76782373927179, 39.825059043477779 ], [ -78.768838743871456, 39.825399218401472 ], [ -78.769649192714297, 39.826036571977326 ], [ -78.770006161998296, 39.826624205531211 ], [ -78.770570487129419, 39.827102597628596 ], [ -78.770788573800502, 39.827718305964879 ], [ -78.771176009583357, 39.828010278575974 ], [ -78.77142455145291, 39.828330328246835 ], [ -78.771960844260533, 39.829265469788965 ], [ -78.772671278430124, 39.830199070279576 ], [ -78.773625907589775, 39.831157362454171 ], [ -78.77433079220593, 39.831715055410612 ], [ -78.774822343750941, 39.831979243367776 ], [ -78.775387545718161, 39.832511311140365 ], [ -78.77647954845942, 39.833334097033934 ], [ -78.777529144015574, 39.833647034438989 ], [ -78.779034300179845, 39.834143893515048 ] ] ], [ [ [ -78.733683223202817, 39.88910898503444 ], [ -78.734106486173772, 39.889182830812068 ], [ -78.734888936669392, 39.889067768779839 ], [ -78.735709812312265, 39.8888284710753 ], [ -78.737365423525262, 39.887916083279848 ], [ -78.741744138501929, 39.884843080857301 ], [ -78.744487438429587, 39.882697740248524 ], [ -78.744940829181047, 39.882458347937749 ], [ -78.74538567744402, 39.882275765929727 ], [ -78.745782470154353, 39.882208512827987 ], [ -78.746511064770701, 39.882163943573573 ], [ -78.747239472568452, 39.882106603201322 ], [ -78.748200436413754, 39.882085560146741 ], [ -78.749325073227411, 39.881922643230496 ], [ -78.749803606870145, 39.881778058987983 ], [ -78.750297972887822, 39.881582260575563 ], [ -78.750940735017622, 39.881334103479588 ], [ -78.752043034160934, 39.880775521004708 ], [ -78.752913874947112, 39.880257238282503 ], [ -78.75351974823586, 39.879754012372743 ], [ -78.754090794636937, 39.879136167410387 ], [ -78.754432261151337, 39.878686301963029 ], [ -78.754933650468928, 39.877839220468395 ], [ -78.755288503264993, 39.877172168066537 ], [ -78.75610746140741, 39.875377441166741 ], [ -78.756690535647849, 39.874061695983862 ], [ -78.757290674040235, 39.872399140280535 ], [ -78.75752890528436, 39.871596166671203 ], [ -78.75766113929609, 39.870793745482835 ], [ -78.757886967230121, 39.869407278028504 ], [ -78.758333161754919, 39.867943028218299 ], [ -78.758571196388971, 39.867390948370492 ], [ -78.759058654735057, 39.867064284672658 ], [ -78.759912740772023, 39.866563732801083 ], [ -78.760550625081478, 39.866425409894639 ], [ -78.761402323509671, 39.865763658068992 ], [ -78.762327689527794, 39.865091773713516 ], [ -78.763133068939624, 39.864629553447102 ], [ -78.764258901138561, 39.864202456584309 ], [ -78.765309775342217, 39.863700140878663 ], [ -78.7665517555875, 39.862807340697493 ], [ -78.767742946731914, 39.861810661019774 ], [ -78.768370951195138, 39.861008578251564 ], [ -78.768679614726238, 39.860247232687009 ], [ -78.769084454873791, 39.859333312074106 ], [ -78.769517257022855, 39.858646736396217 ], [ -78.770345149936261, 39.858051507498445 ], [ -78.770953829879062, 39.85760993217017 ], [ -78.771461121525675, 39.856970105514527 ], [ -78.772061898761834, 39.855997550669542 ], [ -78.772325235191161, 39.855502115973202 ], [ -78.77281310750314, 39.855213321858621 ], [ -78.773546742491391, 39.854903390575998 ], [ -78.774277267840191, 39.854384857765709 ], [ -78.774859872937768, 39.853848662821591 ], [ -78.775413628016352, 39.853028231350379 ], [ -78.77603934368625, 39.852083884299645 ], [ -78.776520675853888, 39.851358920155043 ], [ -78.776979938841947, 39.85080484135247 ], [ -78.777659772673076, 39.850191906652412 ], [ -78.778143055634715, 39.849599678111232 ], [ -78.778718509011284, 39.848589380830163 ], [ -78.779272178706464, 39.847768932004243 ], [ -78.779773226553317, 39.846721359268919 ], [ -78.780132609900036, 39.846073325757466 ], [ -78.78026887086564, 39.845313480546118 ], [ -78.780329908424633, 39.84445947317564 ], [ -78.780512814823481, 39.843528519665419 ], [ -78.780551800510267, 39.842845401992484 ], [ -78.780520106975587, 39.84237153735971 ], [ -78.780412912869721, 39.841784549020268 ], [ -78.780348130391545, 39.841665002449822 ], [ -78.78030997326691, 39.841482011080672 ], [ -78.779879015636467, 39.840632377929694 ], [ -78.779079362308551, 39.839804983434824 ], [ -78.778307725432867, 39.83920492598633 ], [ -78.7773405830211, 39.838691942264916 ], [ -78.776526274741229, 39.838528465586016 ], [ -78.775979168994454, 39.838135028909562 ], [ -78.775406906550145, 39.837703878217653 ], [ -78.774714196637817, 39.83744448244358 ], [ -78.773847330017915, 39.837053862310597 ], [ -78.773126936933096, 39.836586077714422 ], [ -78.772772708921963, 39.835925398135906 ], [ -78.772225081365931, 39.835494014639117 ], [ -78.771184664509633, 39.835010074021085 ], [ -78.770489751520984, 39.834598945997726 ], [ -78.770358900380671, 39.834069054084608 ], [ -78.77037675664802, 39.833613714356204 ], [ -78.770324613186006, 39.833415032157269 ], [ -78.770097623376856, 39.833037711204696 ], [ -78.769867549009177, 39.832451793519034 ], [ -78.769316040497614, 39.831754907499203 ], [ -78.769014993246174, 39.831359271205329 ], [ -78.768883038922525, 39.830753522759103 ], [ -78.768301913278208, 39.829715505230702 ], [ -78.767842662182431, 39.828600549737558 ], [ -78.767434857497861, 39.827636869345994 ], [ -78.766863295618634, 39.827243601535251 ], [ -78.765927290139985, 39.827156980531861 ], [ -78.765117054866991, 39.827258910108512 ], [ -78.764404079148804, 39.827284119356804 ], [ -78.763247001001204, 39.8272183782355 ], [ -78.762309328993084, 39.827017947931594 ], [ -78.761397091847783, 39.826874186093839 ], [ -78.760553915317502, 39.826407392857242 ], [ -78.759734788522209, 39.825902453100717 ], [ -78.759296216744659, 39.825465933007898 ], [ -78.758874796496897, 39.825164149265504 ], [ -78.75848939067059, 39.825006382627507 ], [ -78.757836407782818, 39.825602838244016 ], [ -78.756943387996628, 39.826501685705622 ], [ -78.756799346079731, 39.826785349210098 ], [ -78.756428385307828, 39.827569948074128 ], [ -78.756039803040366, 39.828457900700258 ], [ -78.755917374885271, 39.829240340400084 ], [ -78.755889035440518, 39.829918762116122 ], [ -78.756049971519545, 39.831118916901779 ], [ -78.756016036233703, 39.831414070903996 ], [ -78.755640955745193, 39.831918586849874 ], [ -78.755399923795295, 39.832436682320136 ], [ -78.755372008197142, 39.833144585608188 ], [ -78.755345384369363, 39.833940936746011 ], [ -78.755432621714064, 39.834677327006794 ], [ -78.755660150189883, 39.835198727301815 ], [ -78.756029687831457, 39.835623065087049 ], [ -78.756513743059486, 39.836031663970843 ], [ -78.75686287726991, 39.836367719178078 ], [ -78.757001680836922, 39.836705601560993 ], [ -78.756987732954173, 39.837059552690221 ], [ -78.756898589515643, 39.837502616370656 ], [ -78.756844456507736, 39.837724230374619 ], [ -78.756943727038006, 39.837973998269646 ], [ -78.757085766974001, 39.838532995259612 ], [ -78.757072033575923, 39.838901687653234 ], [ -78.757039823493685, 39.839314769736291 ], [ -78.756890726356971, 39.839581438205322 ], [ -78.756627971830383, 39.839922809078331 ], [ -78.75645180349207, 39.84030028352484 ], [ -78.755971396907668, 39.840798344514482 ], [ -78.755698533995911, 39.841102942039669 ], [ -78.755607225141489, 39.841398593310146 ], [ -78.755554163438021, 39.841693912625402 ], [ -78.755693832591035, 39.842090760617957 ], [ -78.755909564797136, 39.842457460345045 ], [ -78.755952762850882, 39.842796173351374 ], [ -78.755784315201709, 39.843048264437492 ], [ -78.75548028377591, 39.843183590217016 ], [ -78.755195804766799, 39.843348229840821 ], [ -78.755028213564827, 39.843659286302376 ], [ -78.754994698956693, 39.843983921048277 ], [ -78.755070773915421, 39.844609835375259 ], [ -78.754904468627501, 39.845009336947598 ], [ -78.754546925073925, 39.845410495272404 ], [ -78.754035099283612, 39.845724532816156 ], [ -78.753771233115827, 39.845992192381338 ], [ -78.753738570832724, 39.84637579066959 ], [ -78.753745016223746, 39.846818022412705 ], [ -78.753730404522216, 39.847127751000706 ], [ -78.7535430305185, 39.847394745710794 ], [ -78.753030969114306, 39.847694038542834 ], [ -78.752632577520473, 39.847918630517967 ], [ -78.752311538983903, 39.848201523385036 ], [ -78.751992857362609, 39.848646567492189 ], [ -78.751770009377324, 39.849105523638961 ], [ -78.751487640379835, 39.849417565980254 ], [ -78.750828128010369, 39.850101439116905 ], [ -78.750425538250681, 39.850568144090815 ], [ -78.750386079652188, 39.850613886210354 ], [ -78.750017654776968, 39.851079123015914 ], [ -78.749909188639606, 39.851617849792852 ], [ -78.749892818112045, 39.85221037930301 ], [ -78.749919437464996, 39.852726151694057 ], [ -78.750218742979357, 39.853578656908965 ], [ -78.750677710104071, 39.854886812356831 ], [ -78.750954694568733, 39.855518364767043 ], [ -78.750861204902122, 39.855666601673626 ], [ -78.750457405255588, 39.855522659816891 ], [ -78.750084696225514, 39.855164233582236 ], [ -78.749587489043691, 39.854325685348357 ], [ -78.749196138227276, 39.854088451584154 ], [ -78.748814547130209, 39.853775520853482 ], [ -78.748347779791345, 39.853167049648526 ], [ -78.747888151140685, 39.852899125296695 ], [ -78.74769456602003, 39.852737018832528 ], [ -78.74755979430158, 39.852488342440346 ], [ -78.747475107998383, 39.852255776540261 ], [ -78.74737017234321, 39.851572467764584 ], [ -78.74726646657308, 39.851053839356915 ], [ -78.747155734253766, 39.850743623140197 ], [ -78.747024234220291, 39.850466340080807 ], [ -78.746990658796577, 39.849615008616425 ], [ -78.746943070729245, 39.849263304847227 ], [ -78.747025441472502, 39.849082445028394 ], [ -78.747172256401811, 39.848950163953283 ], [ -78.747641570757182, 39.848208546302054 ], [ -78.747797473677821, 39.847592931968826 ], [ -78.74750508592615, 39.846008402948371 ], [ -78.747232595668606, 39.845117127188423 ], [ -78.747085111586443, 39.844064963116139 ], [ -78.746944517355203, 39.843488483597945 ], [ -78.746583336159262, 39.842864266033651 ], [ -78.74604871838325, 39.842510714959523 ], [ -78.745120162389156, 39.842314801310977 ], [ -78.743228295086681, 39.842568900209045 ], [ -78.739144271984728, 39.843657261344909 ], [ -78.738268082481554, 39.844038534728732 ], [ -78.737463327976144, 39.844578655486231 ], [ -78.737138130477902, 39.845169561827632 ], [ -78.737165507741537, 39.846021880703141 ], [ -78.737115489196455, 39.846607691069195 ], [ -78.736621309033367, 39.847452449904701 ], [ -78.736209511930596, 39.848611711830216 ], [ -78.736067012910723, 39.850411863789375 ], [ -78.736168314760576, 39.851328508722951 ], [ -78.736487476208566, 39.852095974133825 ], [ -78.736684320614543, 39.852487354017136 ], [ -78.736753923803533, 39.852896194580943 ], [ -78.736691202047083, 39.853974629868098 ], [ -78.736712628568753, 39.855469641385874 ], [ -78.736558685288855, 39.857034111615782 ], [ -78.736526759329607, 39.857803133995461 ], [ -78.736669262989267, 39.858596324722591 ], [ -78.736695914765335, 39.85922652114332 ], [ -78.736642706867514, 39.859819891751386 ], [ -78.736456897728971, 39.860342212008845 ], [ -78.736259546389178, 39.8607746363544 ], [ -78.735947507969286, 39.861869635716651 ], [ -78.735340524805125, 39.864003847211919 ], [ -78.735081630903835, 39.865217966990194 ], [ -78.734975953559086, 39.866596415179565 ], [ -78.734904519850701, 39.867692442875978 ], [ -78.734929915745923, 39.869075604664509 ], [ -78.734900901056818, 39.869499340566811 ], [ -78.734810847841018, 39.869743386111331 ], [ -78.734629451000401, 39.870141386029218 ], [ -78.734326012855917, 39.870999951614792 ], [ -78.734091175135049, 39.871749809959091 ], [ -78.733859424272637, 39.872715890821397 ], [ -78.733775804620109, 39.873410401543119 ], [ -78.733755678307688, 39.873776897084966 ], [ -78.733655819009982, 39.874015116162944 ], [ -78.733541854392797, 39.874223322254352 ], [ -78.733299785790493, 39.874468657745588 ], [ -78.732858811904279, 39.874706668843999 ], [ -78.732580245250091, 39.874853196895479 ], [ -78.732441219070793, 39.874944479775763 ], [ -78.732396378534617, 39.875080016444258 ], [ -78.73228417252534, 39.87557973214988 ], [ -78.731848757938764, 39.876528945778588 ], [ -78.731512158562282, 39.877062213548058 ], [ -78.731398039978515, 39.877455226430548 ], [ -78.731402151861417, 39.877743460308068 ], [ -78.731420569997724, 39.877985451455629 ], [ -78.731544889394286, 39.878307259993839 ], [ -78.731712620464052, 39.878524924008694 ], [ -78.732149052749008, 39.878694187449767 ], [ -78.732600120377171, 39.878840262885085 ], [ -78.733320055327482, 39.878949464403881 ], [ -78.734267755054177, 39.879287341653907 ], [ -78.734748760012806, 39.879433155740145 ], [ -78.735217445743231, 39.879763564688339 ], [ -78.735446372739588, 39.880072948636816 ], [ -78.735559547136745, 39.880660054946667 ], [ -78.73544935171418, 39.881876659052921 ], [ -78.7353756042464, 39.882341920531402 ], [ -78.735318853383845, 39.882590208290338 ], [ -78.734593971281129, 39.883912834145399 ], [ -78.733674471266013, 39.885686254772132 ], [ -78.733252605689955, 39.887114712559786 ], [ -78.73309998170069, 39.887689057606991 ], [ -78.733066860235198, 39.888184947745223 ], [ -78.733110829991034, 39.888447866892236 ], [ -78.733337492147271, 39.888833138556251 ], [ -78.733423203656983, 39.888979641888248 ], [ -78.733457024884856, 39.888972707025673 ], [ -78.733683223202817, 39.88910898503444 ] ] ] ] } },
{ "type": "Feature", "properties": { "OBJECTID": 19, "Coal_Field": "Main Bituminous", "Coal_Type": "Low-Volatile Bituminous", "Status": "Final", "Feature_Source": "Map 1", "Comp_Scale": 250000, "Shape_Length": 1235853.9762023245, "Shape_Area": 23484824891.646229 }, "geometry": { "type": "Polygon", "coordinates": [ [ [ -78.718242647322938, 40.590665841490477 ], [ -78.726372205488815, 40.590844189678592 ], [ -78.741649311606167, 40.592408392251876 ], [ -78.748972679755738, 40.594546870229586 ], [ -78.750257425244953, 40.594921963390696 ], [ -78.751022285816518, 40.595145261898104 ], [ -78.75696011806842, 40.596878572590271 ], [ -78.759130824977063, 40.597779149997116 ], [ -78.762098499344802, 40.599010266271478 ], [ -78.774211927384812, 40.604034157107435 ], [ -78.774821886985862, 40.604231414043049 ], [ -78.786797217093905, 40.608103262768481 ], [ -78.795801102185848, 40.608872164595212 ], [ -78.805055190304614, 40.607769027748468 ], [ -78.815080914670745, 40.602920500117591 ], [ -78.825146200338338, 40.596314820991964 ], [ -78.830760507670149, 40.592629292172091 ], [ -78.862126650753694, 40.573702135974365 ], [ -78.905900457590491, 40.547190542359793 ], [ -78.943417424152543, 40.523414120146533 ], [ -78.968281659447811, 40.507585392934033 ], [ -78.968618011523475, 40.507371180327205 ], [ -78.968695823160502, 40.507332221161228 ], [ -78.968848458271239, 40.507224415256211 ], [ -78.974165824388194, 40.503837608374432 ], [ -78.977846160047477, 40.501087127081377 ], [ -78.985588867697032, 40.495299524015621 ], [ -78.987685265866659, 40.493732222789205 ], [ -78.995482073211534, 40.487902220456448 ], [ -78.999464863417359, 40.484923522615659 ], [ -79.004666238662665, 40.480742102928772 ], [ -79.005040192538999, 40.480441449721624 ], [ -79.009193334052028, 40.477102123936859 ], [ -79.011681204499567, 40.475101524432063 ], [ -79.011891733563033, 40.474996450630591 ], [ -79.012373746258348, 40.474544592654411 ], [ -79.014381782938884, 40.472929681053529 ], [ -79.015762688289144, 40.47181905806697 ], [ -79.01655101066163, 40.471185008998184 ], [ -79.018949692721634, 40.469255635596397 ], [ -79.03654829118264, 40.455095308134219 ], [ -79.051710966904508, 40.440936486578927 ], [ -79.051825173164019, 40.440829810766211 ], [ -79.05562078662264, 40.4368056889004 ], [ -79.060629991595206, 40.431493979293137 ], [ -79.065461455408908, 40.426369737404791 ], [ -79.065638011206218, 40.426137437935601 ], [ -79.065819785465919, 40.425792099072957 ], [ -79.066100703912596, 40.425385240902841 ], [ -79.066356229915087, 40.425080832713697 ], [ -79.066645195736001, 40.42476806169423 ], [ -79.066785607815845, 40.424627463861214 ], [ -79.068147168780214, 40.422835859098242 ], [ -79.076907925717961, 40.411305367698859 ], [ -79.088166586725421, 40.392463078626704 ], [ -79.089190555345482, 40.390748801147566 ], [ -79.094631596080646, 40.38163805392751 ], [ -79.104678688996444, 40.364922193736014 ], [ -79.104679962311565, 40.364918654490587 ], [ -79.106841887105432, 40.358910513194353 ], [ -79.108250881560707, 40.354994215484197 ], [ -79.111231145521828, 40.346709007734717 ], [ -79.11142858390717, 40.346160048316989 ], [ -79.112861089366902, 40.341050609053489 ], [ -79.116041617310884, 40.329703499465722 ], [ -79.117291250362925, 40.323251285609523 ], [ -79.117038460546198, 40.321803651018691 ], [ -79.116390346719442, 40.318091854899919 ], [ -79.116193032626384, 40.316961738929301 ], [ -79.115191125280518, 40.311222722353854 ], [ -79.111244457476346, 40.302328222503888 ], [ -79.106244664569616, 40.295313470208676 ], [ -79.101756523312631, 40.290907889995268 ], [ -79.10100538468123, 40.29017049452721 ], [ -79.097971740618135, 40.287983187970831 ], [ -79.093200579885348, 40.284542651546758 ], [ -79.092230536109014, 40.285218458313381 ], [ -79.091476257427388, 40.285372212920393 ], [ -79.0904541058879, 40.285384076983348 ], [ -79.089581091966963, 40.285278207651828 ], [ -79.089386649817044, 40.285019472668914 ], [ -79.08915492572082, 40.284790168302379 ], [ -79.08877692658497, 40.284823547321615 ], [ -79.088626070191964, 40.28485429390593 ], [ -79.088445943372946, 40.285320361345192 ], [ -79.088093689118665, 40.286658387589689 ], [ -79.087779854413199, 40.288024964263528 ], [ -79.087653017714743, 40.289273380743829 ], [ -79.088061944900062, 40.29080558222423 ], [ -79.089009543136854, 40.292766520681347 ], [ -79.089286604195976, 40.293372282845262 ], [ -79.089380661648349, 40.294299153734585 ], [ -79.089324987940671, 40.295314755867899 ], [ -79.088913650695503, 40.295580512363728 ], [ -79.088271694172263, 40.295674945958737 ], [ -79.087439844890923, 40.295742577491254 ], [ -79.086947623011909, 40.295748274801582 ], [ -79.0865684176445, 40.295723662682924 ], [ -79.0862265057673, 40.295669622005057 ], [ -79.085921886462273, 40.295586146810194 ], [ -79.085652843316666, 40.295386267052585 ], [ -79.08538151595333, 40.295070417167075 ], [ -79.085149200352504, 40.294812112741177 ], [ -79.084955318017165, 40.294582361245062 ], [ -79.084688565187122, 40.2944984478329 ], [ -79.083891738405057, 40.294420654519385 ], [ -79.082603839041454, 40.294406518161232 ], [ -79.08074913805369, 40.29445689561387 ], [ -79.078671236416582, 40.294712800344087 ], [ -79.077202531762936, 40.29513566477123 ], [ -79.076224900339923, 40.295494878209091 ], [ -79.075511163873216, 40.295793056208836 ], [ -79.074950580398479, 40.296176470185472 ], [ -79.07431539512676, 40.296618734564689 ], [ -79.073913049827439, 40.297348315099079 ], [ -79.073286904178048, 40.298254450881743 ], [ -79.073298793446114, 40.298863288864155 ], [ -79.072930893953654, 40.299418478429679 ], [ -79.072379884332349, 40.300294750772032 ], [ -79.072135186749406, 40.301341505547136 ], [ -79.071656491441274, 40.302042952928836 ], [ -79.071245041750302, 40.30230864947174 ], [ -79.070375790333372, 40.302405582865717 ], [ -79.06924033741123, 40.302447553088903 ], [ -79.068749756284348, 40.302540150786719 ], [ -79.068336034237731, 40.302689866146842 ], [ -79.067778734927387, 40.303247200620461 ], [ -79.067259859147384, 40.303833093495186 ], [ -79.067121912131583, 40.304530636134764 ], [ -79.067213432285143, 40.305341558004585 ], [ -79.0673885869994, 40.306557507032728 ], [ -79.067714100305011, 40.307713744101036 ], [ -79.06852799615389, 40.308661415759943 ], [ -79.069877763816777, 40.309892946521941 ], [ -79.071536779824527, 40.311439911605454 ], [ -79.073156866382533, 40.312929299700535 ], [ -79.074359843699199, 40.314394448315966 ], [ -79.075025254208185, 40.315488767365906 ], [ -79.074916735863482, 40.315751001767126 ], [ -79.074692324018073, 40.315898569182131 ], [ -79.0740863274482, 40.315905516546167 ], [ -79.073137191971824, 40.315800394233499 ], [ -79.071122477331173, 40.315446470703499 ], [ -79.067477493958975, 40.315024120173938 ], [ -79.065432274374743, 40.315047427153644 ], [ -79.063392676232638, 40.315360620565421 ], [ -79.061507365657036, 40.315817019251696 ], [ -79.060303783766685, 40.316265658053098 ], [ -79.059400942782702, 40.316594881090211 ], [ -79.057935559935373, 40.31722045313785 ], [ -79.056318086699548, 40.317818729824459 ], [ -79.054185947040679, 40.319234758208964 ], [ -79.052885913673933, 40.320583368227815 ], [ -79.052342283680005, 40.321865439289837 ], [ -79.052139545516965, 40.323143668079702 ], [ -79.052438717781698, 40.324909214379041 ], [ -79.052669956935091, 40.32708150650835 ], [ -79.053199807652547, 40.32901843939463 ], [ -79.05380099038733, 40.330722576743511 ], [ -79.054349236587527, 40.331644342629573 ], [ -79.054394941127427, 40.332049807693629 ], [ -79.054364879601877, 40.332456128691739 ], [ -79.0540518486781, 40.333909593856113 ], [ -79.053549933550244, 40.335394187532451 ], [ -79.053576179598068, 40.336756826629042 ], [ -79.053467545221963, 40.337019041509699 ], [ -79.053279786235521, 40.337108155498932 ], [ -79.05236826732407, 40.3370024418168 ], [ -79.051430572829887, 40.337505986549985 ], [ -79.051442281018197, 40.338114825672086 ], [ -79.050842210004646, 40.338440569994198 ], [ -79.0494871578464, 40.338919799484131 ], [ -79.048807955633464, 40.339072432374437 ], [ -79.048201746861324, 40.339079247095185 ], [ -79.047706976583257, 40.338968811620603 ], [ -79.047173764812527, 40.338829808848772 ], [ -79.046521336255736, 40.338402153784969 ], [ -79.045909025593787, 40.338090040504817 ], [ -79.045301157579587, 40.338009862660016 ], [ -79.044579628670078, 40.337930955390782 ], [ -79.043743886314388, 40.337824324415841 ], [ -79.042832371562952, 40.337718536574037 ], [ -79.042339279457522, 40.337695055171494 ], [ -79.04169519202388, 40.337702259882057 ], [ -79.039205664469506, 40.338310044779845 ], [ -79.037362395607303, 40.339026570137435 ], [ -79.036198882142543, 40.339619503905887 ], [ -79.035491665301251, 40.340294346145448 ], [ -79.035241309011681, 40.341080093852504 ], [ -79.035363238978945, 40.341513716178149 ], [ -79.035481315510154, 40.34174439237016 ], [ -79.035784982673405, 40.341770009471688 ], [ -79.036164433394205, 40.341794783665229 ], [ -79.036543332200125, 40.341790563556813 ], [ -79.037227003873255, 40.341869943352606 ], [ -79.037304437727656, 40.341956076078084 ], [ -79.037686094903961, 40.34209681473628 ], [ -79.038147398238351, 40.342439654640124 ], [ -79.038201848099263, 40.343309005776568 ], [ -79.038331178404931, 40.346120426182388 ], [ -79.038384529912491, 40.346931790202738 ], [ -79.03869540340402, 40.347334303685493 ], [ -79.039003518835358, 40.347591853832846 ], [ -79.039653227997846, 40.347874586520007 ], [ -79.039769670759753, 40.348018279178142 ], [ -79.040089956452519, 40.348913656928623 ], [ -79.040177910555556, 40.349550643570751 ], [ -79.040224098918841, 40.349985107196773 ], [ -79.040226862264177, 40.350130068761231 ], [ -79.040344970676855, 40.35036073630539 ], [ -79.040499314622281, 40.350504005322129 ], [ -79.040503738136437, 40.350735943261668 ], [ -79.040354371772381, 40.350853607008403 ], [ -79.039553606185819, 40.350601562809636 ], [ -79.038979660381344, 40.350317984732662 ], [ -79.038256350923618, 40.350152062984321 ], [ -79.037459463083678, 40.350102950015014 ], [ -79.036662575263236, 40.350053833308102 ], [ -79.035484540829984, 40.34989295939242 ], [ -79.034800790568454, 40.349813572784825 ], [ -79.034149431780406, 40.349443834277295 ], [ -79.033759485120825, 40.348868196932365 ], [ -79.033742980015347, 40.347998421271868 ], [ -79.033586458385855, 40.347739175364936 ], [ -79.03347222591151, 40.347711445101126 ], [ -79.03286593508237, 40.347718180389137 ], [ -79.032149261067588, 40.347900130544758 ], [ -79.03192080159009, 40.347844668792376 ], [ -79.031428189996561, 40.347850134322222 ], [ -79.030513810188395, 40.347599288427048 ], [ -79.029640621619635, 40.34752196897648 ], [ -79.029111763172679, 40.34761482311643 ], [ -79.028474700857032, 40.347998858105761 ], [ -79.027963363938213, 40.349019467713333 ], [ -79.027865565136906, 40.349861508290815 ], [ -79.027835333544644, 40.35026782402543 ], [ -79.027575000515142, 40.350531690892403 ], [ -79.027169651992295, 40.351145143958796 ], [ -79.026846107732069, 40.352076674706687 ], [ -79.026735834105693, 40.352581808134971 ], [ -79.026480761899649, 40.353161238407182 ], [ -79.026199918272113, 40.354724582301003 ], [ -79.025780318850437, 40.355984193494585 ], [ -79.025717250984698, 40.357341620479374 ], [ -79.025996657886182, 40.358050817350389 ], [ -79.027437599424516, 40.359222027432374 ], [ -79.028737904932683, 40.359987757198276 ], [ -79.029717657425962, 40.36021433460288 ], [ -79.030385178414818, 40.360342608984105 ], [ -79.031055271828819, 40.360606523843025 ], [ -79.031467741517744, 40.361314230808695 ], [ -79.031997171232931, 40.363513039126843 ], [ -79.031873819348945, 40.364023181503228 ], [ -79.031211399455046, 40.364166204530903 ], [ -79.029526112485527, 40.364150969910128 ], [ -79.027971262030306, 40.363998594161522 ], [ -79.025785521743984, 40.363310475355846 ], [ -79.024496687553636, 40.363155114226316 ], [ -79.02418636323759, 40.36315853831745 ], [ -79.024195310110159, 40.36363329502521 ], [ -79.024605810285067, 40.364239292823669 ], [ -79.025554713729463, 40.365178525972922 ], [ -79.026377685821899, 40.366492244097195 ], [ -79.026844086174805, 40.367708144445189 ], [ -79.026637139148733, 40.368490550116654 ], [ -79.026237477096828, 40.368461049049856 ], [ -79.024053527470471, 40.367874633713477 ], [ -79.023472056418015, 40.36760970134511 ], [ -79.021734054255759, 40.367153998770711 ], [ -79.019814916750462, 40.366496749688999 ], [ -79.017673507251473, 40.36580799095897 ], [ -79.014902589232278, 40.364651233500688 ], [ -79.014143216140468, 40.364354283704962 ], [ -79.013519385131417, 40.364191519430129 ], [ -79.012986120386415, 40.36412951554744 ], [ -79.012676421536923, 40.364166820997049 ], [ -79.012455388962195, 40.364203153957106 ], [ -79.012459188110924, 40.364406623818084 ], [ -79.012600422818309, 40.364846015741875 ], [ -79.01287275540902, 40.365182220082509 ], [ -79.013732210934549, 40.366088611497304 ], [ -79.014733575509979, 40.367468297366209 ], [ -79.017052509497674, 40.370529436106629 ], [ -79.018366281594822, 40.372007415663397 ], [ -79.019141042025737, 40.373118204085081 ], [ -79.019434461545515, 40.374573461085213 ], [ -79.019219131020918, 40.37491500875457 ], [ -79.01869086990294, 40.375124322427681 ], [ -79.017760998376801, 40.37520236819072 ], [ -79.016962239921682, 40.375177217882467 ], [ -79.016556822769303, 40.374842482131641 ], [ -79.016236911216794, 40.374337218609583 ], [ -79.015959441326714, 40.373729731221509 ], [ -79.014824941801223, 40.372351516612859 ], [ -79.013191369110004, 40.370368221668052 ], [ -79.011919541310448, 40.368754052330537 ], [ -79.010659794033728, 40.36778418113272 ], [ -79.009943471964931, 40.367418898670643 ], [ -79.0091853541728, 40.367189739295554 ], [ -79.008029483701179, 40.367032744400007 ], [ -79.007231452928451, 40.367041433388898 ], [ -79.006435943420129, 40.367185764407111 ], [ -79.006085040555959, 40.367393090302109 ], [ -79.005825330532446, 40.367735097081756 ], [ -79.00565554849662, 40.368143961151375 ], [ -79.005574433386954, 40.368551862277968 ], [ -79.005404016136026, 40.368926815207182 ], [ -79.005189890542141, 40.369336159888725 ], [ -79.004928276617562, 40.369576431411559 ], [ -79.00457924785151, 40.369885487693395 ], [ -79.004322664121673, 40.370397047677116 ], [ -79.004244687517314, 40.370974503526263 ], [ -79.004479592611929, 40.371684234416072 ], [ -79.005525194154231, 40.373063517875039 ], [ -79.00680325936041, 40.375016871133134 ], [ -79.007257386094054, 40.3755885365361 ], [ -79.008571681594802, 40.377100539017114 ], [ -79.01011028018165, 40.378745752084249 ], [ -79.010471977456618, 40.379114904663751 ], [ -79.010622719683298, 40.380062967206577 ], [ -79.011005312198407, 40.38155118866873 ], [ -79.011154169352096, 40.382397515542038 ], [ -79.010893160316698, 40.382671711346482 ], [ -79.010626457220425, 40.382640704495067 ], [ -79.01012980642281, 40.382171270619395 ], [ -79.009353822120048, 40.380992600891872 ], [ -79.008351728274278, 40.379578961269466 ], [ -79.006999351702731, 40.378406554023655 ], [ -79.005208014190629, 40.37747632924308 ], [ -79.003200678501386, 40.37685368405478 ], [ -79.001461312697131, 40.37632985314653 ], [ -78.999758870094155, 40.375784763429408 ], [ -78.999753407718458, 40.375784490508067 ], [ -78.998971211748838, 40.375745436137613 ], [ -78.998070150937522, 40.375805536605043 ], [ -78.997597006055102, 40.37585957974477 ], [ -78.99704525919789, 40.375959621221789 ], [ -78.996235565757814, 40.376081258107675 ], [ -78.995770085003031, 40.376189771463075 ], [ -78.995306510660498, 40.376401755149708 ], [ -78.994917250789868, 40.376641160383087 ], [ -78.994528508582562, 40.376908783988597 ], [ -78.994201608604612, 40.377194557422662 ], [ -78.993875224848296, 40.377508550531672 ], [ -78.993670800258784, 40.377764778106808 ], [ -78.993468105518261, 40.378115071903089 ], [ -78.993255011099279, 40.378568969550265 ], [ -78.993115195766862, 40.378993852864845 ], [ -78.992903480673746, 40.379523002399964 ], [ -78.992823605617929, 40.37986256400049 ], [ -78.99273281496005, 40.380277511771119 ], [ -78.992679270498158, 40.380710875179489 ], [ -78.992648942082297, 40.381068721359199 ], [ -78.99269293637154, 40.381453993284047 ], [ -78.992700375356705, 40.381858474869603 ], [ -78.992743159719311, 40.382177901680613 ], [ -78.992820597533864, 40.382374645603399 ], [ -78.992983796149275, 40.382551649390358 ], [ -78.993112689190653, 40.382870148147305 ], [ -78.993241756004522, 40.383198054230171 ], [ -78.99333547771657, 40.38361101603676 ], [ -78.993379305072907, 40.383986881101393 ], [ -78.993363877697831, 40.384485692194339 ], [ -78.993322288880961, 40.384900110773614 ], [ -78.993277065529384, 40.385116990502546 ], [ -78.993168258137729, 40.385221653767054 ], [ -78.993009378103082, 40.38527981446515 ], [ -78.992688332195229, 40.385217409476809 ], [ -78.992317908330023, 40.385146125286781 ], [ -78.991799351200626, 40.38504820797872 ], [ -78.990802080605363, 40.385011882123244 ], [ -78.990274159802084, 40.385074000406405 ], [ -78.989783141761393, 40.385135721564829 ], [ -78.98947819675962, 40.385280120617324 ], [ -78.989260741207673, 40.385498846399607 ], [ -78.98915485975256, 40.38576341850122 ], [ -78.989063176204539, 40.386131328628451 ], [ -78.988995232582354, 40.386451943747367 ], [ -78.988952580330718, 40.386809921277504 ], [ -78.988873197053223, 40.387177700656288 ], [ -78.988842513550708, 40.387450966128114 ], [ -78.988799160082436, 40.387837083761845 ], [ -78.988762716060094, 40.388533696049301 ], [ -78.988650734399599, 40.389137034868014 ], [ -78.988581405887871, 40.389382397129566 ], [ -78.988484369452479, 40.389458704768828 ], [ -78.988313345094355, 40.389526396947829 ], [ -78.987919850094869, 40.389540023210486 ], [ -78.987538138195688, 40.389525295286383 ], [ -78.986823924309491, 40.389495311531604 ], [ -78.986171738282039, 40.389492883575443 ], [ -78.985630960188288, 40.389526893683517 ], [ -78.985165541376162, 40.389644772257327 ], [ -78.984677237239353, 40.389856976757159 ], [ -78.984385937029231, 40.390076483844723 ], [ -78.984131197769372, 40.390276781459789 ], [ -78.983890135014462, 40.390552200207303 ], [ -78.98373587359454, 40.390864325688192 ], [ -78.983605530664448, 40.391138561914929 ], [ -78.983538930044986, 40.391534425496154 ], [ -78.983582021613969, 40.391872667899953 ], [ -78.98373635261602, 40.392237948229607 ], [ -78.983951512220159, 40.392564943738734 ], [ -78.984267331620373, 40.39301317301274 ], [ -78.984496518264919, 40.393434102306522 ], [ -78.98471254578115, 40.393808130162796 ], [ -78.984980884318333, 40.394350948206906 ], [ -78.985148048302264, 40.394744314385704 ], [ -78.985377074953576, 40.395155835314561 ], [ -78.985482555980752, 40.39554045165891 ], [ -78.985576937757031, 40.395991045065259 ], [ -78.985708748835094, 40.396469462922752 ], [ -78.985778184767938, 40.396901507033007 ], [ -78.985897695585422, 40.397380056695575 ], [ -78.985992428209414, 40.397849462876223 ], [ -78.986062899137622, 40.39833794625703 ], [ -78.986261404900247, 40.399097902118818 ], [ -78.986408803329667, 40.399754911044269 ], [ -78.986640266192268, 40.400298120520972 ], [ -78.986885933719179, 40.400944669654876 ], [ -78.987178066000283, 40.401440186157863 ], [ -78.987458414750336, 40.401964052945068 ], [ -78.987775336376899, 40.402468710051039 ], [ -78.987800752170642, 40.402510827987371 ], [ -78.988193249375698, 40.403643339183354 ], [ -78.989364532285947, 40.407156231902562 ], [ -78.989597300136751, 40.409786071672727 ], [ -78.989065524827112, 40.410966928184649 ], [ -78.988155343672588, 40.411634772416015 ], [ -78.986376612796164, 40.411888855582035 ], [ -78.98527161515193, 40.411994689669001 ], [ -78.983950807306201, 40.412203520469546 ], [ -78.983775017634144, 40.412210042558634 ], [ -78.983198669832959, 40.41222316211028 ], [ -78.982746277484495, 40.412145760426256 ], [ -78.982355521546594, 40.412034675900316 ], [ -78.981906590820856, 40.411841476121261 ], [ -78.981636353035569, 40.411696850126425 ], [ -78.981018017097156, 40.411432328181988 ], [ -78.979876635089681, 40.410771160836568 ], [ -78.978551162711867, 40.409922028141743 ], [ -78.976769386964065, 40.408818754191188 ], [ -78.976061520528162, 40.408394650800368 ], [ -78.97554565292063, 40.408138844293831 ], [ -78.975203844577351, 40.407912738925198 ], [ -78.974477569753219, 40.407367095951621 ], [ -78.973854214010061, 40.406927517532928 ], [ -78.973175139472616, 40.406324766480097 ], [ -78.972552150965072, 40.40587360392734 ], [ -78.972074039052885, 40.405645099211412 ], [ -78.971803472391798, 40.405570842339024 ], [ -78.971411035592567, 40.405517618134347 ], [ -78.971062996185353, 40.405499927180891 ], [ -78.970486356787532, 40.405524565178375 ], [ -78.969835722938498, 40.4054899742939 ], [ -78.969165928318986, 40.405537949988819 ], [ -78.968242896375727, 40.405500682524035 ], [ -78.966793701722466, 40.405454364534059 ], [ -78.964561972985436, 40.405414685657639 ], [ -78.962699743049384, 40.405244752213065 ], [ -78.960338437766481, 40.404890521480411 ], [ -78.957936417723531, 40.404568250930879 ], [ -78.95657441584197, 40.404645651952329 ], [ -78.955837098317517, 40.405000765929813 ], [ -78.955679199340523, 40.405412995091119 ], [ -78.955726707918686, 40.405759913587808 ], [ -78.956026015233135, 40.406325286562073 ], [ -78.957119785750209, 40.407419271380725 ], [ -78.958802660907239, 40.40910716160554 ], [ -78.95990047985471, 40.41042215895974 ], [ -78.960871576887172, 40.411580556896013 ], [ -78.962212811285028, 40.412640314861974 ], [ -78.963259796670201, 40.413418897501003 ], [ -78.963725018097634, 40.414014090484187 ], [ -78.963564878709334, 40.414300019306694 ], [ -78.962613550464795, 40.414246846500198 ], [ -78.961200985010919, 40.413819503486536 ], [ -78.959575085794782, 40.413015380753343 ], [ -78.957820769265723, 40.411959912941988 ], [ -78.956105559804229, 40.410777678408195 ], [ -78.953764570842097, 40.409254524512768 ], [ -78.952138304784015, 40.408418717415323 ], [ -78.951019583486868, 40.408240855529641 ], [ -78.949487775255491, 40.408067274589335 ], [ -78.948535424270091, 40.407950828274224 ], [ -78.947829248912583, 40.407737071661685 ], [ -78.947326259421615, 40.407331704817999 ], [ -78.946820480342382, 40.406768450054862 ], [ -78.946641255346606, 40.405980727076624 ], [ -78.94670763666997, 40.405064126883907 ], [ -78.946727694708372, 40.405035331760764 ], [ -78.947370898410625, 40.404360878674133 ], [ -78.947824351999344, 40.403780080373423 ], [ -78.947868161712933, 40.402981951622138 ], [ -78.94722119901661, 40.402456875177286 ], [ -78.945945354139994, 40.402425776659854 ], [ -78.944615475393235, 40.402616799442981 ], [ -78.943643515627699, 40.403380206284822 ], [ -78.942382523038489, 40.404190904289166 ], [ -78.941286779243441, 40.404512416195196 ], [ -78.939258990576931, 40.404577628131904 ], [ -78.937289932936977, 40.404686515665453 ], [ -78.93532553957921, 40.405061211098172 ], [ -78.934180335878366, 40.405870631485968 ], [ -78.934196655593155, 40.406801085499822 ], [ -78.934963373246916, 40.407546580309209 ], [ -78.936189911863565, 40.408065775307207 ], [ -78.938053278900384, 40.408534091013784 ], [ -78.939337041339442, 40.409008345862546 ], [ -78.939810115982041, 40.409535256716481 ], [ -78.939941664938203, 40.410420206107254 ], [ -78.939488100318371, 40.411000973953271 ], [ -78.937984134206175, 40.411193713448633 ], [ -78.936191896760135, 40.411478025246389 ], [ -78.934114475295516, 40.412031123743063 ], [ -78.932731838058032, 40.412532756491323 ], [ -78.931639789748786, 40.413075716707617 ], [ -78.931061675298238, 40.413170259130915 ], [ -78.930596390134298, 40.413086386571429 ], [ -78.93035367513373, 40.412468453376519 ], [ -78.930617159307232, 40.410959043432698 ], [ -78.930586163487661, 40.409186751317719 ], [ -78.930163379943593, 40.40821613651147 ], [ -78.929388724714286, 40.406132693800735 ], [ -78.929307786212277, 40.40569890525682 ], [ -78.929172519735985, 40.404592405332977 ], [ -78.928977753980689, 40.403397882030752 ], [ -78.928840176956555, 40.402158457452977 ], [ -78.928531056382226, 40.40105372882266 ], [ -78.928684820206243, 40.39989996183737 ], [ -78.928894983637534, 40.39865698981265 ], [ -78.928535657493299, 40.39799592563817 ], [ -78.928350202478285, 40.397333087957541 ], [ -78.928225791234524, 40.396846888552481 ], [ -78.92839732735699, 40.39671219285308 ], [ -78.928921994894438, 40.396884100338191 ], [ -78.929682350659078, 40.397275176364971 ], [ -78.930792755125751, 40.397795614336339 ], [ -78.931721559490398, 40.397874746593466 ], [ -78.932650368419246, 40.397953872198485 ], [ -78.933749158363383, 40.397809670755528 ], [ -78.934905896532257, 40.397664865849876 ], [ -78.936063402456028, 40.397564355822482 ], [ -78.936937376266528, 40.397821270725366 ], [ -78.937875540735504, 40.398432041122064 ], [ -78.938753430386399, 40.398910478304529 ], [ -78.939449659001554, 40.398947626102569 ], [ -78.939908610773557, 40.39867700810796 ], [ -78.9402461840359, 40.398097430587846 ], [ -78.940580626048202, 40.397340624314531 ], [ -78.940768913790947, 40.39600223133035 ], [ -78.940853638807965, 40.395755120430316 ], [ -78.940963036378051, 40.395400298240659 ], [ -78.940975030550391, 40.395054321755204 ], [ -78.941250718251766, 40.394253802053719 ], [ -78.941470795558814, 40.393586803703286 ], [ -78.941690086147787, 40.392875497534519 ], [ -78.941968102680079, 40.392207899119661 ], [ -78.942068362841837, 40.391320558284725 ], [ -78.942042562393524, 40.389858418044888 ], [ -78.942012851783758, 40.388174740801603 ], [ -78.941871165788527, 40.386713796116084 ], [ -78.941788211590492, 40.385296560379331 ], [ -78.941821142782459, 40.383878128121445 ], [ -78.942153156631832, 40.382988394719753 ], [ -78.94295337388526, 40.38235971876356 ], [ -78.943467790572527, 40.381955567175289 ], [ -78.943402025005128, 40.381513092330351 ], [ -78.942466394071261, 40.381035284618498 ], [ -78.941322134529273, 40.380227255035543 ], [ -78.939846369847928, 40.378691424231683 ], [ -78.939314800862505, 40.378120796300784 ], [ -78.939187235471252, 40.37745737790511 ], [ -78.939119163628092, 40.376881978281297 ], [ -78.93928205360244, 40.376259885397744 ], [ -78.939617187603687, 40.375547387955955 ], [ -78.939949971563536, 40.374701967277737 ], [ -78.939879556742227, 40.373993644894973 ], [ -78.939116295890486, 40.373425402064655 ], [ -78.938819620278636, 40.373029615562395 ], [ -78.938873654218128, 40.372807482584413 ], [ -78.939277618835618, 40.372714694276212 ], [ -78.940264020314103, 40.372793166608226 ], [ -78.941313821428849, 40.373181186188617 ], [ -78.943069775260469, 40.374182321788318 ], [ -78.944532194568865, 40.374964888322928 ], [ -78.946161392103292, 40.375346870378898 ], [ -78.947551022194304, 40.37528815943552 ], [ -78.948935147308831, 40.374919281005035 ], [ -78.94984871297865, 40.374156433603801 ], [ -78.950472594156878, 40.373396590568973 ], [ -78.950412092556377, 40.373415753150567 ], [ -78.950643244513188, 40.373217555869616 ], [ -78.951209178120806, 40.372458310579489 ], [ -78.951775888830454, 40.371743369806019 ], [ -78.951878357189997, 40.370988941943544 ], [ -78.952153823737589, 40.370188397262197 ], [ -78.952369779500458, 40.369299840804572 ], [ -78.952703952473939, 40.368543000300342 ], [ -78.9525723312087, 40.367658060884033 ], [ -78.952151872077394, 40.36682044181569 ], [ -78.951387805126586, 40.366207973350136 ], [ -78.950535680397351, 40.365529940070566 ], [ -78.94942487850885, 40.36496537671924 ], [ -78.948376730826837, 40.3646660435017 ], [ -78.9465223532126, 40.364640946605164 ], [ -78.944393225361992, 40.365460656531454 ], [ -78.942619417805034, 40.366719814168761 ], [ -78.940894103168702, 40.367446658366028 ], [ -78.940380593651838, 40.367564624784045 ], [ -78.940201747581597, 40.367557355183486 ], [ -78.939770633662377, 40.367506948680536 ], [ -78.939589956219109, 40.367426541070223 ], [ -78.939550731659551, 40.367234985956884 ], [ -78.940109783291589, 40.366406546167099 ], [ -78.94052351160849, 40.36546991322539 ], [ -78.940905727634217, 40.364780405726258 ], [ -78.941322815393676, 40.364035692180877 ], [ -78.941712268838515, 40.363757449520996 ], [ -78.942316779109817, 40.363476984764354 ], [ -78.942995873112821, 40.363360284046699 ], [ -78.94378249380182, 40.363242468392386 ], [ -78.94442041055315, 40.362824534262515 ], [ -78.945052990727248, 40.362105002229285 ], [ -78.945973753124619, 40.361464752612953 ], [ -78.946614065590282, 40.361183895047603 ], [ -78.946965694759527, 40.360796336305462 ], [ -78.947103723769644, 40.360493254892177 ], [ -78.947135683868524, 40.360273541997884 ], [ -78.947273711057491, 40.359970462177913 ], [ -78.947737709082247, 40.359855962531569 ], [ -78.948310691437271, 40.359822599419751 ], [ -78.948668135555323, 40.359764046306388 ], [ -78.949739491098498, 40.359533545136863 ], [ -78.950653203454777, 40.35947740481906 ], [ -78.950922503268387, 40.359534966927136 ], [ -78.95146255784401, 40.359666465997911 ], [ -78.951969699272851, 40.359962841633937 ], [ -78.95244441849465, 40.360451510923127 ], [ -78.953101276113401, 40.361102818439058 ], [ -78.953899080969407, 40.361615539621688 ], [ -78.955196250671918, 40.361985934983203 ], [ -78.956851373479395, 40.362325153617391 ], [ -78.958077377904687, 40.36272368085487 ], [ -78.959519928172213, 40.363202198023394 ], [ -78.961073462200318, 40.363871491601984 ], [ -78.962985961216688, 40.364564419675929 ], [ -78.964391753643653, 40.364988414968678 ], [ -78.965868264464575, 40.365356804465733 ], [ -78.967306974599808, 40.365615882636838 ], [ -78.968062178049692, 40.365745036122831 ], [ -78.968706884339269, 40.365710815076476 ], [ -78.969206727270091, 40.365595851197469 ], [ -78.96978350394059, 40.365496596040323 ], [ -78.971503448607308, 40.365358653368716 ], [ -78.97157123209476, 40.365339627559059 ], [ -78.971956570703512, 40.36515332225315 ], [ -78.972453870330369, 40.364917874959204 ], [ -78.972875772860348, 40.364673634021266 ], [ -78.973160813480106, 40.364488385151908 ], [ -78.974512316685335, 40.363439231567376 ], [ -78.97564588388218, 40.36205343152605 ], [ -78.975975741592791, 40.361074994249925 ], [ -78.976721482475625, 40.36066823794615 ], [ -78.978167083712492, 40.360519936840873 ], [ -78.980368870939117, 40.36054082692052 ], [ -78.982278632250001, 40.360431843549577 ], [ -78.985052333352868, 40.360047706044959 ], [ -78.986957209921044, 40.359672806351618 ], [ -78.988510490925805, 40.359080066665953 ], [ -78.989308366471732, 40.358362463962393 ], [ -78.990202560906312, 40.356580253569717 ], [ -78.990524868936305, 40.355203015805898 ], [ -78.990729710758643, 40.35373840623771 ], [ -78.990057721616523, 40.351840053947228 ], [ -78.988946360065967, 40.350197493885375 ], [ -78.98859706989569, 40.349573474013333 ], [ -78.987407244508418, 40.347857915145113 ], [ -78.986334103687923, 40.346185413148071 ], [ -78.985444447932579, 40.345042725862363 ], [ -78.984906301856114, 40.344117850348624 ], [ -78.984659313164983, 40.343278493692502 ], [ -78.984653653794766, 40.342968346396717 ], [ -78.984944801567082, 40.343053865218174 ], [ -78.985765993182213, 40.343621189597236 ], [ -78.986707876793304, 40.344453108047176 ], [ -78.987704446830392, 40.34510717063214 ], [ -78.988865022107532, 40.34522768220225 ], [ -78.990080260663603, 40.345170330941912 ], [ -78.991409685331419, 40.345023110485549 ], [ -78.993315729830528, 40.344736725346742 ], [ -78.995679300770817, 40.344135168584657 ], [ -78.997633402550278, 40.343316408456765 ], [ -78.9993517468872, 40.34227858759872 ], [ -78.999753088030744, 40.341964263350185 ], [ -79.000230458123809, 40.341559066721906 ], [ -79.00061600165489, 40.3413182174966 ], [ -79.001662284754715, 40.340549504710879 ], [ -79.003376799448944, 40.338962055236159 ], [ -79.004182729235197, 40.33794346507927 ], [ -79.004871501319357, 40.336962210149522 ], [ -79.005438104129794, 40.335747850850552 ], [ -79.005701423420177, 40.334699082815263 ], [ -79.005750360451643, 40.333526413748565 ], [ -79.005374901857678, 40.332340325177228 ], [ -79.004749920969999, 40.33103973221985 ], [ -79.00402012414348, 40.32980338819695 ], [ -79.003153012608493, 40.328784924589108 ], [ -79.002108080581678, 40.327705266743052 ], [ -79.000934119676145, 40.326654045173427 ], [ -79.000288093767466, 40.326120052519478 ], [ -78.999735639815441, 40.325548978756196 ], [ -78.999349751245873, 40.325066261823892 ], [ -78.999157974157484, 40.324888005491829 ], [ -78.999106203962981, 40.324636104664698 ], [ -78.999362995310605, 40.324507098120101 ], [ -78.999976123885972, 40.324536533184528 ], [ -79.002674868149313, 40.325228613955183 ], [ -79.004569733474256, 40.325767069435884 ], [ -79.006198145677246, 40.325911667636497 ], [ -79.007140074932593, 40.325883387505691 ], [ -79.007155843485279, 40.325864212720155 ], [ -79.00738691505552, 40.325853652475445 ], [ -79.008278043307257, 40.325627554024969 ], [ -79.009308827675085, 40.325309760479016 ], [ -79.010103367847421, 40.324958470473767 ], [ -79.010779783591033, 40.324590432896599 ], [ -79.011025133301445, 40.323848404734896 ], [ -79.011129529364737, 40.321863646219121 ], [ -79.010679692202615, 40.320480022632914 ], [ -79.009940513727017, 40.318738894306804 ], [ -79.009242358848667, 40.317935025620457 ], [ -79.008641118145789, 40.317274360237114 ], [ -79.008465187551607, 40.316681191242843 ], [ -79.008462647208034, 40.316682749235397 ], [ -79.008397420655797, 40.316204059865072 ], [ -79.008580489441755, 40.315913537032024 ], [ -79.008906208944524, 40.31569359343699 ], [ -79.009466788782376, 40.315435021838603 ], [ -79.010692881095594, 40.315493779544212 ], [ -79.011778333600915, 40.315590123692516 ], [ -79.013497025144943, 40.315535272572127 ], [ -79.014953602221908, 40.31532096941114 ], [ -79.016616747139295, 40.31481585590965 ], [ -79.018321573096031, 40.3140217342388 ], [ -79.019567935360001, 40.313277711267645 ], [ -79.020236745347447, 40.312512975300457 ], [ -79.020576494791882, 40.311787922127913 ], [ -79.020935728246315, 40.310846258700195 ], [ -79.021044455027621, 40.309736036667331 ], [ -79.020755634766516, 40.308152315802296 ], [ -79.02031696612022, 40.306741555191785 ], [ -79.01994208961024, 40.305591568049245 ], [ -79.019624662176042, 40.304478906244476 ], [ -79.019435212135704, 40.303286830645 ], [ -79.019420433963063, 40.302497996863032 ], [ -79.01937741051789, 40.301688148918466 ], [ -79.019368623618604, 40.301219112299037 ], [ -79.019594919770014, 40.300999435494603 ], [ -79.019837380735552, 40.300889793261405 ], [ -79.020413865341538, 40.300896826818885 ], [ -79.021151268488467, 40.301102671200603 ], [ -79.0220500976572, 40.301534060715696 ], [ -79.022879593356876, 40.301992951305181 ], [ -79.023742767419947, 40.302384603176904 ], [ -79.024463739292145, 40.30264409606059 ], [ -79.025094388050334, 40.302744113944854 ], [ -79.025775662853306, 40.302749963197563 ], [ -79.026419744853911, 40.302635872143455 ], [ -79.027076752443875, 40.302280933767626 ], [ -79.027487018595664, 40.301808371167809 ], [ -79.027684460804807, 40.301164320926489 ], [ -79.027443597610883, 40.30043151355855 ], [ -79.026889694575047, 40.299769026152859 ], [ -79.026215589323087, 40.299214842036506 ], [ -79.025546022726701, 40.298901304838452 ], [ -79.025087001624996, 40.298638926963676 ], [ -79.024715542477423, 40.298388954299924 ], [ -79.024191209936106, 40.298367994656004 ], [ -79.023601555968725, 40.298588451144354 ], [ -79.022976975626477, 40.298809291793859 ], [ -79.022296242970668, 40.298830162367274 ], [ -79.02176588640944, 40.29848832479977 ], [ -79.021069860442026, 40.297693652300744 ], [ -79.02074804494778, 40.297296025254354 ], [ -79.020463660564275, 40.297031708726827 ], [ -79.020598833897779, 40.296789522677045 ], [ -79.021122400865153, 40.29677039088498 ], [ -79.022136120228566, 40.296812721035622 ], [ -79.022884164849998, 40.296657386509445 ], [ -79.02392626870575, 40.296351711272081 ], [ -79.024326602794275, 40.296280434891116 ], [ -79.025174870260727, 40.295883280606631 ], [ -79.026671674311075, 40.295612677496543 ], [ -79.027895404255773, 40.295679380978285 ], [ -79.028561670113191, 40.295819103402501 ], [ -79.029300301725513, 40.296091742286158 ], [ -79.030296553109991, 40.296134195123052 ], [ -79.031044821605406, 40.295992178614597 ], [ -79.032122051659641, 40.295699411299985 ], [ -79.033283912738085, 40.29526528559262 ], [ -79.034077961912956, 40.294775063269668 ], [ -79.035200185588906, 40.294093973782736 ], [ -79.036374512202187, 40.2933989208451 ], [ -79.037011126776719, 40.292897058006638 ], [ -79.037508309353171, 40.292410118808782 ], [ -79.037670204423961, 40.29173970380279 ], [ -79.037797175470288, 40.291069676716241 ], [ -79.037323945682374, 40.290058661229786 ], [ -79.034847283189208, 40.288374586938509 ], [ -79.032373776471204, 40.286850890375696 ], [ -79.031310128969977, 40.286006867673976 ], [ -79.030390710257009, 40.285401938856317 ], [ -79.029170683311705, 40.284765890341831 ], [ -79.029136655903059, 40.284745275628438 ], [ -79.028369658033824, 40.284231784333841 ], [ -79.027565357358384, 40.283747701492068 ], [ -79.026533380810065, 40.283237128162746 ], [ -79.026034689122909, 40.282894650502918 ], [ -79.026220154099704, 40.282689608729484 ], [ -79.027691109355331, 40.282383361635155 ], [ -79.029311840776884, 40.281988439452064 ], [ -79.030523791932012, 40.2820040116409 ], [ -79.031812555271884, 40.28207671883731 ], [ -79.033213795928901, 40.282090162008608 ], [ -79.035290405424348, 40.281777090767122 ], [ -79.036838110961639, 40.281527870578451 ], [ -79.038347947577506, 40.281279053480631 ], [ -79.039853912888574, 40.280827266908666 ], [ -79.040979647896762, 40.280292712953724 ], [ -79.041947870407455, 40.279440922763598 ], [ -79.04261157230215, 40.278505532088843 ], [ -79.043045371411523, 40.277427718891616 ], [ -79.043137372340325, 40.276295732794011 ], [ -79.04293484274217, 40.275602025209295 ], [ -79.04235600273941, 40.275028521942225 ], [ -79.041896803313577, 40.274772667219864 ], [ -79.041173195150407, 40.274548764305429 ], [ -79.040754613714057, 40.274437446135217 ], [ -79.040486891993353, 40.274295441743867 ], [ -79.040369474943461, 40.274093760074237 ], [ -79.040159810300779, 40.273023141626574 ], [ -79.040286950401835, 40.27174576888094 ], [ -79.040356031813161, 40.271397010214564 ], [ -79.040466273419909, 40.271221785936142 ], [ -79.040955016857765, 40.271042331303505 ], [ -79.041445965549627, 40.270978846735581 ], [ -79.042468471960447, 40.27099641286356 ], [ -79.043305045623271, 40.271190043889064 ], [ -79.044293576960683, 40.271410965163824 ], [ -79.045279899152263, 40.271515908521032 ], [ -79.046151566436421, 40.271564130001472 ], [ -79.047401185101108, 40.271579104735807 ], [ -79.048573991536358, 40.271536929260769 ], [ -79.049215226335008, 40.271413726387067 ], [ -79.049820274350111, 40.2713779213449 ], [ -79.05042699223452, 40.271429092958954 ], [ -79.050580616077241, 40.271543359052394 ], [ -79.050659652000974, 40.271716462647447 ], [ -79.050740912281881, 40.272005536362308 ], [ -79.050858355689968, 40.272207207383751 ], [ -79.051240200097681, 40.272376901046599 ], [ -79.051659340721969, 40.272517174722211 ], [ -79.052337873098168, 40.272364533803959 ], [ -79.053121599658013, 40.271775718225555 ], [ -79.053412704370942, 40.271163456402817 ], [ -79.053399890929427, 40.270496626850573 ], [ -79.052703006322119, 40.269692515497319 ], [ -79.052012816601305, 40.269236312141416 ], [ -79.051815781963839, 40.268832547493979 ], [ -79.051582013412158, 40.268487194200226 ], [ -79.051274775649375, 40.268258663615995 ], [ -79.050892954573257, 40.268088968274377 ], [ -79.050585720982752, 40.267860435838806 ], [ -79.050090354832449, 40.267692017529733 ], [ -79.049862153662986, 40.267636586187493 ], [ -79.049251586309808, 40.267382464153911 ], [ -79.048530807684529, 40.267303569234947 ], [ -79.047960314374293, 40.267164984020553 ], [ -79.047576843621854, 40.266908302192583 ], [ -79.046854965882815, 40.266771411568925 ], [ -79.046436977059159, 40.266689107232366 ], [ -79.045822001904, 40.266203022764643 ], [ -79.045017245569909, 40.26569006429704 ], [ -79.04433599525882, 40.265697697558828 ], [ -79.043503357362184, 40.26570702257267 ], [ -79.042391429927747, 40.264965491547457 ], [ -79.041961315479057, 40.264245326795965 ], [ -79.041958554232536, 40.264100362531551 ], [ -79.041991430893944, 40.263839003605362 ], [ -79.042404426235919, 40.263660391408933 ], [ -79.044629045674824, 40.263200500899799 ], [ -79.046442869511694, 40.263035168343471 ], [ -79.048789299444877, 40.263008817287094 ], [ -79.050456172211724, 40.263077065869957 ], [ -79.051361128873964, 40.262892882849954 ], [ -79.052186497507876, 40.262506597185784 ], [ -79.052255511082677, 40.262157833133379 ], [ -79.052174813281269, 40.261897750802355 ], [ -79.051673375401975, 40.261410418276341 ], [ -79.051366168554395, 40.261181887066257 ], [ -79.050634896935833, 40.260552143127768 ], [ -79.050092857414853, 40.259920265015751 ], [ -79.050049459720029, 40.259630764772631 ], [ -79.050122925169362, 40.259513940573626 ], [ -79.050425117810164, 40.259481542706261 ], [ -79.050766268141189, 40.25950670096416 ], [ -79.052056285305838, 40.259666164343102 ], [ -79.052509298668156, 40.259603061702478 ], [ -79.053528290862317, 40.259446575512875 ], [ -79.055046492569005, 40.259661430044069 ], [ -79.056781717777184, 40.259351827622709 ], [ -79.057791756822354, 40.25873142232534 ], [ -79.058933576321493, 40.257094549535488 ], [ -79.059485545924872, 40.256276323474182 ], [ -79.059471001333847, 40.255522514933631 ], [ -79.059117567776326, 40.254859543150616 ], [ -79.058572144846664, 40.254053748473019 ], [ -79.057952171093987, 40.25330679367692 ], [ -79.057338354883825, 40.252878755344703 ], [ -79.056613257932923, 40.252567966849874 ], [ -79.055501967686752, 40.251855553710435 ], [ -79.055038978226008, 40.251396799262693 ], [ -79.054680038531458, 40.2504438850114 ], [ -79.054374544362361, 40.250302338116853 ], [ -79.054109118009293, 40.250276335757121 ], [ -79.053732960789162, 40.250396576958643 ], [ -79.053097498770171, 40.250809730433915 ], [ -79.052608934008106, 40.250989234250909 ], [ -79.051966784431841, 40.251054469304314 ], [ -79.05166185001346, 40.250941908130812 ], [ -79.051540551232861, 40.250537288885496 ], [ -79.051645173168282, 40.250072124897017 ], [ -79.051958796722445, 40.249824881724138 ], [ -79.05289879366768, 40.249601478657716 ], [ -79.053753445443604, 40.249272627320579 ], [ -79.05405030124372, 40.248822381360007 ], [ -79.05410092884928, 40.248566439650361 ], [ -79.054009867867407, 40.248163132709443 ], [ -79.05392411605095, 40.248036416551159 ], [ -79.05378283366521, 40.247910326896744 ], [ -79.053529260939342, 40.247721659911825 ], [ -79.052824085150931, 40.247155031277742 ], [ -79.052539896090806, 40.246817743153514 ], [ -79.052452518569751, 40.24660591994806 ], [ -79.052448030016961, 40.246371882473468 ], [ -79.052501520400142, 40.246264876612216 ], [ -79.0526387155994, 40.246178206189043 ], [ -79.052832666084981, 40.246154739623805 ], [ -79.053055200107863, 40.246173509867241 ], [ -79.05347372654596, 40.246275193742022 ], [ -79.054227076142311, 40.246458219964033 ], [ -79.054922443589106, 40.246514211786277 ], [ -79.055391599524782, 40.246359946517053 ], [ -79.055525519538051, 40.246103064453678 ], [ -79.055292354388598, 40.245531118396862 ], [ -79.054948948848661, 40.245002976906505 ], [ -79.054772959379235, 40.244515506717796 ], [ -79.054700670615432, 40.24364380984423 ], [ -79.054687592988117, 40.242962973501506 ], [ -79.054449950597999, 40.242156985685881 ], [ -79.053987755260565, 40.241225847681662 ], [ -79.053925282208738, 40.240864779462498 ], [ -79.054143714430367, 40.240670786881786 ], [ -79.054392358858237, 40.24060413840558 ], [ -79.055113797768286, 40.240574712843546 ], [ -79.055726227131245, 40.2406529167814 ], [ -79.056366828857875, 40.240752080683372 ], [ -79.057422655476927, 40.240782700481041 ], [ -79.058835307116823, 40.240596462334622 ], [ -79.059966624377196, 40.240221870260349 ], [ -79.060593271755806, 40.239597622295925 ], [ -79.060828766642786, 40.238850123297325 ], [ -79.060756408832887, 40.237978430315273 ], [ -79.060768572278818, 40.237169621036394 ], [ -79.060837490395684, 40.236424012704163 ], [ -79.060906404602449, 40.235678402562151 ], [ -79.060754873816194, 40.235020416414812 ], [ -79.060575174089195, 40.234341468797915 ], [ -79.06045181880917, 40.233704443565394 ], [ -79.060386862201426, 40.233215721529731 ], [ -79.059983858716095, 40.232475461006828 ], [ -79.059640078888918, 40.231926056117373 ], [ -79.059551878359613, 40.231671686847953 ], [ -79.059689447030053, 40.231606285539222 ], [ -79.06041324614975, 40.23170448300025 ], [ -79.060912508944895, 40.231677539793175 ], [ -79.062160048529449, 40.231578258121537 ], [ -79.062657664586652, 40.231466203326697 ], [ -79.063293255826821, 40.231310015568724 ], [ -79.064957585240805, 40.231227247573543 ], [ -79.066343080170171, 40.231083789091862 ], [ -79.066858064422092, 40.23088297506505 ], [ -79.066370126372689, 40.227553315299602 ], [ -79.066712753311933, 40.223418536956011 ], [ -79.067506992194765, 40.213831804710907 ], [ -79.067640040012151, 40.21296778036745 ], [ -79.06898042327073, 40.204261947182509 ], [ -79.071298836044164, 40.192034152615733 ], [ -79.07272852621675, 40.184491421925685 ], [ -79.076841731978647, 40.170741801850745 ], [ -79.084923250723321, 40.151345359913996 ], [ -79.09091948852209, 40.139479624070191 ], [ -79.091218411858264, 40.138887978987313 ], [ -79.092308274973632, 40.13673076527008 ], [ -79.094627109987456, 40.132140499664736 ], [ -79.098491921725298, 40.124219576108949 ], [ -79.100919458381597, 40.119243323800134 ], [ -79.103791192820211, 40.113355488536797 ], [ -79.111296541788121, 40.092716226185068 ], [ -79.114643603924236, 40.082504240310996 ], [ -79.114717755926534, 40.070662290278563 ], [ -79.111319043018256, 40.061347163147246 ], [ -79.108089755421759, 40.056786558514325 ], [ -79.107670036088166, 40.056193751691303 ], [ -79.105225988967206, 40.052741571303486 ], [ -79.100802178914606, 40.046491975678343 ], [ -79.099789360876471, 40.045043414945177 ], [ -79.099272034321302, 40.044303493533711 ], [ -79.093985661493022, 40.036741435350415 ], [ -79.087243926406003, 40.027094691021148 ], [ -79.079725736491099, 40.013247718693805 ], [ -79.077132360584372, 40.00713192348983 ], [ -79.074111082933129, 40.000005564979624 ], [ -79.064803724461001, 39.9921989635898 ], [ -79.052785412335794, 39.983585787102577 ], [ -79.043534284742066, 39.97910077419143 ], [ -79.035961734809902, 39.978339015315967 ], [ -79.02760791996981, 39.97945344073954 ], [ -79.017159716742995, 39.984948452313063 ], [ -79.001119286988072, 39.995892957259279 ], [ -78.99023942938878, 40.003085516555842 ], [ -78.981055362963502, 40.009155005085077 ], [ -78.973369947166361, 40.01466128170884 ], [ -78.96902278260356, 40.017775215729905 ], [ -78.956138207926188, 40.023700730508722 ], [ -78.946981522125157, 40.025854597706704 ], [ -78.937260727201576, 40.026350488619784 ], [ -78.929132236959973, 40.02475521852157 ], [ -78.923958921006488, 40.021889025846285 ], [ -78.919585161109453, 40.018185208853524 ], [ -78.919413332365707, 40.017802318007853 ], [ -78.915962945759787, 40.010112766469973 ], [ -78.915463446280782, 40.006639070789262 ], [ -78.914769566933003, 40.001812995408002 ], [ -78.915222213005691, 39.995369603285667 ], [ -78.921325618249028, 39.98742647331936 ], [ -78.933034214646057, 39.974867043870113 ], [ -78.94446560586762, 39.962100957112099 ], [ -78.953457908725312, 39.948938704612296 ], [ -78.960498746943159, 39.931637553132518 ], [ -78.961141082196789, 39.926386726518984 ], [ -78.962431764756332, 39.915833456330631 ], [ -78.962062771029821, 39.912317738065717 ], [ -78.962109415284445, 39.912317249675134 ], [ -78.962105735844673, 39.912108591159267 ], [ -78.962032407738718, 39.912028420202923 ], [ -78.961594174515426, 39.907852471216557 ], [ -78.960558796675826, 39.897984244425125 ], [ -78.957098702342961, 39.882225752250527 ], [ -78.953298089849326, 39.873127875213292 ], [ -78.950959423771138, 39.867528315496912 ], [ -78.950248409769472, 39.866024710029102 ], [ -78.945703360740268, 39.856411465267911 ], [ -78.944077763334491, 39.852199794785506 ], [ -78.943977713351259, 39.852321246308229 ], [ -78.943448762110066, 39.853013408782459 ], [ -78.942696242394547, 39.853658817772477 ], [ -78.941846567194361, 39.854207121504778 ], [ -78.940744469750285, 39.854880637780596 ], [ -78.939894762124482, 39.855428926113106 ], [ -78.939140066012271, 39.85595170811218 ], [ -78.938577105767962, 39.856521570650351 ], [ -78.938205037159236, 39.857089471169317 ], [ -78.938053566101217, 39.857532482087223 ], [ -78.937522402956844, 39.858102011916749 ], [ -78.93682960310295, 39.858526042884307 ], [ -78.936137855433728, 39.859011371483099 ], [ -78.935510785630512, 39.859557349499063 ], [ -78.934757701341255, 39.860178187277647 ], [ -78.934197200296296, 39.860895154063058 ], [ -78.933765230861525, 39.861684383627811 ], [ -78.933299322322526, 39.862351329551672 ], [ -78.932765553830507, 39.862773710890465 ], [ -78.932072680797774, 39.86319771397315 ], [ -78.931479045143675, 39.863841429743324 ], [ -78.930727558685376, 39.864560328611084 ], [ -78.930197121692672, 39.865178867535832 ], [ -78.929821574299567, 39.865550572558178 ], [ -78.929444978402302, 39.865860977022223 ], [ -78.928878076346308, 39.866210101631786 ], [ -78.927867769588602, 39.866686360073906 ], [ -78.927049217228713, 39.867209710109549 ], [ -78.926263313269459, 39.867781776489217 ], [ -78.925670004825918, 39.868449985054916 ], [ -78.92545520308137, 39.868918147213037 ], [ -78.925338791354619, 39.869503778014931 ], [ -78.925336690326745, 39.869507388545841 ], [ -78.925310955824486, 39.869790263351646 ], [ -78.925166494609286, 39.870650118460141 ], [ -78.924891386794968, 39.871315094751111 ], [ -78.924553043953395, 39.872005237263366 ], [ -78.923860862141311, 39.872478234594226 ], [ -78.92279221376134, 39.8732738704919 ], [ -78.921820263983705, 39.874142093175145 ], [ -78.92104007834881, 39.875057421962701 ], [ -78.920575210410064, 39.875797880812044 ], [ -78.919763583594758, 39.876738044718479 ], [ -78.918946932913812, 39.877383947664065 ], [ -78.917842160194709, 39.877934646518767 ], [ -78.916609230767961, 39.878437576213095 ], [ -78.915728668809692, 39.879071835603945 ], [ -78.915355463654492, 39.879590623418302 ], [ -78.915177369760627, 39.880352702002583 ], [ -78.91506998981869, 39.881531000875974 ], [ -78.914834459494926, 39.882661537546916 ], [ -78.914466626324355, 39.883499098521419 ], [ -78.913841655491893, 39.884192089558297 ], [ -78.91343512422192, 39.884625365246045 ], [ -78.913159020766813, 39.885241272975534 ], [ -78.91301023366097, 39.885855900590883 ], [ -78.912861030111344, 39.886446006953818 ], [ -78.912486105361381, 39.886866701420558 ], [ -78.912013611009286, 39.887165746458635 ], [ -78.911477454896939, 39.887465427095819 ], [ -78.910851590561663, 39.888109358902838 ], [ -78.91048077986197, 39.88877525977572 ], [ -78.910080615559451, 39.889588604113733 ], [ -78.9097151659346, 39.890573278061112 ], [ -78.909438592772815, 39.891164653366488 ], [ -78.909033442724933, 39.891683741637912 ], [ -78.908436046215968, 39.892131172879687 ], [ -78.907554822662249, 39.892740853334814 ], [ -78.906739519208955, 39.893484757932306 ], [ -78.906275202878035, 39.894274203084784 ], [ -78.905909264547091, 39.895234344179315 ], [ -78.905512717408854, 39.896268366134969 ], [ -78.905077116293484, 39.896873579953912 ], [ -78.904420504536503, 39.897591360696005 ], [ -78.903572864658116, 39.89831103907639 ], [ -78.902566020087122, 39.899032295041977 ], [ -78.901401617115226, 39.899853210808701 ], [ -78.900109423467271, 39.900650856945532 ], [ -78.898752295286599, 39.901375557149649 ], [ -78.897555555528214, 39.902172229144142 ], [ -78.89657961396307, 39.902844077342031 ], [ -78.89566610421663, 39.903441723088001 ], [ -78.895101992702934, 39.903986857573585 ], [ -78.894727272756441, 39.904432018228498 ], [ -78.893753719862261, 39.90525096874179 ], [ -78.893254890204005, 39.905893551397376 ], [ -78.893104661940171, 39.906434591636597 ], [ -78.892760332641274, 39.906793606161663 ], [ -78.892230455364086, 39.907485541802558 ], [ -78.891671578678753, 39.908349436475746 ], [ -78.891075553659732, 39.908894865876057 ], [ -78.890194981042143, 39.909565720944045 ], [ -78.889379700873107, 39.91033402817289 ], [ -78.888785668905896, 39.91100205198061 ], [ -78.888448809311996, 39.911814699137466 ], [ -78.888050284417062, 39.912750577967088 ], [ -78.887423161723362, 39.913345342784019 ], [ -78.887094703363431, 39.91361201818539 ], [ -78.886983439445032, 39.913717539544749 ], [ -78.886550607018009, 39.914506597154393 ], [ -78.886089568164309, 39.91551665772031 ], [ -78.885536629279798, 39.916748344020007 ], [ -78.885137227101325, 39.917635169685397 ], [ -78.884576157176866, 39.91837642400742 ], [ -78.883475711758791, 39.919245582506896 ], [ -78.881746383918326, 39.92061138371529 ], [ -78.880178647843223, 39.922122732662764 ], [ -78.878643901388159, 39.92370731507544 ], [ -78.877453788120121, 39.924945169412467 ], [ -78.876829479053157, 39.925723790670084 ], [ -78.876711749765747, 39.925902660241292 ], [ -78.876396257351487, 39.926500551328537 ], [ -78.875998694024219, 39.927509951644588 ], [ -78.875659594325171, 39.928199955659338 ], [ -78.875392227008774, 39.929379766608541 ], [ -78.875031706215722, 39.930707632354178 ], [ -78.874887309658504, 39.931616470387439 ], [ -78.874594087359242, 39.933164407551352 ], [ -78.874127937824156, 39.93388016522966 ], [ -78.873884750849697, 39.934593755824565 ], [ -78.873677827695275, 39.935576772427808 ], [ -78.873624956440295, 39.936239468657625 ], [ -78.87356485948122, 39.936460778309502 ], [ -78.873280579112134, 39.936610685580796 ], [ -78.872077124301342, 39.937051543611631 ], [ -78.87043309282214, 39.937827741877065 ], [ -78.868631741806624, 39.938728062463973 ], [ -78.866988425664715, 39.939553254801702 ], [ -78.865028099766121, 39.940479578170191 ], [ -78.863448811111297, 39.941328629346174 ], [ -78.862628882747487, 39.94185153938551 ], [ -78.862064594562199, 39.942421039904183 ], [ -78.861415443251431, 39.94365353036752 ], [ -78.860818358729702, 39.945011309182476 ], [ -78.860639073162417, 39.945518106725871 ], [ -78.860209466139722, 39.946552871142487 ], [ -78.859690589230652, 39.947588487894656 ], [ -78.858863177627839, 39.948867541196407 ], [ -78.857800522630512, 39.95078440433241 ], [ -78.857289337649846, 39.952300903756353 ], [ -78.857040388539644, 39.953471346476427 ], [ -78.856874601886759, 39.954263090645135 ], [ -78.856712136439441, 39.955260931802762 ], [ -78.856813593772003, 39.956015766346034 ], [ -78.856732081603468, 39.956497513125925 ], [ -78.856427397115169, 39.956981390450636 ], [ -78.85568409942131, 39.957950423829956 ], [ -78.855108817856475, 39.958265107976409 ], [ -78.854398515752649, 39.958512366955503 ], [ -78.853907518795864, 39.958517048504426 ], [ -78.853239084571229, 39.958592128279363 ], [ -78.852570095975111, 39.958632854573338 ], [ -78.852082410288531, 39.958843624698787 ], [ -78.85180082543333, 39.959378804176573 ], [ -78.851277317822749, 39.960139588218361 ], [ -78.851203481337421, 39.961102223476097 ], [ -78.850986356541227, 39.961482190552353 ], [ -78.850186729888222, 39.961730273864774 ], [ -78.849472523265192, 39.961737056868415 ], [ -78.848847585038001, 39.961742988373537 ], [ -78.848137225641139, 39.961990209232653 ], [ -78.847252701979343, 39.96251391520574 ], [ -78.846282179687833, 39.963244558 ], [ -78.845761324647285, 39.964177064997713 ], [ -78.845241552424355, 39.965178269833892 ], [ -78.844805016779603, 39.965800782633323 ], [ -78.844723410397677, 39.96628252036205 ], [ -78.844774631231559, 39.966694293460279 ], [ -78.845091511294953, 39.96696613496276 ], [ -78.845634892322224, 39.967441959857567 ], [ -78.846580609674092, 39.967948329885104 ], [ -78.847033076652892, 39.968321946369748 ], [ -78.847267281382642, 39.969006821183413 ], [ -78.847299767913213, 39.969642076617951 ], [ -78.846956907804397, 39.970538548108856 ], [ -78.846345073624875, 39.971368854226334 ], [ -78.8450183560266, 39.972171566149896 ], [ -78.843820063653482, 39.972629502848164 ], [ -78.842797054083817, 39.972879644419962 ], [ -78.841592174562479, 39.972925364499311 ], [ -78.84065570959703, 39.973002897988415 ], [ -78.839768803132344, 39.973389149464339 ], [ -78.839058287646225, 39.973636317530413 ], [ -78.837989508679911, 39.973818138511561 ], [ -78.836966460601545, 39.974068229487905 ], [ -78.836080604660495, 39.974523152554241 ], [ -78.835331942577838, 39.975182910890503 ], [ -78.834499407146311, 39.97618699815272 ], [ -78.83420045067686, 39.977048665471905 ], [ -78.834037068334823, 39.978012126676205 ], [ -78.833960262105805, 39.978803002877925 ], [ -78.833810233271322, 39.979199487204994 ], [ -78.833414898877621, 39.979615443399211 ], [ -78.83271026541496, 39.980240418009778 ], [ -78.832099257459348, 39.981139351333383 ], [ -78.831665213640306, 39.981933564225812 ], [ -78.831675512494357, 39.982586206556128 ], [ -78.831599218048268, 39.983411431236711 ], [ -78.83138516911643, 39.983997460153937 ], [ -78.830951641686511, 39.984826019379625 ], [ -78.830631095371203, 39.985739411098471 ], [ -78.830556949735552, 39.986702033466244 ], [ -78.830930440321083, 39.987729185609993 ], [ -78.831259828195485, 39.988791104402985 ], [ -78.831723736725181, 39.989886118547183 ], [ -78.832416375874459, 39.991322540069334 ], [ -78.832559032434446, 39.991870879933494 ], [ -78.832516544521937, 39.992008695702758 ], [ -78.832026390753484, 39.992081986839516 ], [ -78.830999255072342, 39.992091581595211 ], [ -78.829570736584685, 39.99213926373924 ], [ -78.828632371343375, 39.992113655370666 ], [ -78.827555173292026, 39.991780139087034 ], [ -78.826704513065778, 39.991650634110279 ], [ -78.825901209763273, 39.991692457669274 ], [ -78.824832113455187, 39.991874159859037 ], [ -78.823944335068802, 39.992225944256873 ], [ -78.822775141683834, 39.993147181744703 ], [ -78.82193951740652, 39.993979431496498 ], [ -78.821639797881005, 39.994806717347799 ], [ -78.821608032268202, 39.995631522000267 ], [ -78.821889428325576, 39.996487782092473 ], [ -78.822260698200751, 39.997377563334119 ], [ -78.822450635411215, 39.998097250848986 ], [ -78.822325253103017, 39.998648086327528 ], [ -78.821929201850082, 39.999029653505758 ], [ -78.821180140391021, 39.999689323783215 ], [ -78.8210977972752, 40.00013669529941 ], [ -78.821375444519745, 40.000752512597408 ], [ -78.821725196724273, 40.001694030976218 ], [ -78.822587265092878, 40.002544915523188 ], [ -78.823262083840817, 40.002847853917878 ], [ -78.824022468653141, 40.00290951185589 ], [ -78.824519711369859, 40.003282799417335 ], [ -78.824572459525498, 40.003797630726069 ], [ -78.824135494150966, 40.004420070023087 ], [ -78.823382623436217, 40.004839309824789 ], [ -78.822678177954501, 40.005498577188888 ], [ -78.821881697029028, 40.005986920520321 ], [ -78.82010627060977, 40.006724793412474 ], [ -78.817972386635958, 40.007397236399036 ], [ -78.815792189562359, 40.007967003485547 ], [ -78.813700760184929, 40.008501560354318 ], [ -78.811699700022018, 40.009103958945225 ], [ -78.809806293973466, 40.009447678983044 ], [ -78.808430023130228, 40.010009945089834 ], [ -78.807634446262071, 40.010566889708322 ], [ -78.807021249844922, 40.011362649071181 ], [ -78.806235179530347, 40.012537883014417 ], [ -78.805311359156505, 40.013473884598952 ], [ -78.8044316590439, 40.014375122217437 ], [ -78.8037237589146, 40.014828178434158 ], [ -78.803210894751729, 40.015038612230548 ], [ -78.803014901387954, 40.01513529700302 ], [ -78.802396198463185, 40.015460636367806 ], [ -78.801859656550093, 40.015721283977385 ], [ -78.801078078105334, 40.016271894641029 ], [ -78.800627619676561, 40.016723581913105 ], [ -78.800179114430151, 40.017303134591451 ], [ -78.799766294721408, 40.017498706465531 ], [ -78.799189622024514, 40.017855619921107 ], [ -78.798526362635116, 40.017989514913509 ], [ -78.797491360938551, 40.018286624611669 ], [ -78.796624122292442, 40.018678124695697 ], [ -78.795842465532161, 40.019228700469903 ], [ -78.79504074260737, 40.019827411511415 ], [ -78.794022753924835, 40.021243333420635 ], [ -78.792997907035044, 40.022211710709563 ], [ -78.791851698145067, 40.023404969509585 ], [ -78.790500463711254, 40.024791887332078 ], [ -78.789725484472626, 40.025789960025385 ], [ -78.788846775057593, 40.026804945174476 ], [ -78.788271419454205, 40.027257704654481 ], [ -78.787279265084294, 40.027650254831805 ], [ -78.785748946939336, 40.028207469942657 ], [ -78.784679398801316, 40.028984344945762 ], [ -78.783735056517116, 40.029792063115494 ], [ -78.783248097572098, 40.03060677493427 ], [ -78.78315115476309, 40.031060140961806 ], [ -78.782959151282228, 40.032116905576224 ], [ -78.782595978696421, 40.032855483549241 ], [ -78.781868163874051, 40.034236736770218 ], [ -78.781096325421743, 40.035458522114972 ], [ -78.780026610689973, 40.036235354764919 ], [ -78.779116491376328, 40.036563163992263 ], [ -78.777875102912503, 40.03698981983738 ], [ -78.776717354748456, 40.037447692168435 ], [ -78.77581151683394, 40.038063176134671 ], [ -78.774659001494442, 40.038872665353971 ], [ -78.77284819004322, 40.040167531932603 ], [ -78.771532582752343, 40.041202227929546 ], [ -78.771439413566796, 40.041285989508935 ], [ -78.770693566815908, 40.04212081005506 ], [ -78.770374183413182, 40.043018819798448 ], [ -78.77013607125518, 40.043788227276863 ], [ -78.76956378188909, 40.044464664879435 ], [ -78.768787803089566, 40.045430633614195 ], [ -78.76842583466032, 40.046265070382262 ], [ -78.768314852092047, 40.04719321120794 ], [ -78.768408034957559, 40.047863785526786 ], [ -78.768754595147954, 40.048787900398239 ], [ -78.768810948237345, 40.049778509858378 ], [ -78.768409267472094, 40.050741180216185 ], [ -78.767422363669183, 40.05151716848512 ], [ -78.765525988021125, 40.052684784199762 ], [ -78.763872505724137, 40.053402646111053 ], [ -78.762919063030949, 40.053634793721848 ], [ -78.762085677230658, 40.053546169773554 ], [ -78.761280981035782, 40.053202369059441 ], [ -78.759672891889963, 40.052410232055564 ], [ -78.758438974551993, 40.052245734084188 ], [ -78.757346003621024, 40.05236040609109 ], [ -78.756575360515669, 40.052682571582103 ], [ -78.755945135549908, 40.053248870542483 ], [ -78.754776892851936, 40.054450759317511 ], [ -78.753515338903384, 40.05551324122866 ], [ -78.752890199115456, 40.056429989286514 ], [ -78.752972298046629, 40.058917912042418 ], [ -78.7525352123304, 40.060218592992442 ], [ -78.752180597777496, 40.060922688275468 ], [ -78.752057117295607, 40.061835087677146 ], [ -78.752433823878022, 40.062638001677264 ], [ -78.752806430080653, 40.06316054034157 ], [ -78.753677184386817, 40.064156351024103 ], [ -78.754202074605473, 40.065006148371594 ], [ -78.7547069997336, 40.066490944418923 ], [ -78.755316765539902, 40.067624865840003 ], [ -78.755533585837384, 40.067964746997198 ], [ -78.755601672855562, 40.068273369641354 ], [ -78.755392507731926, 40.068454207857108 ], [ -78.754991048860077, 40.06852279200271 ], [ -78.75399631620536, 40.068580250873723 ], [ -78.752342824103309, 40.06887788977992 ], [ -78.751523275329845, 40.068990140317091 ], [ -78.750021529982703, 40.069248484049027 ], [ -78.748327601716113, 40.069899668471017 ], [ -78.747644022532867, 40.070131757702498 ], [ -78.747238383504055, 40.070363797510367 ], [ -78.746827965380447, 40.070715615481689 ], [ -78.74634411228034, 40.071213182630451 ], [ -78.746088161513782, 40.071795858196779 ], [ -78.745906482327598, 40.0722908232853 ], [ -78.745675962839002, 40.073323145924562 ], [ -78.74570808959075, 40.075528664732815 ], [ -78.745654097174125, 40.07700933343412 ], [ -78.745726615803108, 40.078097094226983 ], [ -78.745550413348312, 40.078969318027823 ], [ -78.745121597866202, 40.08065637520842 ], [ -78.745211522021407, 40.081642404529603 ], [ -78.745263669901419, 40.082628758330493 ], [ -78.744864578229965, 40.08376410812712 ], [ -78.744765181189095, 40.084722740254549 ], [ -78.744951037023696, 40.08580952819058 ], [ -78.745106810726071, 40.086127448507433 ], [ -78.745562294112858, 40.086268650178198 ], [ -78.745869196279884, 40.086585269246143 ], [ -78.745836067250735, 40.086904814545534 ], [ -78.745691708989852, 40.087370432162025 ], [ -78.745511257192518, 40.087952455078629 ], [ -78.745444994050501, 40.088591543721762 ], [ -78.745190241340737, 40.089261275900476 ], [ -78.74456272302541, 40.090282492495781 ], [ -78.743933070239635, 40.091158607256183 ], [ -78.743373067163006, 40.091627790228472 ], [ -78.742475102204821, 40.092244986904966 ], [ -78.741351255492475, 40.092922158148198 ], [ -78.740513507883904, 40.093785524956509 ], [ -78.740333419119864, 40.094396560138271 ], [ -78.740452667623757, 40.094801869692546 ], [ -78.740872098939349, 40.095059492275134 ], [ -78.741141653767073, 40.095405465722045 ], [ -78.741259224610701, 40.095694694342562 ], [ -78.741037981825954, 40.096073894529631 ], [ -78.740404865492891, 40.096717831656072 ], [ -78.739587007554334, 40.097653578342822 ], [ -78.739034065558101, 40.098616080161563 ], [ -78.738741843600536, 40.099315141020071 ], [ -78.738749825399594, 40.099866518931009 ], [ -78.738945075078661, 40.100300203080053 ], [ -78.739432360291076, 40.101326374711832 ], [ -78.740126033678365, 40.102249195589053 ], [ -78.741423110913132, 40.10307977547081 ], [ -78.743136341472749, 40.103935793830139 ], [ -78.744650935247009, 40.104125952981271 ], [ -78.745972348734654, 40.104027521359626 ], [ -78.746574040455315, 40.103819178068079 ], [ -78.747173183437852, 40.103436712852009 ], [ -78.747654284307217, 40.102736004920779 ], [ -78.74786576006656, 40.101689335222055 ], [ -78.747815671656653, 40.10084808626118 ], [ -78.747768130913443, 40.100180956023692 ], [ -78.748101868544893, 40.099742726891932 ], [ -78.748770177665037, 40.098924304406005 ], [ -78.74906526638226, 40.098428358559019 ], [ -78.749291991801996, 40.098426401198893 ], [ -78.749414697209204, 40.099063858818667 ], [ -78.749625300653292, 40.100542238572864 ], [ -78.750060532433665, 40.101873558877941 ], [ -78.750529321200432, 40.102914350883687 ], [ -78.751419362390266, 40.10432880222745 ], [ -78.752003269707728, 40.105484685119315 ], [ -78.754151636479492, 40.107642819513643 ], [ -78.755263024138941, 40.108678011708108 ], [ -78.755682347795954, 40.108869743487205 ], [ -78.756129650883352, 40.10871792344566 ], [ -78.756265523249837, 40.109222176260971 ], [ -78.756417374954182, 40.110061102205677 ], [ -78.756772505897629, 40.111073832397793 ], [ -78.757051627868876, 40.112058200827597 ], [ -78.757134070671114, 40.112521857668504 ], [ -78.756909433816688, 40.112668929072065 ], [ -78.756566275040257, 40.11246875107112 ], [ -78.756065944986773, 40.111863612058109 ], [ -78.755226323220214, 40.111319464580838 ], [ -78.7543072800609, 40.110514790175692 ], [ -78.753012020612431, 40.109829462260684 ], [ -78.750585089249896, 40.109299030993036 ], [ -78.749448716053109, 40.109134711068236 ], [ -78.748427862167475, 40.109114497262944 ], [ -78.746808240091113, 40.109505761149222 ], [ -78.744773709719126, 40.109958615312266 ], [ -78.742914090491936, 40.110462575659191 ], [ -78.741390238100635, 40.110779902472238 ], [ -78.739980205267713, 40.111139704857415 ], [ -78.738515445402484, 40.111630357674883 ], [ -78.737336822128924, 40.112335884781125 ], [ -78.73621729477469, 40.113214761615822 ], [ -78.735571988281777, 40.113611459062007 ], [ -78.734798226530501, 40.11422630375057 ], [ -78.734310301690783, 40.114959484488828 ], [ -78.733793901480396, 40.115364840278048 ], [ -78.733404314752661, 40.116334116331672 ], [ -78.732936948161182, 40.11684840739931 ], [ -78.731965164446066, 40.118684253043419 ], [ -78.731415317187057, 40.119819049536162 ], [ -78.731374954197094, 40.120949525100244 ], [ -78.731617656796615, 40.12207760062126 ], [ -78.731866618299605, 40.123640289995329 ], [ -78.732451528955792, 40.1249393239178 ], [ -78.732660320086694, 40.125676485569223 ], [ -78.732792957925597, 40.127022823496283 ], [ -78.732477041769869, 40.12867723772704 ], [ -78.732326585018185, 40.130025980419802 ], [ -78.731777910854717, 40.131247700736516 ], [ -78.731400324208437, 40.132554901454242 ], [ -78.731254219045312, 40.134207871253466 ], [ -78.731264848852334, 40.134946711403813 ], [ -78.731274540131267, 40.135620421946527 ], [ -78.731335139656323, 40.135873476538904 ], [ -78.731636821206038, 40.136697175357213 ], [ -78.731817053746283, 40.137712578242841 ], [ -78.732828737035419, 40.138959264060105 ], [ -78.733916610766997, 40.139744498394087 ], [ -78.734792915022339, 40.1402137314263 ], [ -78.735831622450362, 40.140459120228691 ], [ -78.737571402984116, 40.140507846246948 ], [ -78.738646455027336, 40.140403329814674 ], [ -78.739102330937115, 40.140431213919967 ], [ -78.739728885657257, 40.140807206493783 ], [ -78.74048195924388, 40.141341007963526 ], [ -78.741564413654899, 40.141744866359168 ], [ -78.742481736605853, 40.142181910641888 ], [ -78.743435841719702, 40.142300841076562 ], [ -78.744590939954534, 40.1420049076821 ], [ -78.745575314965507, 40.141360863102868 ], [ -78.746633186250193, 40.140080595056624 ], [ -78.74715467465623, 40.138932057773154 ], [ -78.747640321717668, 40.138165175082349 ], [ -78.747848251929199, 40.13822694037539 ], [ -78.747979426489437, 40.138702495257235 ], [ -78.748196658602097, 40.139399760824325 ], [ -78.748289693798853, 40.140098098371595 ], [ -78.748587410373247, 40.140635774832511 ], [ -78.749136336534661, 40.141361954318079 ], [ -78.750562189411369, 40.142589015402777 ], [ -78.751569397633403, 40.143501891039811 ], [ -78.752326806830297, 40.144321586565958 ], [ -78.752331477293922, 40.144639334669897 ], [ -78.751753684508444, 40.144771457278864 ], [ -78.7505980932537, 40.145035690110433 ], [ -78.749687659743415, 40.145075341503535 ], [ -78.747991024830213, 40.145153542316969 ], [ -78.746794949472758, 40.145481639085247 ], [ -78.74547975148819, 40.146160319659316 ], [ -78.744124977140302, 40.146966441719641 ], [ -78.742477556558612, 40.147584383075007 ], [ -78.741195826938807, 40.14772248280039 ], [ -78.739540518257968, 40.147800206100165 ], [ -78.737511631335195, 40.147817536728283 ], [ -78.735689771103821, 40.147833068649682 ], [ -78.734243547488077, 40.148051939407125 ], [ -78.733342696587528, 40.148758736746984 ], [ -78.732729845903535, 40.14933596570156 ], [ -78.731782520328878, 40.149693574607547 ], [ -78.73050347053271, 40.150022209207535 ], [ -78.729682629602294, 40.150537625798606 ], [ -78.728536898962034, 40.151500688939464 ], [ -78.727603192136257, 40.152811520570111 ], [ -78.726584354535802, 40.153964167647175 ], [ -78.725441250063028, 40.155117852294417 ], [ -78.724546122581017, 40.156237660452227 ], [ -78.723853028491021, 40.157006189645024 ], [ -78.722537831198693, 40.157716388373629 ], [ -78.721192287092322, 40.159205410511738 ], [ -78.72049957754885, 40.160005697264609 ], [ -78.719842840515554, 40.160424329518492 ], [ -78.718689126097161, 40.160847120336577 ], [ -78.717662347738738, 40.161459511504027 ], [ -78.717377860366838, 40.161843237827327 ], [ -78.717182059635661, 40.16263934971289 ], [ -78.717113209717112, 40.163625072107934 ], [ -78.716795406830599, 40.164581098379415 ], [ -78.71660207318989, 40.165551969571119 ], [ -78.716444968858582, 40.166157082779101 ], [ -78.716159551626575, 40.166477254925951 ], [ -78.71579445444398, 40.167020545909324 ], [ -78.71600919853995, 40.167558995030518 ], [ -78.716682707629516, 40.168316065772323 ], [ -78.717358944397063, 40.169263782601796 ], [ -78.717864099020346, 40.169831579868074 ], [ -78.718947786852226, 40.170299194638147 ], [ -78.719945929629773, 40.170576842872833 ], [ -78.721066535729179, 40.170726339132116 ], [ -78.721276541779403, 40.170677649016419 ], [ -78.721149372373148, 40.170725643707136 ], [ -78.721770219980471, 40.170688652142324 ], [ -78.722513060798676, 40.170491738184865 ], [ -78.723090215686526, 40.170296213301206 ], [ -78.724250873829718, 40.170350004912208 ], [ -78.72508245246533, 40.170565452366809 ], [ -78.725998696654983, 40.170907295325726 ], [ -78.726995514685512, 40.17108955649266 ], [ -78.72786624928527, 40.171145759530397 ], [ -78.728401516121778, 40.170918783287881 ], [ -78.728933583387459, 40.170469378705931 ], [ -78.729256265702105, 40.169862848289668 ], [ -78.729665433156555, 40.169509817180796 ], [ -78.730333171643707, 40.169853730017294 ], [ -78.731956766088388, 40.170411984613573 ], [ -78.733457052873177, 40.17103482070371 ], [ -78.734832180895665, 40.17159514646638 ], [ -78.735085298481025, 40.171910780927249 ], [ -78.734388037018093, 40.172393397797535 ], [ -78.732948162035271, 40.173088884237067 ], [ -78.731301837471278, 40.173833771581329 ], [ -78.729080133331138, 40.174901295592541 ], [ -78.727519759131823, 40.175867854840128 ], [ -78.726708610722952, 40.177082301636489 ], [ -78.726053116502925, 40.177596294392863 ], [ -78.725104910371499, 40.177922078487065 ], [ -78.724816304098553, 40.178019846412752 ], [ -78.724316027148006, 40.177801609050164 ], [ -78.72365051602813, 40.177616535712218 ], [ -78.722863455635718, 40.177623156820111 ], [ -78.721663968403121, 40.177760351300059 ], [ -78.720550491470192, 40.178119264308364 ], [ -78.719274468627319, 40.178701979168295 ], [ -78.718496885061413, 40.179375846852963 ], [ -78.717596813302762, 40.18017784892308 ], [ -78.716896181473999, 40.180437937358299 ], [ -78.715985712643729, 40.180509099450418 ], [ -78.714497526833881, 40.180743965311528 ], [ -78.713050752968016, 40.180978468356443 ], [ -78.711436916870383, 40.18111900624605 ], [ -78.709453821062581, 40.181516813638261 ], [ -78.708049780249482, 40.181846235878957 ], [ -78.706894287805696, 40.182173586640268 ], [ -78.70553655641092, 40.182852163232781 ], [ -78.704182802885455, 40.183816701677024 ], [ -78.703241519213108, 40.184650710610399 ], [ -78.702750152049262, 40.185067883396265 ], [ -78.702795138194489, 40.185321744675008 ], [ -78.703004952371884, 40.185510689168645 ], [ -78.703548426611633, 40.185855779140518 ], [ -78.704340039860185, 40.186167041733611 ], [ -78.705548187598282, 40.186633754080454 ], [ -78.707001808398601, 40.186875970818974 ], [ -78.70882606941916, 40.186956205557514 ], [ -78.710693558249716, 40.18716316669223 ], [ -78.711942749552165, 40.187597690867143 ], [ -78.713154120370149, 40.188286748286004 ], [ -78.714158810454038, 40.189009293801647 ], [ -78.715369326907947, 40.189634776460004 ], [ -78.716660928522614, 40.190132454231801 ], [ -78.718119175740014, 40.190692280472504 ], [ -78.718953248016049, 40.191066645964028 ], [ -78.71970989456004, 40.191822995663287 ], [ -78.720676443597711, 40.192768256032501 ], [ -78.721553348399681, 40.193237579167231 ], [ -78.723383702974516, 40.193730656752351 ], [ -78.724961379113324, 40.193939823588146 ], [ -78.725953522616976, 40.193772565464975 ], [ -78.72648851619536, 40.193513821080202 ], [ -78.726563178503412, 40.192941173455679 ], [ -78.726056410948459, 40.192278093250913 ], [ -78.725296500541134, 40.191299359517998 ], [ -78.724710986331402, 40.190922946442463 ], [ -78.722962653245162, 40.190365643100179 ], [ -78.72179303330131, 40.189708117348431 ], [ -78.721538552048244, 40.189297128592699 ], [ -78.721573633418885, 40.188851931514222 ], [ -78.721772623405514, 40.188278242027188 ], [ -78.721970705904951, 40.187641001854345 ], [ -78.721964355054013, 40.187196151348637 ], [ -78.721832354374712, 40.186657019831188 ], [ -78.721825551394474, 40.186180394166357 ], [ -78.721984464595891, 40.185702375568489 ], [ -78.722228957055776, 40.185414313291403 ], [ -78.722523498565494, 40.185729626270884 ], [ -78.72315537914119, 40.186455226547096 ], [ -78.723702142766541, 40.187022644905461 ], [ -78.724791151059819, 40.187839726740975 ], [ -78.725917058422027, 40.188338696816636 ], [ -78.726706520257167, 40.188490930405159 ], [ -78.72774822107705, 40.188895255568333 ], [ -78.728378820288214, 40.189525501561548 ], [ -78.729633191880566, 40.190309357895629 ], [ -78.729714236491105, 40.190356902786668 ], [ -78.729681612736911, 40.19035165901753 ], [ -78.731286892458286, 40.191488908905278 ], [ -78.732750062072384, 40.191950370891455 ], [ -78.734209330324205, 40.192141058803649 ], [ -78.736061384389714, 40.192023743053902 ], [ -78.73799677704757, 40.191567201453175 ], [ -78.740018931590356, 40.191008338574143 ], [ -78.741999881851683, 40.190652886483605 ], [ -78.742704979283673, 40.190579141569081 ], [ -78.7428839706009, 40.190746848919524 ], [ -78.74280064420762, 40.191086049230229 ], [ -78.741661136687071, 40.191637398840641 ], [ -78.740302425660545, 40.192292158356139 ], [ -78.738811294542145, 40.192948035072092 ], [ -78.737324061350165, 40.193874647605845 ], [ -78.736628732918561, 40.194625248023542 ], [ -78.735983407131869, 40.195781601314373 ], [ -78.735517046614007, 40.19710566814944 ], [ -78.735493004558307, 40.198493663035684 ], [ -78.736037343945469, 40.19950448360995 ], [ -78.736759228493369, 40.200581482337292 ], [ -78.737118705186333, 40.20101844642037 ], [ -78.737119993051166, 40.201107282577148 ], [ -78.736989970215518, 40.201273408538398 ], [ -78.736460320540857, 40.201277925740555 ], [ -78.735974319394799, 40.201248220481141 ], [ -78.735000355789552, 40.201053424716882 ], [ -78.733982752030229, 40.200892840783467 ], [ -78.733494306802598, 40.200693902265066 ], [ -78.733621827467914, 40.20035433410446 ], [ -78.733878330700207, 40.199776727406991 ], [ -78.733695912364723, 40.199372094990707 ], [ -78.733728796880897, 40.198593298607697 ], [ -78.73353709213616, 40.197545623244118 ], [ -78.733175699728548, 40.19697326977181 ], [ -78.732287145533348, 40.196574633921173 ], [ -78.731273516612802, 40.196684780455918 ], [ -78.730352542172852, 40.1970987706285 ], [ -78.729259398810569, 40.197818848742969 ], [ -78.728122584694319, 40.198573132501267 ], [ -78.726990355522844, 40.199648928875575 ], [ -78.726210950727022, 40.200704813773356 ], [ -78.725605159867527, 40.201556136607337 ], [ -78.724906229835398, 40.202069756424365 ], [ -78.724468240261686, 40.202310386775821 ], [ -78.724243187834077, 40.202007644893214 ], [ -78.723882817799918, 40.201502951110953 ], [ -78.723304188233996, 40.201169333994272 ], [ -78.722331228141371, 40.201042120251977 ], [ -78.721542551844479, 40.201454929654901 ], [ -78.72062579763849, 40.202173443695585 ], [ -78.719533916210395, 40.202994963495819 ], [ -78.718751944397326, 40.203881577254911 ], [ -78.718369139896311, 40.20490023784977 ], [ -78.718427248796985, 40.205881359372647 ], [ -78.71879820435386, 40.20713065012233 ], [ -78.719610598045122, 40.208376240123258 ], [ -78.720065048226687, 40.209286340615556 ], [ -78.720079044948818, 40.210267828911469 ], [ -78.719920806709055, 40.211555399539378 ], [ -78.719946034105021, 40.212003052998391 ], [ -78.719850611726073, 40.212825306996706 ], [ -78.719416396844409, 40.213336673130513 ], [ -78.719107378739736, 40.213339262485221 ], [ -78.718353531584398, 40.213108635103296 ], [ -78.717371264265566, 40.212338337563757 ], [ -78.716569924371555, 40.211871156109261 ], [ -78.715637124222368, 40.211472763892353 ], [ -78.714612685651119, 40.210838187891156 ], [ -78.713277345848013, 40.21007079773679 ], [ -78.712433832622651, 40.20973933253633 ], [ -78.711991442480624, 40.209675315089179 ], [ -78.711510650996743, 40.210017797696636 ], [ -78.711388743503719, 40.210763477893487 ], [ -78.711531220749791, 40.211473113017199 ], [ -78.711543657342034, 40.212353071173787 ], [ -78.711288354029847, 40.213032163604723 ], [ -78.710721157351756, 40.213510754229937 ], [ -78.709936563436486, 40.214228085479476 ], [ -78.709152431337557, 40.214979255103863 ], [ -78.708983477866468, 40.215522232661385 ], [ -78.709167704347195, 40.216062280648025 ], [ -78.709486283785409, 40.216736609596751 ], [ -78.709986239543809, 40.217747916412719 ], [ -78.710439674681723, 40.21859036426261 ], [ -78.710764016877221, 40.219670822891636 ], [ -78.711089908722414, 40.220101850903291 ], [ -78.711169731614262, 40.220259800043557 ], [ -78.711891930877854, 40.221370797548687 ], [ -78.712429884556926, 40.221941747088231 ], [ -78.712521539164698, 40.222177923290566 ], [ -78.712347807470039, 40.222382459382978 ], [ -78.711644733956362, 40.222625245559968 ], [ -78.710677702123249, 40.222937915666819 ], [ -78.710200156150862, 40.223517304587759 ], [ -78.710033103695892, 40.224195658847961 ], [ -78.710047917409028, 40.225244838941627 ], [ -78.710104495344169, 40.226124428475892 ], [ -78.710027655263488, 40.226937429563499 ], [ -78.709773718086879, 40.227718049228322 ], [ -78.709471320795387, 40.228194436053961 ], [ -78.708996115361899, 40.228943041549961 ], [ -78.708787745403725, 40.229824828035284 ], [ -78.708398927568325, 40.230437322419228 ], [ -78.707974051427698, 40.231625536066467 ], [ -78.707856363232764, 40.232675810451674 ], [ -78.707730085979364, 40.233116885915585 ], [ -78.707466089105523, 40.233186768567073 ], [ -78.707154596409026, 40.233020102174969 ], [ -78.706796565488276, 40.232684581116033 ], [ -78.706698247225901, 40.231974578304452 ], [ -78.70659945242501, 40.231230728949143 ], [ -78.706321179735411, 40.230285274760291 ], [ -78.705867240264311, 40.229408968351784 ], [ -78.705370585457928, 40.228634556951071 ], [ -78.704835012527369, 40.228232797530985 ], [ -78.704697319635898, 40.227861601566246 ], [ -78.70478040190909, 40.227488582304069 ], [ -78.704991193114253, 40.226776025714969 ], [ -78.704805546087698, 40.226134437682944 ], [ -78.704225366960472, 40.225699195056663 ], [ -78.703381702049441, 40.225367666464173 ], [ -78.70293637256205, 40.225100548454485 ], [ -78.702532829797221, 40.224663842695918 ], [ -78.702568922740298, 40.224088121230928 ], [ -78.702734151025751, 40.223274397332013 ], [ -78.702897955875471, 40.222359140013133 ], [ -78.702847638929583, 40.221919524392106 ], [ -78.702271302077463, 40.221755027606541 ], [ -78.701609509941008, 40.221794321381559 ], [ -78.700908295830928, 40.222172420258659 ], [ -78.699992462237944, 40.222992308489815 ], [ -78.699211897409299, 40.224014170357066 ], [ -78.698521032193341, 40.225136835501203 ], [ -78.69800346032028, 40.226021138641229 ], [ -78.697791653748126, 40.226665993788252 ], [ -78.697977236371528, 40.227307594119104 ], [ -78.698343221876115, 40.228218502020191 ], [ -78.698935427579173, 40.229516810704318 ], [ -78.699432489618516, 40.230325093895274 ], [ -78.69948704559296, 40.231069312610202 ], [ -78.699240060636853, 40.232357578708246 ], [ -78.698679703369081, 40.233343779541698 ], [ -78.698076584164554, 40.234431873547862 ], [ -78.697114978047978, 40.235150567351297 ], [ -78.696104952388993, 40.235565013267362 ], [ -78.694919682542562, 40.236082427495738 ], [ -78.694047282588073, 40.236868063929499 ], [ -78.693309693885979, 40.237821836083675 ], [ -78.692836591463532, 40.238739599078549 ], [ -78.692256604164086, 40.239345555868319 ], [ -78.692122667087759, 40.239443716023963 ], [ -78.691521586753979, 40.239923479181599 ], [ -78.691228770060391, 40.240291146167557 ], [ -78.691148905291641, 40.24054749507664 ], [ -78.691000584219111, 40.241023570700264 ], [ -78.690842115175357, 40.241627578653699 ], [ -78.690694041006253, 40.242121915817727 ], [ -78.690599691253894, 40.24223880433545 ], [ -78.690445887027195, 40.242573956240157 ], [ -78.690152387049935, 40.242969093082039 ], [ -78.689856166482983, 40.243167875906614 ], [ -78.689430473335378, 40.243269522422601 ], [ -78.689131989128185, 40.243304674575143 ], [ -78.688703129129948, 40.243177238792995 ], [ -78.688403287344556, 40.243114212852483 ], [ -78.68776135794009, 40.243021231127372 ], [ -78.687206642264059, 40.243058456308908 ], [ -78.686824551546621, 40.243225197896791 ], [ -78.686275699263888, 40.243687852436501 ], [ -78.685944420876993, 40.244443307277876 ], [ -78.685709814807353, 40.246016212793855 ], [ -78.686027249229198, 40.247355544097516 ], [ -78.686333420520171, 40.247876734750513 ], [ -78.686854038157463, 40.248461647026176 ], [ -78.68779994941292, 40.248912190841224 ], [ -78.688784964847045, 40.249100575189068 ], [ -78.689729538411626, 40.249452927736279 ], [ -78.690334260262276, 40.249938953074547 ], [ -78.690984421496537, 40.250620975639052 ], [ -78.691421502934958, 40.251337458112559 ], [ -78.692111224006496, 40.251790048901078 ], [ -78.693096747130639, 40.252011122384317 ], [ -78.693866446932148, 40.252070302371145 ], [ -78.694505742642363, 40.251966896609652 ], [ -78.694720206618911, 40.252030602466043 ], [ -78.694768835409491, 40.252455682657015 ], [ -78.694867009096683, 40.253371293722886 ], [ -78.694537153427774, 40.254224942478615 ], [ -78.693696105985026, 40.255180949961847 ], [ -78.692648281163358, 40.256629570841632 ], [ -78.692023926057686, 40.257812901445185 ], [ -78.691399095238154, 40.258963505961674 ], [ -78.690943743419453, 40.260014536805826 ], [ -78.689934881237718, 40.261200984042105 ], [ -78.688884620953885, 40.26248594529433 ], [ -78.688130183481462, 40.263539393874609 ], [ -78.688099972241147, 40.263784127165479 ], [ -78.68804836486747, 40.263801888982833 ], [ -78.687891058941887, 40.264785035668929 ], [ -78.687945537621658, 40.265635546451783 ], [ -78.688515822990354, 40.266710976196514 ], [ -78.6889966112183, 40.267492568769086 ], [ -78.689733737453366, 40.268272077749806 ], [ -78.690379538636861, 40.268626847144958 ], [ -78.691149427883389, 40.26868604273789 ], [ -78.692087475589815, 40.268547491283726 ], [ -78.693407278730461, 40.26820944348291 ], [ -78.694810688929877, 40.267739782979298 ], [ -78.695534656870564, 40.267570222021256 ], [ -78.69579189261033, 40.267633576724336 ], [ -78.695837349108331, 40.267829578863449 ], [ -78.695671485339034, 40.268190954046204 ], [ -78.695087521192008, 40.269210323620982 ], [ -78.694254037589971, 40.270722664201763 ], [ -78.693591412864734, 40.27223360156318 ], [ -78.693134648396665, 40.27318646596887 ], [ -78.692507425107095, 40.274173447042259 ], [ -78.691290205359351, 40.275754347399463 ], [ -78.689364245936048, 40.278617420593982 ], [ -78.688151401147792, 40.280525538944708 ], [ -78.687363973959819, 40.282299283596068 ], [ -78.687372114092042, 40.282888338407012 ], [ -78.687380707432112, 40.283510115930135 ], [ -78.687646141655378, 40.284162542873858 ], [ -78.688469349418341, 40.284974087712136 ], [ -78.689373056627247, 40.285424955258293 ], [ -78.689547156542574, 40.285652642933186 ], [ -78.68942168276547, 40.285850035121896 ], [ -78.688660205924705, 40.286412608907007 ], [ -78.687435892506002, 40.287502589825351 ], [ -78.686169712427343, 40.288658355914286 ], [ -78.685587239274653, 40.289808577833867 ], [ -78.685429392235164, 40.290758991350074 ], [ -78.685522989654032, 40.291347352835864 ], [ -78.686484869036661, 40.292910552346584 ], [ -78.687488622512589, 40.294407945926842 ], [ -78.688439264645979, 40.295152998982154 ], [ -78.6894272250086, 40.295504995960236 ], [ -78.689774120405204, 40.295862193753742 ], [ -78.689523131702444, 40.296256978526607 ], [ -78.688552376210069, 40.297148537280165 ], [ -78.687157364552434, 40.298272629333077 ], [ -78.685420834755263, 40.299432194095196 ], [ -78.684365397467275, 40.300389860657539 ], [ -78.68414847478941, 40.300769603627018 ], [ -78.683694609573124, 40.301344411147035 ], [ -78.683543473969763, 40.302785698133995 ], [ -78.683604696705132, 40.304127083606552 ], [ -78.683405854044963, 40.305208736206112 ], [ -78.683112948840488, 40.305669304181805 ], [ -78.68286008591177, 40.305933172570285 ], [ -78.682518126525508, 40.305935930913364 ], [ -78.682258956934334, 40.305741648168862 ], [ -78.681782466238559, 40.305287285146065 ], [ -78.681261439878782, 40.304702363985129 ], [ -78.680222108114194, 40.303728865422045 ], [ -78.679788837555023, 40.303306875209358 ], [ -78.679012731371088, 40.302822180317527 ], [ -78.677679640121866, 40.302243763552063 ], [ -78.67630740694328, 40.301927474200347 ], [ -78.675410711301794, 40.302000109905727 ], [ -78.674343487616213, 40.302106830883261 ], [ -78.67370368973198, 40.302210128337279 ], [ -78.673359965828496, 40.302081958310204 ], [ -78.673228172392442, 40.301821180622341 ], [ -78.673008667278665, 40.301397458697195 ], [ -78.672448122264754, 40.301041913723701 ], [ -78.671204161165619, 40.300724541529625 ], [ -78.669613840669996, 40.300082620699868 ], [ -78.668583171930706, 40.299730795233785 ], [ -78.667811616375729, 40.299573276549303 ], [ -78.667168731644736, 40.299447461692083 ], [ -78.666399395096576, 40.299453560058296 ], [ -78.665718193257732, 40.299655327591196 ], [ -78.665124677469919, 40.300020043073239 ], [ -78.664621054099342, 40.300711330889975 ], [ -78.664159722213725, 40.301369553565522 ], [ -78.66356662435858, 40.301766986465758 ], [ -78.66241830536147, 40.302201524712395 ], [ -78.661696521462474, 40.302567234421332 ], [ -78.661444905287055, 40.30292923380847 ], [ -78.661493807602227, 40.303387051061947 ], [ -78.661241746795483, 40.303716325387278 ], [ -78.660906394132553, 40.304209898294161 ], [ -78.660415884959448, 40.305882927783955 ], [ -78.659411522143913, 40.307494539263942 ], [ -78.658195129521829, 40.309238721075033 ], [ -78.656976919866494, 40.310851988712749 ], [ -78.656134209342056, 40.311774998813114 ], [ -78.654997037934436, 40.31306032288385 ], [ -78.654492341185673, 40.313686116775486 ], [ -78.653048434018487, 40.314417433347643 ], [ -78.651772886581909, 40.314951044637411 ], [ -78.650668325311898, 40.315483311422348 ], [ -78.649606929800754, 40.316047961147177 ], [ -78.648631022266343, 40.316611936015441 ], [ -78.6471468373188, 40.317539862159435 ], [ -78.646004201789026, 40.318432395337851 ], [ -78.645155624287483, 40.318929898337409 ], [ -78.644474592933619, 40.319164266679266 ], [ -78.6436674543354, 40.31956325182486 ], [ -78.643160015879545, 40.319992643077057 ], [ -78.642744982891713, 40.320944980857746 ], [ -78.642713008963028, 40.321763445427734 ], [ -78.642294078961015, 40.322421252186658 ], [ -78.641714885240035, 40.323898508878884 ], [ -78.641514023134533, 40.324881917926703 ], [ -78.641606860995367, 40.325437588711381 ], [ -78.642043919957715, 40.326154249264825 ], [ -78.642005040108714, 40.326449107801956 ], [ -78.64166642165128, 40.326713547786404 ], [ -78.641028488733838, 40.326980293967701 ], [ -78.640178477382747, 40.327379583231739 ], [ -78.639286558548122, 40.327844646388442 ], [ -78.637970460463166, 40.328574789001784 ], [ -78.637039607011815, 40.329334690880238 ], [ -78.635554554043424, 40.330229746304667 ], [ -78.633898846683351, 40.331158814394222 ], [ -78.632926001439571, 40.331984461021612 ], [ -78.63212375684455, 40.332776071196335 ], [ -78.631832092088686, 40.333367410123095 ], [ -78.631841894642974, 40.334120093154255 ], [ -78.632067221142279, 40.335002048161684 ], [ -78.63211680724288, 40.335525327272336 ], [ -78.631823427573849, 40.335985764565002 ], [ -78.631186219204181, 40.336317908881213 ], [ -78.630086247775225, 40.337242686091301 ], [ -78.629453696759583, 40.337934797250597 ], [ -78.628521768433728, 40.338629181184238 ], [ -78.627079166272424, 40.339523804178846 ], [ -78.625977395111931, 40.340317639280784 ], [ -78.624876021992435, 40.341144192106967 ], [ -78.624246336483026, 40.34206535397707 ], [ -78.623871984377146, 40.342886397033261 ], [ -78.623839353997028, 40.34367213045747 ], [ -78.624540574585581, 40.344975972405777 ], [ -78.62494496431502, 40.34647842629159 ], [ -78.625254098931194, 40.347228844628788 ], [ -78.625736019295687, 40.348108867208104 ], [ -78.625700867818708, 40.348698246370965 ], [ -78.625450582872659, 40.349191069834575 ], [ -78.625456085520639, 40.34961649865555 ], [ -78.625630142006827, 40.349844280798386 ], [ -78.626275130541259, 40.350101223559413 ], [ -78.62700397346174, 40.350226612229001 ], [ -78.627220386690297, 40.350421341877734 ], [ -78.627227174335616, 40.350944947498562 ], [ -78.627404634266483, 40.351434530199235 ], [ -78.627409726423025, 40.351827232373275 ], [ -78.627045537610925, 40.353433692741248 ], [ -78.626852442753517, 40.355038852718913 ], [ -78.626772824255511, 40.355497655788589 ], [ -78.626560213012809, 40.355597453292802 ], [ -78.626087121711493, 40.355404668131087 ], [ -78.625614884624298, 40.355277330459799 ], [ -78.624758505297663, 40.355218354172408 ], [ -78.624076613379444, 40.355419881619035 ], [ -78.623609871430162, 40.355717964521837 ], [ -78.623487391988576, 40.355823102822001 ], [ -78.622887730532128, 40.356116160074571 ], [ -78.621618325323368, 40.357205775234831 ], [ -78.621033758274365, 40.358322947938625 ], [ -78.620405969855, 40.359407714861732 ], [ -78.619224124417158, 40.360660285905709 ], [ -78.618079976757215, 40.361519821112914 ], [ -78.617104828976494, 40.362214434655399 ], [ -78.615700589310762, 40.362814067515878 ], [ -78.614680522687664, 40.363345354955314 ], [ -78.61413355525211, 40.364069469799716 ], [ -78.613841598902454, 40.364660763470205 ], [ -78.613854556128629, 40.365675248523672 ], [ -78.613910715972651, 40.36672213879946 ], [ -78.61366988956587, 40.367967618667898 ], [ -78.613425296454864, 40.368918570540714 ], [ -78.613240189960919, 40.371178212363382 ], [ -78.613312539261528, 40.372651800951466 ], [ -78.613292700257674, 40.373153835734243 ], [ -78.613228262690797, 40.375100564693703 ], [ -78.613378750899997, 40.376396939000841 ], [ -78.613300363750369, 40.377251141229806 ], [ -78.612775113306427, 40.378074533662499 ], [ -78.612158816398491, 40.378762025021103 ], [ -78.611587804450465, 40.379500390173789 ], [ -78.611068165413087, 40.380767613717943 ], [ -78.610508642482912, 40.382410722065188 ], [ -78.610049246602514, 40.384906698508061 ], [ -78.609931807939731, 40.386205068781763 ], [ -78.610080525111229, 40.387364878163346 ], [ -78.610224468484034, 40.388149134605072 ], [ -78.610275200844242, 40.388626783236539 ], [ -78.610142989308116, 40.388764343378213 ], [ -78.60992017290927, 40.388800146972024 ], [ -78.609561667946608, 40.388700378145671 ], [ -78.608619678219839, 40.38836592975678 ], [ -78.607813811150052, 40.388201186480174 ], [ -78.607055198329903, 40.388240956918679 ], [ -78.605539262734268, 40.388422905845736 ], [ -78.604425603572224, 40.388636007018512 ], [ -78.602731481516827, 40.38885338014682 ], [ -78.601127508245355, 40.389138352987402 ], [ -78.600191135575031, 40.389247675555573 ], [ -78.599342344564107, 40.389219769393087 ], [ -78.598538206939082, 40.389191528062277 ], [ -78.597870161507544, 40.389333005757365 ], [ -78.597337776921989, 40.389610064388478 ], [ -78.596542614512273, 40.390298781330841 ], [ -78.59539064597827, 40.391024245044385 ], [ -78.594770216395048, 40.391404369284757 ], [ -78.593969460289628, 40.391649230487459 ], [ -78.592808502386717, 40.391657697479026 ], [ -78.591112141570264, 40.391704192667774 ], [ -78.58928139204167, 40.391717494528713 ], [ -78.587720250328118, 40.391865394098573 ], [ -78.586342784654306, 40.392421676495488 ], [ -78.585012481342289, 40.393182471670364 ], [ -78.583948801165761, 40.393838896476616 ], [ -78.583846145340999, 40.393913171006595 ], [ -78.583815683511403, 40.393908141565383 ], [ -78.58288594674292, 40.394563588789921 ], [ -78.581871926122389, 40.395629371141332 ], [ -78.581212179155827, 40.396453585362089 ], [ -78.580957261849576, 40.397513899041343 ], [ -78.580835886545302, 40.398539108475468 ], [ -78.581292536420392, 40.399355296288981 ], [ -78.581661985069516, 40.400342832133333 ], [ -78.581762651478599, 40.401264011036368 ], [ -78.581589477544398, 40.40170913589143 ], [ -78.58114666636493, 40.402019619584486 ], [ -78.580255579321573, 40.402196744308085 ], [ -78.579050613445503, 40.402273678186248 ], [ -78.577931615237091, 40.40207682815295 ], [ -78.576636077183764, 40.40205195309116 ], [ -78.575701149805127, 40.402297642873826 ], [ -78.574408940745684, 40.402545875881025 ], [ -78.573516996365058, 40.402654664395762 ], [ -78.572175540302254, 40.402527632772411 ], [ -78.570744352398236, 40.402367076504284 ], [ -78.569584856804056, 40.402511878362731 ], [ -78.568072215224689, 40.403000613250896 ], [ -78.56620432808424, 40.403662558963369 ], [ -78.564209414384521, 40.404905825754263 ], [ -78.562668036682794, 40.406726328334891 ], [ -78.561788322752193, 40.407859276927375 ], [ -78.561575260316687, 40.408714385449322 ], [ -78.561681411126699, 40.410113566870749 ], [ -78.561785925073693, 40.411376178637461 ], [ -78.561793310878414, 40.411990728740584 ], [ -78.561126595508753, 40.412268563263773 ], [ -78.559968142837704, 40.412515694800163 ], [ -78.558225740487657, 40.412493741763065 ], [ -78.556795593956792, 40.412435441099944 ], [ -78.555009746942119, 40.412516174405006 ], [ -78.553361962658713, 40.412937368357802 ], [ -78.552975676940306, 40.413152347775842 ], [ -78.552964846715042, 40.413162765941486 ], [ -78.552691833573149, 40.413507948963073 ], [ -78.552456169604497, 40.413779832553814 ], [ -78.552211123416157, 40.414066388387823 ], [ -78.552004382786265, 40.414359981880345 ], [ -78.551817704080207, 40.414733779225074 ], [ -78.551687226452856, 40.415012236693471 ], [ -78.551567862513366, 40.415422086307927 ], [ -78.551523901339792, 40.415743766289189 ], [ -78.551518161035958, 40.416065181171852 ], [ -78.551532483429128, 40.416466802130991 ], [ -78.551545852778744, 40.416788084466425 ], [ -78.551676055408194, 40.417291156253214 ], [ -78.551751376277721, 40.417530681129918 ], [ -78.551825025365716, 40.417764883374751 ], [ -78.551913714100948, 40.417990690688235 ], [ -78.551964961140769, 40.418282494924341 ], [ -78.552016555669809, 40.418603511944475 ], [ -78.552030621885834, 40.418983221619733 ], [ -78.552014979725499, 40.419275489550586 ], [ -78.551989435737369, 40.419538609621569 ], [ -78.551925321114609, 40.419772782102257 ], [ -78.551803783391605, 40.420000048004056 ], [ -78.551614226653697, 40.420132834539331 ], [ -78.551404691509987, 40.420192718102356 ], [ -78.551013158443396, 40.420217343096581 ], [ -78.550621540243739, 40.420234663315732 ], [ -78.550162509830088, 40.4202086243059 ], [ -78.549751174598768, 40.42017495076135 ], [ -78.549272773132486, 40.420127130148003 ], [ -78.548832165629094, 40.420042526197804 ], [ -78.548458364637924, 40.419950156378952 ], [ -78.548142328646932, 40.41989390658275 ], [ -78.547749676023358, 40.41982357672196 ], [ -78.547300119751398, 40.419790157301534 ], [ -78.546936912641073, 40.419785357318034 ], [ -78.546621395750464, 40.419772923011912 ], [ -78.546296842319592, 40.419804374701677 ], [ -78.545848318812887, 40.419858590769067 ], [ -78.545457131021067, 40.419912409595177 ], [ -78.54510407955425, 40.419958661618267 ], [ -78.54476152977378, 40.420085184153116 ], [ -78.544457631494879, 40.420247960108355 ], [ -78.544201941636288, 40.42044692367466 ], [ -78.544032595347289, 40.420674510975665 ], [ -78.543892261830592, 40.420931113493786 ], [ -78.543780165504486, 40.421151002251406 ], [ -78.543697766992764, 40.421458333892396 ], [ -78.543643091209105, 40.421685133121251 ], [ -78.543598659178869, 40.421970293721053 ], [ -78.543602006662141, 40.422255125812114 ], [ -78.543643837345911, 40.422561605745564 ], [ -78.543694880094336, 40.42283880586627 ], [ -78.543823062143588, 40.423173909309646 ], [ -78.543913190492731, 40.423523882029237 ], [ -78.54401270679206, 40.423859181702717 ], [ -78.544150876656261, 40.424230734939819 ], [ -78.544269336437239, 40.424551296203013 ], [ -78.544377207171763, 40.424784282296265 ], [ -78.544551890731299, 40.425009505485711 ], [ -78.544745514433799, 40.42521999014469 ], [ -78.544986066189082, 40.425357111975323 ], [ -78.545235829128032, 40.425464954291222 ], [ -78.545427477691447, 40.425507459781024 ], [ -78.545714866684321, 40.425563914876093 ], [ -78.546040137271831, 40.425590891383656 ], [ -78.546365150261494, 40.425595958475789 ], [ -78.546708933081959, 40.425571678282239 ], [ -78.547080953941204, 40.425510681762439 ], [ -78.547395805481031, 40.425464687376966 ], [ -78.547710311382986, 40.425389478409741 ], [ -78.548081898025941, 40.425291962396976 ], [ -78.548491882884861, 40.425208788868005 ], [ -78.548940698837967, 40.425176473648555 ], [ -78.549351200786575, 40.425137115812319 ], [ -78.549666309140008, 40.425113025467176 ], [ -78.550009999961503, 40.42508143194803 ], [ -78.55040156068209, 40.425056810392533 ], [ -78.550631005305021, 40.425062525321366 ], [ -78.550698767840089, 40.425135096641512 ], [ -78.550690163515711, 40.425215500092378 ], [ -78.550576783729355, 40.425325844060055 ], [ -78.550387469830397, 40.425480537916918 ], [ -78.550046459788135, 40.425738537915578 ], [ -78.549667998180368, 40.426062530418676 ], [ -78.54942237730873, 40.426305259591281 ], [ -78.54911898203413, 40.426511868434666 ], [ -78.548881271610227, 40.426615766599618 ], [ -78.548586479140297, 40.426741969825343 ], [ -78.548253976256717, 40.426912256862998 ], [ -78.547951092592655, 40.427162682277448 ], [ -78.547562968951084, 40.427479430807018 ], [ -78.547269378950858, 40.427707878634024 ], [ -78.547004714925492, 40.427958037871448 ], [ -78.546701735067387, 40.428201156546905 ], [ -78.546523599076608, 40.428494542830222 ], [ -78.546287169231633, 40.428707986143401 ], [ -78.546107307463132, 40.42885530409054 ], [ -78.545898773377303, 40.42900281961537 ], [ -78.54569109804261, 40.429223368160528 ], [ -78.545502881251153, 40.429472997602716 ], [ -78.545352546805148, 40.429693150899908 ], [ -78.545250169978232, 40.429927581675926 ], [ -78.545233637625145, 40.430146814254158 ], [ -78.545246034809139, 40.430387760329914 ], [ -78.545180852626302, 40.430534287792185 ], [ -78.545086225484624, 40.430615281999373 ], [ -78.544923836144307, 40.430623702348363 ], [ -78.544751802782258, 40.430624885197467 ], [ -78.544465253577357, 40.4306414619926 ], [ -78.544064873170342, 40.430731859328567 ], [ -78.543684551703734, 40.430902461765285 ], [ -78.543256356880605, 40.431066088769605 ], [ -78.542856830080041, 40.431229515290127 ], [ -78.542467201798715, 40.43142208907647 ], [ -78.542087644175083, 40.431658416185897 ], [ -78.541783859324013, 40.431835791834928 ], [ -78.541500558193377, 40.432129890718308 ], [ -78.541274258151432, 40.432394381784206 ], [ -78.541086443314001, 40.43268052200262 ], [ -78.540899055289088, 40.433003178166992 ], [ -78.540721736543162, 40.433369588793056 ], [ -78.540639736050579, 40.433713436155408 ], [ -78.54064247449908, 40.433947143272853 ], [ -78.540665612558001, 40.434290272034296 ], [ -78.540716139796388, 40.434523652761506 ], [ -78.54072843655932, 40.434757295849735 ], [ -78.540655308108171, 40.435042650830368 ], [ -78.540580128535296, 40.435152723390267 ], [ -78.540447257011053, 40.435233976079971 ], [ -78.540266166646191, 40.435279037680949 ], [ -78.540056316896511, 40.43531699195961 ], [ -78.539798932210886, 40.435377181279712 ], [ -78.53959864116176, 40.435415068970258 ], [ -78.539245930200423, 40.435497820976401 ], [ -78.538979328597208, 40.435587287876814 ], [ -78.538770842544551, 40.435742092022473 ], [ -78.53859154195861, 40.435940522161715 ], [ -78.538440914921907, 40.436138756932017 ], [ -78.538338078146481, 40.436336665204237 ], [ -78.538292591499825, 40.436534182384449 ], [ -78.538304537826022, 40.436738611087129 ], [ -78.538344392137205, 40.436877114726386 ], [ -78.538441681298607, 40.437022530719375 ], [ -78.538529924414249, 40.43721183196218 ], [ -78.538647100925004, 40.43742284738574 ], [ -78.538832978793508, 40.437786776946659 ], [ -78.539018942292586, 40.438158010541343 ], [ -78.539107958716357, 40.438413042208865 ], [ -78.53923478251923, 40.438631295669602 ], [ -78.539370567289708, 40.438798359262719 ], [ -78.539506865284309, 40.439009244182373 ], [ -78.539777326924323, 40.439248426856246 ], [ -78.540047276437676, 40.439443790111262 ], [ -78.54042245934437, 40.439645736053549 ], [ -78.54081684697033, 40.439854855244469 ], [ -78.541143470876065, 40.43999139618181 ], [ -78.541489726315859, 40.440171625002044 ], [ -78.541826083289692, 40.440322704965531 ], [ -78.542200161572296, 40.440429702304677 ], [ -78.542545221538091, 40.440507680828809 ], [ -78.542937733290827, 40.440556118184539 ], [ -78.543358405871857, 40.440560537315925 ], [ -78.543989202112982, 40.440548903187945 ], [ -78.544371295573526, 40.440524366555842 ], [ -78.544610351562469, 40.440530028314399 ], [ -78.544849322165433, 40.440528385243965 ], [ -78.54507873276539, 40.440526808765973 ], [ -78.545366013853055, 40.440568656948692 ], [ -78.545452817384373, 40.440633794585089 ], [ -78.545434905893032, 40.440736173176994 ], [ -78.545330877896276, 40.440831841519717 ], [ -78.544904429229703, 40.441148842071016 ], [ -78.544476946102151, 40.44137820350516 ], [ -78.544039297843042, 40.441556504557965 ], [ -78.543657971864064, 40.441646770025535 ], [ -78.543324695613222, 40.4417586170375 ], [ -78.542924248302597, 40.44184901034123 ], [ -78.542571080491413, 40.441895255413321 ], [ -78.542103203848058, 40.441942285282501 ], [ -78.541692166768797, 40.441945099974191 ], [ -78.541233162097029, 40.441933633864629 ], [ -78.54080249357304, 40.441892756515223 ], [ -78.540342892554293, 40.441830162824765 ], [ -78.53978761510966, 40.441760916834063 ], [ -78.539337573767995, 40.441698254274009 ], [ -78.538935242259811, 40.441627960871237 ], [ -78.538532828045177, 40.44155036261607 ], [ -78.538168393017756, 40.441450592037448 ], [ -78.537736705502738, 40.441322061991286 ], [ -78.537266272860009, 40.441149970959962 ], [ -78.536862925187819, 40.440992029991556 ], [ -78.536478356785594, 40.440804742938226 ], [ -78.536026622897651, 40.440595999616761 ], [ -78.535613467087131, 40.440416209377616 ], [ -78.535180601822191, 40.440185421622431 ], [ -78.534757468125619, 40.439969176477895 ], [ -78.534429838932326, 40.439744977020084 ], [ -78.533977864722146, 40.43951431530521 ], [ -78.533622071899273, 40.439334128121153 ], [ -78.533256723529263, 40.439154004123303 ], [ -78.532910410247339, 40.438966446984729 ], [ -78.532554624392276, 40.438786256476654 ], [ -78.532266172945796, 40.43864212806254 ], [ -78.532044973366354, 40.438526761502537 ], [ -78.531767437080376, 40.438499421721097 ], [ -78.531509356312213, 40.438501166715326 ], [ -78.531261510246154, 40.438561272697321 ], [ -78.530956989443908, 40.438680193889837 ], [ -78.530662024960336, 40.438799048396156 ], [ -78.530396749575871, 40.439005350320976 ], [ -78.530160233494442, 40.439218761150435 ], [ -78.530000269155153, 40.439438959147658 ], [ -78.52979284763336, 40.439688691625712 ], [ -78.529624080732759, 40.439974684949121 ], [ -78.529502432907861, 40.440201927894826 ], [ -78.529305071853386, 40.440495415226522 ], [ -78.529145775999112, 40.440774039525969 ], [ -78.528967193617603, 40.441038185499728 ], [ -78.528751131694079, 40.441368318735293 ], [ -78.52863895134297, 40.441588191597546 ], [ -78.528554607395478, 40.441734840039963 ], [ -78.528517298423054, 40.441815434377084 ], [ -78.528471693062471, 40.442005644182132 ], [ -78.528428784751995, 40.442429562188266 ], [ -78.528480962274372, 40.44280901608677 ], [ -78.528503619289381, 40.443115629987155 ], [ -78.528554028303134, 40.443341713444589 ], [ -78.528633031824128, 40.443560299904206 ], [ -78.528672616845725, 40.443676896556163 ], [ -78.528779537839057, 40.443829558434821 ], [ -78.528897200816871, 40.444084405296095 ], [ -78.529138883188153, 40.444316503185846 ], [ -78.529390211561676, 40.44455583912292 ], [ -78.529641034449199, 40.444751355691679 ], [ -78.529891436302293, 40.444910353628849 ], [ -78.53016992752049, 40.445018033943356 ], [ -78.530534792898763, 40.445154347121786 ], [ -78.530860406667415, 40.445203276111464 ], [ -78.531204888138504, 40.445230165609942 ], [ -78.531549621798177, 40.445278963486402 ], [ -78.531980222440268, 40.445312571266548 ], [ -78.532305415408175, 40.445324979873057 ], [ -78.532610980208972, 40.445293697245177 ], [ -78.532945224428445, 40.445262218284533 ], [ -78.533174397898492, 40.445238753533118 ], [ -78.533375063405416, 40.44523009081297 ], [ -78.533681136035028, 40.445242625034702 ], [ -78.533786715247231, 40.44527842908731 ], [ -78.533788325979344, 40.44541719342827 ], [ -78.533770734574432, 40.445548783909395 ], [ -78.533657716967184, 40.445695628205122 ], [ -78.533517971737979, 40.446010645215267 ], [ -78.533349290149104, 40.446303945577682 ], [ -78.533256916387018, 40.446582121759405 ], [ -78.53324118809067, 40.446874385889615 ], [ -78.533264208490408, 40.447210212522698 ], [ -78.53334356983126, 40.447458008536103 ], [ -78.533556855184955, 40.447712201181929 ], [ -78.533846365131183, 40.447943965688637 ], [ -78.534087484137814, 40.448124929976899 ], [ -78.53437700005955, 40.448356692227328 ], [ -78.534675312045664, 40.448522659349955 ], [ -78.534954505505283, 40.448688754574555 ], [ -78.535195373531863, 40.448847806239201 ], [ -78.535483960875155, 40.448999228843668 ], [ -78.535743526874825, 40.449121632327042 ], [ -78.535897678429137, 40.449222840073595 ], [ -78.535946840733104, 40.449339368759375 ], [ -78.535958527625965, 40.449521888200827 ], [ -78.535961591742549, 40.449784808990756 ], [ -78.536001959294893, 40.449967133050308 ], [ -78.536157985935745, 40.450229015006343 ], [ -78.536399715712847, 40.450461098420121 ], [ -78.53668002880967, 40.450722133112897 ], [ -78.537046302450293, 40.450975278592971 ], [ -78.537374336235104, 40.451228682375636 ], [ -78.53767275311057, 40.451401944205649 ], [ -78.537962466189555, 40.451648305122113 ], [ -78.538339418669509, 40.451996324539067 ], [ -78.538820687136123, 40.452270592502501 ], [ -78.538984495917177, 40.452379033850526 ], [ -78.539264056660258, 40.452574333163071 ], [ -78.539581691624662, 40.452754762937118 ], [ -78.539821988732086, 40.452862679951529 ], [ -78.540091395381339, 40.453006918997644 ], [ -78.540207150100258, 40.453093774435651 ], [ -78.54028449034864, 40.453166285152328 ], [ -78.540333406017425, 40.453260902560146 ], [ -78.540267507768846, 40.453349000571151 ], [ -78.540191536757547, 40.453393343757817 ], [ -78.540010141150901, 40.453416494637537 ], [ -78.539596371541066, 40.453463153537335 ], [ -78.539354281717593, 40.453479043029645 ], [ -78.539159530795288, 40.453558672308972 ], [ -78.539021348243907, 40.453694861889389 ], [ -78.538939156882648, 40.45383778654746 ], [ -78.53889423324064, 40.453980456665178 ], [ -78.538890442711192, 40.454147228726178 ], [ -78.538815750961248, 40.454301120599332 ], [ -78.538739947444938, 40.454360069681314 ], [ -78.538673277258283, 40.45438243593108 ], [ -78.538424185426365, 40.454340311181006 ], [ -78.538289566971528, 40.454275493657029 ], [ -78.538135314276872, 40.45416698662676 ], [ -78.537836968528808, 40.454001028552945 ], [ -78.537520442040645, 40.453915537609909 ], [ -78.537117612458943, 40.453808721626196 ], [ -78.536609021014897, 40.453651496021408 ], [ -78.536196889612981, 40.453566651660843 ], [ -78.53579355520155, 40.453416009540362 ], [ -78.535313481851674, 40.453243976893404 ], [ -78.534718258270928, 40.453036203578108 ], [ -78.534410790470318, 40.452906819946861 ], [ -78.534045960340777, 40.452777823485079 ], [ -78.533690437176404, 40.452626850336117 ], [ -78.533295740480298, 40.452395798248524 ], [ -78.532938949622221, 40.452135273093134 ], [ -78.532553310806705, 40.451860333579489 ], [ -78.53220650991193, 40.451636258157677 ], [ -78.531898713786788, 40.451477653152757 ], [ -78.531581529071687, 40.451333719239834 ], [ -78.531274920542529, 40.451277358817798 ], [ -78.531026097884123, 40.451257128286755 ], [ -78.53073953960579, 40.451280975081325 ], [ -78.53046313442529, 40.451355880225663 ], [ -78.530215579846214, 40.451445198538146 ], [ -78.529987565651837, 40.45157090364691 ], [ -78.529712509519115, 40.451762661023892 ], [ -78.529466638102633, 40.451998044611315 ], [ -78.529230748821931, 40.452269879972604 ], [ -78.529023117235994, 40.452505005844429 ], [ -78.528682985303504, 40.452857885693376 ], [ -78.528476023859028, 40.453151438046675 ], [ -78.528344702674261, 40.453371440098422 ], [ -78.528184868089923, 40.453606241389359 ], [ -78.528015134895028, 40.453811893475446 ], [ -78.527787951300084, 40.454010628539756 ], [ -78.527513551882819, 40.45426080719853 ], [ -78.527267412999578, 40.454474276627636 ], [ -78.527040476581533, 40.454694919612479 ], [ -78.526737474682207, 40.454952593867333 ], [ -78.526424654511104, 40.455188420752066 ], [ -78.526092292063794, 40.45538785789406 ], [ -78.525826013926434, 40.45551381218948 ], [ -78.525416906485162, 40.455691850066735 ], [ -78.524978359641665, 40.455804349976077 ], [ -78.524587364491993, 40.455894616435302 ], [ -78.524272605965081, 40.455962460186143 ], [ -78.523968160998479, 40.456095969588304 ], [ -78.523682836986694, 40.456229349383918 ], [ -78.523311294514158, 40.4563486973382 ], [ -78.523035027377219, 40.456438193226546 ], [ -78.52271103802984, 40.456535309883009 ], [ -78.522329763836268, 40.456640112095585 ], [ -78.52212025520916, 40.456714550677681 ], [ -78.521891706700558, 40.456796419018147 ], [ -78.521558152775313, 40.456893596663527 ], [ -78.52129160914339, 40.456997630101796 ], [ -78.521081679301943, 40.457035549597549 ], [ -78.520852211528677, 40.457037079832489 ], [ -78.52050742506735, 40.456988249801817 ], [ -78.520172616390269, 40.456975872730013 ], [ -78.519694223307184, 40.456949841684342 ], [ -78.51929198719391, 40.456894088044471 ], [ -78.518966490198153, 40.456859733097239 ], [ -78.518641408783694, 40.456861894432961 ], [ -78.518201595490495, 40.456864816795083 ], [ -78.51781964655855, 40.456911177378949 ], [ -78.517466381875607, 40.456957346847005 ], [ -78.517170482752377, 40.457003133910568 ], [ -78.516807654733739, 40.45704936340799 ], [ -78.516483155791292, 40.457102641803807 ], [ -78.516177943413766, 40.457170400427515 ], [ -78.515700544652745, 40.457231994024426 ], [ -78.515519380419235, 40.457277017358699 ], [ -78.515338460237047, 40.457343950754641 ], [ -78.514928900473265, 40.457485435762266 ], [ -78.51447169791274, 40.457641841655857 ], [ -78.514061887075371, 40.457761413229882 ], [ -78.513642345838463, 40.457866440022343 ], [ -78.51317574145645, 40.458037511193254 ], [ -78.512718779177561, 40.458215820421067 ], [ -78.512414134732595, 40.458334692233706 ], [ -78.51195716839932, 40.458512999323212 ], [ -78.51160520961092, 40.4586760040442 ], [ -78.511205524696237, 40.458846627027896 ], [ -78.510872438941377, 40.458987593338918 ], [ -78.51055872108634, 40.459150343314796 ], [ -78.510235359688465, 40.459305853155236 ], [ -78.50996878765099, 40.459409860254631 ], [ -78.509711613147545, 40.459499197502467 ], [ -78.509578161488648, 40.459536593629714 ], [ -78.509434821800554, 40.459544839015678 ], [ -78.509281918138214, 40.459553146530702 ], [ -78.509166850676621, 40.459524687459762 ], [ -78.509051370914463, 40.459459709245252 ], [ -78.508934988765148, 40.459314394794923 ], [ -78.50877978460845, 40.459118206932388 ], [ -78.508605212761324, 40.458900234797646 ], [ -78.508439956746656, 40.458660288927014 ], [ -78.508275031245446, 40.458449556601579 ], [ -78.508081585460644, 40.458253618434206 ], [ -78.507802909557455, 40.458131278517627 ], [ -78.507506096554494, 40.45809670269967 ], [ -78.507113834028175, 40.458077360520299 ], [ -78.506788992534553, 40.458101399483873 ], [ -78.506406864966337, 40.458133115134594 ], [ -78.506110871860244, 40.458171570191432 ], [ -78.505824684524228, 40.458231872826865 ], [ -78.505500169931366, 40.458285121931063 ], [ -78.505156941071732, 40.458375011272572 ], [ -78.504928283872218, 40.458449543232639 ], [ -78.504651737940677, 40.458517083550994 ], [ -78.5043755989186, 40.458621140457453 ], [ -78.504099623379275, 40.458739803594383 ], [ -78.503852577739664, 40.45888018907992 ], [ -78.503615008096418, 40.459013208769733 ], [ -78.503358886728165, 40.459197475724487 ], [ -78.503122540043265, 40.459440044343104 ], [ -78.502829391563381, 40.459734111705345 ], [ -78.502650492941228, 40.459983609521863 ], [ -78.502500602486762, 40.460262134774581 ], [ -78.502369835406384, 40.460540534581199 ], [ -78.502163468811204, 40.46089977035431 ], [ -78.502003932867666, 40.46117105318956 ], [ -78.501815870382046, 40.461457129540946 ], [ -78.50167520976018, 40.461706377313789 ], [ -78.501506352479879, 40.46199963236041 ], [ -78.501365852137752, 40.462263486649768 ], [ -78.501206716645754, 40.462571285611752 ], [ -78.501094819411406, 40.462827649431588 ], [ -78.500926524854123, 40.463172028670563 ], [ -78.500871835907674, 40.463413413043853 ], [ -78.500817552122356, 40.463691314647562 ], [ -78.50073531516378, 40.464035132927776 ], [ -78.500701859634887, 40.464233829118371 ], [ -78.500672525588158, 40.464408040895748 ], [ -78.500656003347984, 40.464641873573385 ], [ -78.500678380101689, 40.464933885740479 ], [ -78.500776281505821, 40.465137760208485 ], [ -78.501046956975145, 40.465398943430806 ], [ -78.501278734484401, 40.465601948536268 ], [ -78.501587175848172, 40.465819061448975 ], [ -78.501914825, 40.466043352717072 ], [ -78.502204633681288, 40.46630440892617 ], [ -78.502475075807524, 40.466543679311229 ], [ -78.502697542722899, 40.466768652714812 ], [ -78.502910530542437, 40.467000991797072 ], [ -78.503152941862609, 40.467298873457416 ], [ -78.503405979563667, 40.467691637611047 ], [ -78.503639404189812, 40.468040704172246 ], [ -78.503872831266705, 40.46838977205315 ], [ -78.504048474861079, 40.468702694299395 ], [ -78.504204422413949, 40.468964618596196 ], [ -78.504485507271255, 40.46929876533806 ], [ -78.504678320023615, 40.469436281001364 ], [ -78.504929330868677, 40.469646456498715 ], [ -78.505237801570644, 40.469863560450342 ], [ -78.505536057167546, 40.470022297989608 ], [ -78.505911228534046, 40.470217051368799 ], [ -78.506277002623619, 40.470426473356007 ], [ -78.506623161451301, 40.470592199459851 ], [ -78.506940139834185, 40.470714291966878 ], [ -78.507286136720623, 40.470865408282371 ], [ -78.507650933676771, 40.470987185456067 ], [ -78.507977232386523, 40.471087301702163 ], [ -78.508342442695835, 40.471245592988261 ], [ -78.508706749876495, 40.471323547046637 ], [ -78.509080209873616, 40.471364918655077 ], [ -78.509644936956406, 40.471405033641666 ], [ -78.510180809186593, 40.471430727889867 ], [ -78.510610826123269, 40.47139868404949 ], [ -78.511107291332877, 40.471322378118678 ], [ -78.511431864741866, 40.471269114074005 ], [ -78.511670698144584, 40.471245629878652 ], [ -78.512024208416605, 40.471214084281279 ], [ -78.512329652921068, 40.471160943651093 ], [ -78.512529489457847, 40.471071979607103 ], [ -78.51273015202031, 40.471056047809469 ], [ -78.512902785298394, 40.471098731883004 ], [ -78.512980366227751, 40.471193171270031 ], [ -78.51303848939996, 40.471258522973891 ], [ -78.513078229959774, 40.471389731733545 ], [ -78.513175765084995, 40.471557077447194 ], [ -78.513320785682396, 40.471694895261464 ], [ -78.513523268885308, 40.471839636838041 ], [ -78.513697394671752, 40.472013780708345 ], [ -78.513795014324387, 40.47218842933141 ], [ -78.513942521290062, 40.472545347703274 ], [ -78.514004040572644, 40.472910136275772 ], [ -78.514132836057755, 40.473303696965118 ], [ -78.514241678798314, 40.473624350346249 ], [ -78.514379875249602, 40.474003240255563 ], [ -78.514518572058265, 40.474425950605777 ], [ -78.514608206453332, 40.474739424756997 ], [ -78.514736679150857, 40.475103771876839 ], [ -78.514863328600043, 40.475307443248539 ], [ -78.514990725708472, 40.475576844500907 ], [ -78.515118289462592, 40.475860853381711 ], [ -78.515322697166027, 40.476173568974126 ], [ -78.515507481705498, 40.476442591016735 ], [ -78.515711478051273, 40.476718787828588 ], [ -78.515866991484387, 40.476936876440924 ], [ -78.516137690156754, 40.477190719535187 ], [ -78.516398744400419, 40.477437322341281 ], [ -78.516736479848078, 40.477698024488589 ], [ -78.516842722653777, 40.477775477507429 ], [ -78.521365149859747, 40.47810015097771 ], [ -78.521666757097151, 40.478121797315495 ], [ -78.529814220955927, 40.476422609692506 ], [ -78.534529356357211, 40.476339686242952 ], [ -78.54586134428483, 40.476139600992994 ], [ -78.560556982467901, 40.476899606001567 ], [ -78.573096394261512, 40.479953546094094 ], [ -78.581436484682186, 40.485231638346143 ], [ -78.586774339373591, 40.488608985475835 ], [ -78.591136994952009, 40.49182382072955 ], [ -78.592928001864337, 40.493143472939089 ], [ -78.595871282871485, 40.495311971947267 ], [ -78.597869461234126, 40.496784031918679 ], [ -78.599373024193213, 40.497891641928121 ], [ -78.606547536474437, 40.508863571807119 ], [ -78.618131316999438, 40.525420073662794 ], [ -78.629997038816782, 40.542389328982232 ], [ -78.641017843163652, 40.555830696396129 ], [ -78.656120765407294, 40.568416844945865 ], [ -78.667392414935762, 40.578738336153641 ], [ -78.680272729551831, 40.586141005835607 ], [ -78.686034327181744, 40.588573814462407 ], [ -78.690945890058586, 40.590647331520273 ], [ -78.701855850583442, 40.5916198233421 ], [ -78.711654043454729, 40.590520876812896 ], [ -78.718242647322938, 40.590665841490477 ] ], [ [ -78.833292860216687, 40.373921846082233 ], [ -78.833911124271765, 40.374710079867484 ], [ -78.83530637211382, 40.375391761187117 ], [ -78.837049806246142, 40.376202488119738 ], [ -78.839009020435682, 40.376978067451439 ], [ -78.841139160196008, 40.377619662817779 ], [ -78.842266989574568, 40.377807512371277 ], [ -78.842875765363786, 40.37800026438174 ], [ -78.843268269614015, 40.378195057698683 ], [ -78.843357991194452, 40.378392716518661 ], [ -78.843017835607228, 40.378759867730999 ], [ -78.841920434961153, 40.379117632808132 ], [ -78.840631307853471, 40.37965916677333 ], [ -78.83860413682855, 40.380042218531152 ], [ -78.837355557854792, 40.380417909170838 ], [ -78.836327503464673, 40.38105619158901 ], [ -78.835771010109255, 40.381425354069727 ], [ -78.835165941285695, 40.381464124805404 ], [ -78.834514430921104, 40.381304819457149 ], [ -78.833814887653787, 40.380848198580203 ], [ -78.833456102841396, 40.380057531214241 ], [ -78.833360047033878, 40.379462907116952 ], [ -78.833007104700656, 40.379036115377417 ], [ -78.832223205024704, 40.378712615311933 ], [ -78.83139711995382, 40.378455673215207 ], [ -78.83078783778133, 40.378229780633852 ], [ -78.83034682442711, 40.377704550735096 ], [ -78.829947490879533, 40.377079674897089 ], [ -78.829244324815932, 40.376391466251278 ], [ -78.82828270905523, 40.375771834503709 ], [ -78.827432144678568, 40.375333127549737 ], [ -78.82621262204195, 40.374815138547525 ], [ -78.825129190088546, 40.37469288733724 ], [ -78.823612703750783, 40.374541567831777 ], [ -78.822141052941916, 40.374489064594044 ], [ -78.821102984260122, 40.37449869304708 ], [ -78.820495867658863, 40.37440506689039 ], [ -78.820099262633335, 40.373945554822733 ], [ -78.819392043118043, 40.372992644055032 ], [ -78.818423767396524, 40.371942890584691 ], [ -78.817450819509347, 40.37059540758441 ], [ -78.817093327952875, 40.36987084446077 ], [ -78.816910409319902, 40.369243922564984 ], [ -78.81656023483535, 40.368982477389103 ], [ -78.815736933492801, 40.368890820529948 ], [ -78.814916756313295, 40.368997638442664 ], [ -78.813238345995501, 40.369542455168705 ], [ -78.811259234864181, 40.370222349743905 ], [ -78.810441629535831, 40.370494535760365 ], [ -78.810274852841644, 40.370893084140981 ], [ -78.810416020147358, 40.371619654633605 ], [ -78.81059992795646, 40.372312747090575 ], [ -78.810691620634003, 40.372642753838768 ], [ -78.810608750585942, 40.37287510790263 ], [ -78.810217403876166, 40.372746361102863 ], [ -78.809604097462284, 40.372255715623524 ], [ -78.808727664951277, 40.371535885895881 ], [ -78.808028398396957, 40.371079104682416 ], [ -78.806807541424959, 40.370461668124989 ], [ -78.805087533888425, 40.369732979131278 ], [ -78.803780749104973, 40.369149379345423 ], [ -78.802685595528033, 40.368266073422504 ], [ -78.802202129471041, 40.367774205413134 ], [ -78.801933374543026, 40.367181124694788 ], [ -78.801793852418456, 40.366553782841493 ], [ -78.801870568366823, 40.365924472187935 ], [ -78.801951919622852, 40.3655928825304 ], [ -78.802251560689044, 40.36539164416687 ], [ -78.802771047178197, 40.365419996262247 ], [ -78.80394439853076, 40.365773232108602 ], [ -78.805290235743627, 40.366091794491204 ], [ -78.807028424909106, 40.366605261288434 ], [ -78.808984950515821, 40.3672490410923 ], [ -78.810199022324056, 40.367436415018567 ], [ -78.810761771112425, 40.367464332880182 ], [ -78.811236458765364, 40.367393809403389 ], [ -78.812053500588817, 40.367088538038445 ], [ -78.81312586838601, 40.366516231811417 ], [ -78.814449370537915, 40.36541224536348 ], [ -78.815560244616208, 40.364541799726091 ], [ -78.816710683449784, 40.363439383448572 ], [ -78.817864220627271, 40.36253543528062 ], [ -78.819320438082002, 40.36162867569066 ], [ -78.820864675983174, 40.360820336057309 ], [ -78.822241148325531, 40.360344382204033 ], [ -78.823404006842793, 40.36003581966839 ], [ -78.8243100239348, 40.35989505916983 ], [ -78.824954470567008, 40.359624385756511 ], [ -78.825252440969919, 40.35932385008099 ], [ -78.825590494337789, 40.358824430316751 ], [ -78.825670668466557, 40.358426666325897 ], [ -78.825839428550523, 40.358160415690612 ], [ -78.82601134392614, 40.358092645217816 ], [ -78.826140545472981, 40.358058357212158 ], [ -78.826357811281198, 40.358122502436736 ], [ -78.826796554164588, 40.358515433082516 ], [ -78.827414599598015, 40.35930370669125 ], [ -78.827939318629362, 40.359662746086087 ], [ -78.829335775560935, 40.36044374460279 ], [ -78.830645777757155, 40.361225534833871 ], [ -78.831569781767612, 40.362209433873247 ], [ -78.832055533538451, 40.362833497163244 ], [ -78.832197445392993, 40.363593117801429 ], [ -78.832337242591677, 40.364220420816835 ], [ -78.832732815828308, 40.364613731398578 ], [ -78.832868383376876, 40.364976393487758 ], [ -78.832788775626838, 40.365407242040938 ], [ -78.832448624533768, 40.365774362873836 ], [ -78.831718185262872, 40.366078967609418 ], [ -78.830555790496817, 40.366420694161988 ], [ -78.82986911162979, 40.366757961889952 ], [ -78.828860970676843, 40.367280193464808 ], [ -78.827795054558223, 40.368249602308822 ], [ -78.826938509215623, 40.368786946696133 ], [ -78.825559794417501, 40.369130637598971 ], [ -78.824092464506194, 40.369342798140075 ], [ -78.82271267651592, 40.369620297292855 ], [ -78.821981626034841, 40.369891761148864 ], [ -78.821639298336606, 40.370126531294446 ], [ -78.821642968588307, 40.370358090497987 ], [ -78.822165642916673, 40.370584835085751 ], [ -78.823252678854558, 40.370938674404535 ], [ -78.824771185968174, 40.371222319851313 ], [ -78.826937417479812, 40.371433739179238 ], [ -78.829058294769538, 40.371513204302403 ], [ -78.830622202373817, 40.3719286880984 ], [ -78.83223679539482, 40.372806862811565 ], [ -78.833292860216687, 40.373921846082233 ] ], [ [ -78.921053905787048, 40.434499116917181 ], [ -78.921417209225126, 40.435381734644537 ], [ -78.922072764153143, 40.436394328212778 ], [ -78.923134253547587, 40.437402797252133 ], [ -78.924314840497729, 40.438587302924617 ], [ -78.925200885349383, 40.439508904965514 ], [ -78.925509369323223, 40.440569326331236 ], [ -78.925759873152558, 40.441630336929798 ], [ -78.925895944610161, 40.442781142174184 ], [ -78.926090015000327, 40.443931355132506 ], [ -78.926051341939925, 40.445039622455162 ], [ -78.925828638439313, 40.445573670304746 ], [ -78.925366225369089, 40.445667008919294 ], [ -78.925129613911537, 40.445403526542648 ], [ -78.924772380932083, 40.444875382992002 ], [ -78.924750763465738, 40.443634783475524 ], [ -78.924663439897259, 40.441951701026412 ], [ -78.923823791264894, 40.440364896175637 ], [ -78.922763782832575, 40.439445051248079 ], [ -78.920823974494226, 40.437958023390379 ], [ -78.919213558280987, 40.437065880150584 ], [ -78.917228176742157, 40.436288292191463 ], [ -78.915017021446516, 40.435867467777037 ], [ -78.91303859890165, 40.435488574683433 ], [ -78.911757559842243, 40.435191262889006 ], [ -78.911462288480223, 40.434884029482866 ], [ -78.911625560311592, 40.434261974540092 ], [ -78.911897931184683, 40.433239985497657 ], [ -78.91246326750489, 40.432392309308817 ], [ -78.913323853364886, 40.431851863314854 ], [ -78.914422473272424, 40.431663530091633 ], [ -78.915524914294494, 40.431696725647583 ], [ -78.916513688350463, 40.431864003100785 ], [ -78.917147669024459, 40.431636020547899 ], [ -78.917948690007051, 40.431007512357048 ], [ -78.918571913214166, 40.430159220678618 ], [ -78.91936752491138, 40.429220548346656 ], [ -78.920406565915385, 40.428944133227915 ], [ -78.921156466761317, 40.428714955407152 ], [ -78.921495883290163, 40.42822404607454 ], [ -78.92177500830617, 40.427600804121475 ], [ -78.921990760683542, 40.426667995624989 ], [ -78.922265256650292, 40.425778908517437 ], [ -78.922723688224039, 40.425464048600823 ], [ -78.923117971818357, 40.424795315956949 ], [ -78.923800592691435, 40.424035024456323 ], [ -78.924430618068882, 40.423585466935585 ], [ -78.925006519280259, 40.423358033836571 ], [ -78.925178128657478, 40.423223342184933 ], [ -78.925456430119681, 40.422555783665366 ], [ -78.9259063289674, 40.421753529912301 ], [ -78.926651494185336, 40.42125847496461 ], [ -78.927807873624715, 40.421069428168508 ], [ -78.928912468165933, 40.421235418142281 ], [ -78.930024816408135, 40.421844470792095 ], [ -78.931085414479767, 40.422808561152017 ], [ -78.932088066390477, 40.423773236792101 ], [ -78.933202038671112, 40.424470870649152 ], [ -78.934486073635995, 40.424945176898106 ], [ -78.93559152503876, 40.425155409850859 ], [ -78.936573235189854, 40.424923752351809 ], [ -78.937259600937537, 40.424384917551734 ], [ -78.93782454236937, 40.423537121367268 ], [ -78.938157570005529, 40.422691709034865 ], [ -78.938557149565469, 40.422333075638164 ], [ -78.938911242987686, 40.422683952687905 ], [ -78.939155634863425, 40.423390478646915 ], [ -78.939291891363396, 40.424541267968813 ], [ -78.939670219082444, 40.42626566069243 ], [ -78.939876973421889, 40.428124763264847 ], [ -78.940075141820344, 40.429496488183382 ], [ -78.94108036823242, 40.430594000605566 ], [ -78.941636274559102, 40.430876315491084 ], [ -78.942107176247859, 40.431270290834767 ], [ -78.942113439521862, 40.431624746729611 ], [ -78.941421563871529, 40.431853461843751 ], [ -78.940379441560097, 40.431952838136205 ], [ -78.938871110758072, 40.431924060501835 ], [ -78.936954563178062, 40.431766513871125 ], [ -78.935096785378818, 40.431652647735362 ], [ -78.933531256283459, 40.431668702009439 ], [ -78.932319834746821, 40.432035629489079 ], [ -78.93104886542001, 40.432314525760312 ], [ -78.929835094952466, 40.432548507460979 ], [ -78.928855570151327, 40.43291303120354 ], [ -78.927822694884185, 40.433543980410178 ], [ -78.927246719110983, 40.433771428449475 ], [ -78.92625943638987, 40.433692858481031 ], [ -78.924803651785069, 40.433353156023507 ], [ -78.923288354747214, 40.432925410858346 ], [ -78.922178961942421, 40.432493525591056 ], [ -78.92147700216546, 40.432146126954876 ], [ -78.921015443717479, 40.432283752834678 ], [ -78.920793509094864, 40.432862099563181 ], [ -78.920807352851199, 40.433659630303197 ], [ -78.921053905787048, 40.434499116917181 ] ], [ [ -78.855099693909764, 40.481594445795352 ], [ -78.855167878443183, 40.482213991616696 ], [ -78.855700360954927, 40.48372616309895 ], [ -78.856711636455756, 40.485244816610631 ], [ -78.857981824314564, 40.486628078608213 ], [ -78.858482580400391, 40.487088419203261 ], [ -78.858983708184638, 40.487570903817328 ], [ -78.859713977425173, 40.487873986064756 ], [ -78.860617923850882, 40.488153241212494 ], [ -78.861016273617011, 40.488559182787732 ], [ -78.861077940934521, 40.488780086780444 ], [ -78.861023584487825, 40.489002109673784 ], [ -78.860561300175561, 40.48911730820172 ], [ -78.859022837984355, 40.489065648119492 ], [ -78.858410047088086, 40.488850034647861 ], [ -78.857853450358505, 40.488523128522949 ], [ -78.857179013995506, 40.488086601833253 ], [ -78.855858443365392, 40.487168963645438 ], [ -78.854158286269779, 40.486099891410745 ], [ -78.852870791485898, 40.485425550894099 ], [ -78.851497393621983, 40.484818465490974 ], [ -78.849835054568388, 40.484280565857816 ], [ -78.848437758219404, 40.483983770228733 ], [ -78.847680023833831, 40.483769476804767 ], [ -78.846603601106338, 40.483580357233691 ], [ -78.845732021332154, 40.483500033661578 ], [ -78.8450931971133, 40.483461796090879 ], [ -78.84454103033282, 40.483400584059403 ], [ -78.844218740409644, 40.483204289989025 ], [ -78.844068319756957, 40.48287346534341 ], [ -78.844113013877831, 40.482053492976156 ], [ -78.844096820934837, 40.481056899028395 ], [ -78.843413555929601, 40.48006662538517 ], [ -78.843021774881933, 40.479162186337163 ], [ -78.842749611141301, 40.478478113731981 ], [ -78.842825478761299, 40.477790747613568 ], [ -78.843052102614379, 40.477456351303637 ], [ -78.843279806400588, 40.477188396054913 ], [ -78.843569824044664, 40.47718564917151 ], [ -78.843748152925755, 40.477449759255514 ], [ -78.844133455539335, 40.477955557542224 ], [ -78.844928036531542, 40.478656823815072 ], [ -78.845602303698954, 40.47909342543916 ], [ -78.846281623892835, 40.479840075360471 ], [ -78.846871423357754, 40.48043252202595 ], [ -78.847865479597374, 40.480910371313477 ], [ -78.849819926465486, 40.481578416229702 ], [ -78.851593863891537, 40.481849452796055 ], [ -78.852553530599792, 40.481995340749073 ], [ -78.853133245128731, 40.481967651280264 ], [ -78.853854712812023, 40.481739256599454 ], [ -78.85434487113676, 40.481557368988881 ], [ -78.854719376713362, 40.481398735393917 ], [ -78.854980407910148, 40.481396238004876 ], [ -78.855099693909764, 40.481594445795352 ] ], [ [ -78.889478075850761, 40.248241836571168 ], [ -78.890298444219184, 40.248780822129262 ], [ -78.890984021430583, 40.249022728209034 ], [ -78.891341989718711, 40.249081362599831 ], [ -78.891218465744089, 40.249455585926817 ], [ -78.891031714556945, 40.249929900818167 ], [ -78.890772546462955, 40.249957323820702 ], [ -78.890376070966312, 40.249538497966796 ], [ -78.888774445851539, 40.248858009621244 ], [ -78.887101296182109, 40.247780332026906 ], [ -78.886047597084243, 40.246870614345909 ], [ -78.884474787543695, 40.245965980577864 ], [ -78.883558821107087, 40.245527359280672 ], [ -78.883040097234996, 40.245557310399874 ], [ -78.882300881166628, 40.245987289513799 ], [ -78.881346539504023, 40.247140509146277 ], [ -78.880543644818971, 40.247645700970111 ], [ -78.879090133520322, 40.248057775154336 ], [ -78.877406995714026, 40.248322867592698 ], [ -78.875981776291411, 40.248485957893351 ], [ -78.875689333072827, 40.248463937662592 ], [ -78.875427284353606, 40.248317286631291 ], [ -78.875471638490893, 40.248076030206164 ], [ -78.875777202729793, 40.247891141435673 ], [ -78.876742787637895, 40.247409264551962 ], [ -78.878226679541498, 40.246872590403349 ], [ -78.878806591232859, 40.246618259759444 ], [ -78.879928990581547, 40.245811556053596 ], [ -78.880468990453821, 40.245110003805628 ], [ -78.88097777815274, 40.244483354255038 ], [ -78.881070975284004, 40.244233773530489 ], [ -78.88132805489596, 40.244082057001236 ], [ -78.881520243050758, 40.24393097478778 ], [ -78.881444584120032, 40.243285174301164 ], [ -78.88080101440336, 40.241662685806375 ], [ -78.88042799266907, 40.240696522146294 ], [ -78.880315355380176, 40.239777546123918 ], [ -78.880367418009854, 40.239006160960308 ], [ -78.881004689921824, 40.238303654412512 ], [ -78.882064526161429, 40.237646741238336 ], [ -78.882452179057694, 40.237543477927872 ], [ -78.882544782173184, 40.237542570724202 ], [ -78.88270252854791, 40.237463450437886 ], [ -78.883043704467312, 40.237396789040098 ], [ -78.883526193651022, 40.237310650175807 ], [ -78.884103689189928, 40.237259760374641 ], [ -78.884295448903671, 40.237257879870015 ], [ -78.884427009118284, 40.237275451240222 ], [ -78.885697657839302, 40.237586248878905 ], [ -78.886906760078006, 40.238096573227232 ], [ -78.887856753985488, 40.238634301176297 ], [ -78.888252317094782, 40.239003412227753 ], [ -78.888328032022329, 40.239649208190194 ], [ -78.888500248946031, 40.240244319252994 ], [ -78.888671218868993, 40.240764841725451 ], [ -78.888870882639139, 40.241061278081496 ], [ -78.88894035631337, 40.241334130162578 ], [ -78.888780220476761, 40.241460041818151 ], [ -78.887792320269497, 40.240599424744502 ], [ -78.887557303997625, 40.240129264542986 ], [ -78.886801950654387, 40.239589621520373 ], [ -78.885693891385216, 40.239302105772708 ], [ -78.88459206907207, 40.239387522979115 ], [ -78.883820072678986, 40.23979296573642 ], [ -78.883152859880994, 40.240644984063501 ], [ -78.883169450040953, 40.241639499004741 ], [ -78.883639850567945, 40.242604699197763 ], [ -78.884668479639146, 40.24396228990809 ], [ -78.885820282254898, 40.244920792764276 ], [ -78.886776605427187, 40.245831470727325 ], [ -78.887925971541151, 40.246640772953199 ], [ -78.888749643430231, 40.247378669780851 ], [ -78.889478075850761, 40.248241836571168 ] ] ] } },
{ "type": "Feature", "properties": { "OBJECTID": 22, "Coal_Field": "North-Central Bituminous", "Coal_Type": "Low-Volatile Bituminous", "Status": "Final", "Feature_Source": "Map 1", "Comp_Scale": 250000, "Shape_Length": 977601.47145885567, "Shape_Area": 1460468910.0717027 }, "geometry": { "type": "MultiPolygon", "coordinates": [ [ [ [ -76.71483459371521, 41.635373650155444 ], [ -76.715033495682178, 41.636029998530176 ], [ -76.715857603869722, 41.636875252435843 ], [ -76.717211329970709, 41.637846338116042 ], [ -76.718869247842051, 41.638601481561949 ], [ -76.719547784493969, 41.638892278621562 ], [ -76.720758509363634, 41.639130898753578 ], [ -76.723939891350469, 41.639557937725058 ], [ -76.728029398107736, 41.640163795427092 ], [ -76.729541091885693, 41.640575824734171 ], [ -76.730067898883959, 41.640865214880606 ], [ -76.730590223300339, 41.641439277223995 ], [ -76.730802669569158, 41.642409192221955 ], [ -76.731400019104669, 41.643040861760525 ], [ -76.732003655672443, 41.643273979601865 ], [ -76.732612669914559, 41.643165484589311 ], [ -76.732921648158566, 41.642826559976598 ], [ -76.733003819633268, 41.642428684956521 ], [ -76.733559292668133, 41.640896137081448 ], [ -76.734025426198102, 41.640216940143596 ], [ -76.734563872738121, 41.639766152488548 ], [ -76.735340723888683, 41.638634150723966 ], [ -76.735577343129933, 41.638066807479476 ], [ -76.735594308783149, 41.636985038305141 ], [ -76.735685381633616, 41.63601780873686 ], [ -76.735845204155112, 41.635506731522689 ], [ -76.736303241972664, 41.635339940469258 ], [ -76.736761279794649, 41.635173151233836 ], [ -76.737368427632703, 41.635178500187379 ], [ -76.738125577708274, 41.63529905308814 ], [ -76.738650601380954, 41.635702274277023 ], [ -76.739306962083859, 41.637416339575879 ], [ -76.739892257429915, 41.638100823961487 ], [ -76.740276719851153, 41.638506780033183 ], [ -76.740958021086996, 41.638626647330995 ], [ -76.742249163932954, 41.638581027873357 ], [ -76.743163481236351, 41.638361267775458 ], [ -76.744578885010768, 41.637971528887007 ], [ -76.746004715051853, 41.63738228399086 ], [ -76.74727768408853, 41.637244920322694 ], [ -76.748637476718145, 41.636881683533048 ], [ -76.749457598933901, 41.636388704971431 ], [ -76.750114698323827, 41.635811816812193 ], [ -76.750710167768176, 41.635484799915098 ], [ -76.751305624065978, 41.635157780759435 ], [ -76.752635569692259, 41.635058592326928 ], [ -76.753888309001539, 41.63518018170911 ], [ -76.754997730992542, 41.635023688773714 ], [ -76.75603506389082, 41.634755834259913 ], [ -76.756632182251835, 41.634318068382854 ], [ -76.757308191768644, 41.633548787438002 ], [ -76.757985028188116, 41.632724147475926 ], [ -76.758287812329527, 41.632228469482577 ], [ -76.758371790108924, 41.631564806914696 ], [ -76.758159760489889, 41.63095395873313 ], [ -76.757870557376535, 41.630563903400514 ], [ -76.757434634787515, 41.630117219118191 ], [ -76.757293011884087, 41.629728438254382 ], [ -76.757231118521958, 41.628952785121697 ], [ -76.757093740792698, 41.628287214020361 ], [ -76.757102235653534, 41.627733631739289 ], [ -76.756739270718839, 41.627342937511635 ], [ -76.756297432170328, 41.627283756275745 ], [ -76.755853035696475, 41.62739064520224 ], [ -76.755628282350173, 41.627610164498421 ], [ -76.755250859293312, 41.628160556428618 ], [ -76.754951476203175, 41.62843479437641 ], [ -76.754504515883923, 41.628707754436938 ], [ -76.75412622392713, 41.629313499122823 ], [ -76.753895498830076, 41.6299205204404 ], [ -76.754031134899734, 41.630696814311612 ], [ -76.753868225007892, 41.631691979699902 ], [ -76.753487350993254, 41.632463798500666 ], [ -76.752885951076919, 41.633178336660464 ], [ -76.752363456094642, 41.633561366461123 ], [ -76.751698494561722, 41.633610959656757 ], [ -76.751331262049163, 41.63349703858281 ], [ -76.751042090638435, 41.633106969457067 ], [ -76.750976850267776, 41.632552748402169 ], [ -76.750762327585832, 41.632107962181493 ], [ -76.750473158520791, 41.631717888648438 ], [ -76.750404508471732, 41.631385098719143 ], [ -76.750557209786493, 41.631054232418265 ], [ -76.751005058302781, 41.630725931157428 ], [ -76.751234105270356, 41.630229629878919 ], [ -76.751396203146669, 41.629289825171625 ], [ -76.751632929045911, 41.628295300421158 ], [ -76.752022336966021, 41.62696990877815 ], [ -76.75270514888615, 41.625757790446343 ], [ -76.752992099133195, 41.624976498257595 ], [ -76.753250431686311, 41.624273068744287 ], [ -76.753361997070428, 41.623456947894248 ], [ -76.753371147734242, 41.622862780814195 ], [ -76.753281888842849, 41.622230619044011 ], [ -76.753287608240313, 41.621859263554512 ], [ -76.75344008222541, 41.621600602325699 ], [ -76.753791085536065, 41.621306518907339 ], [ -76.753894066090311, 41.621047427437063 ], [ -76.754198434458644, 41.620567238951978 ], [ -76.754452735640385, 41.620123755312932 ], [ -76.75451136265302, 41.619530013910122 ], [ -76.754718455563918, 41.618937559105127 ], [ -76.754771939127252, 41.618678039203409 ], [ -76.755121211694046, 41.618495360286197 ], [ -76.755664435077904, 41.618574339271682 ], [ -76.756055209500744, 41.618911981841208 ], [ -76.756247460296336, 41.619285047714442 ], [ -76.75619170001525, 41.619693110256534 ], [ -76.756315078766676, 41.621328355906201 ], [ -76.756931100784072, 41.623116418518727 ], [ -76.757120519321006, 41.623675160935697 ], [ -76.757438258305214, 41.624075240959172 ], [ -76.757705883193154, 41.624237317054757 ], [ -76.758150744240865, 41.62427829614056 ], [ -76.758452169884237, 41.624221512653534 ], [ -76.75869971282323, 41.623985908152576 ], [ -76.758655339852837, 41.62365126105739 ], [ -76.758761392548649, 41.621541277193138 ], [ -76.758843627127462, 41.621053053449067 ], [ -76.758952842978843, 41.620385465547436 ], [ -76.759321256578744, 41.620003435280495 ], [ -76.759655922414595, 41.619722994036103 ], [ -76.760300982742223, 41.619617125693047 ], [ -76.760846755008146, 41.619614130102178 ], [ -76.761633780509669, 41.619851430992767 ], [ -76.762318693681934, 41.620377281308741 ], [ -76.763199312083216, 41.621053369397671 ], [ -76.764126046689768, 41.621952688073421 ], [ -76.764565810671343, 41.622327861926266 ], [ -76.765645011066582, 41.622968492253953 ], [ -76.766775979384178, 41.623460992680371 ], [ -76.767365935418084, 41.623726018200358 ], [ -76.768659836937545, 41.624006461422333 ], [ -76.76978177546998, 41.624359451838657 ], [ -76.770963421122531, 41.624778062346927 ], [ -76.771602611965207, 41.625062055147389 ], [ -76.772482541996354, 41.625650770759862 ], [ -76.773142390490293, 41.625933206449453 ], [ -76.774026925364581, 41.625996080279315 ], [ -76.77565011166476, 41.626009843857091 ], [ -76.776908554070374, 41.625743670458625 ], [ -76.778025243448852, 41.625088728764403 ], [ -76.779484022892916, 41.624330315944647 ], [ -76.780238378927436, 41.623538160955903 ], [ -76.780999873590304, 41.622707915380552 ], [ -76.781554351125564, 41.621599374282226 ], [ -76.782060921645041, 41.620823691235579 ], [ -76.783264216070876, 41.619793878993036 ], [ -76.784716022458667, 41.618691859755543 ], [ -76.785417718479806, 41.618103499441816 ], [ -76.785973704051088, 41.617328211774129 ], [ -76.786458398671755, 41.616410867848373 ], [ -76.787507745818928, 41.614016985066783 ], [ -76.787723351740752, 41.612830291895193 ], [ -76.787937291759363, 41.611755005538512 ], [ -76.788187742903517, 41.611552827414755 ], [ -76.788783472611883, 41.611427815918262 ], [ -76.789623030045163, 41.611546252346379 ], [ -76.790167343537959, 41.611550796663998 ], [ -76.791010484176269, 41.611427837080285 ], [ -76.792251132370481, 41.611196763114066 ], [ -76.792997766408561, 41.610905852502519 ], [ -76.793336672769996, 41.610632968150206 ], [ -76.79389997119722, 41.610133405920187 ], [ -76.794458253198599, 41.609190960632496 ], [ -76.794995625013712, 41.607226054923338 ], [ -76.795467128023617, 41.605553155134487 ], [ -76.795612255192367, 41.604762245316827 ], [ -76.795870861725206, 41.604003007995885 ], [ -76.796270236060636, 41.603764906991856 ], [ -76.796666329707705, 41.603749619397391 ], [ -76.79868698967303, 41.60430489051523 ], [ -76.799593168403817, 41.604514159608762 ], [ -76.80026864226204, 41.60442938478316 ], [ -76.800815347537821, 41.604266764274222 ], [ -76.801319103690616, 41.603658102034153 ], [ -76.802273303081435, 41.602700313005109 ], [ -76.802722936224228, 41.602406892768428 ], [ -76.803270435142068, 41.602188556426377 ], [ -76.803804587478126, 41.602204397089679 ], [ -76.805149988162981, 41.602241153013956 ], [ -76.806136266083499, 41.602472095625572 ], [ -76.807222045317943, 41.602666703700429 ], [ -76.808162912497934, 41.602618700131913 ], [ -76.809055379039222, 41.602496013482032 ], [ -76.809995122942354, 41.602050880843443 ], [ -76.810993528445067, 41.60098586969 ], [ -76.811542252288646, 41.600118403414626 ], [ -76.811925298220117, 41.599083948707303 ], [ -76.811832536377523, 41.598656076276846 ], [ -76.81143997670992, 41.598430030153118 ], [ -76.811197185865637, 41.598112351274359 ], [ -76.811349640708954, 41.597835042299536 ], [ -76.812047639490757, 41.597469329920692 ], [ -76.812747243796551, 41.596992204515772 ], [ -76.813598475507362, 41.596293465373563 ], [ -76.814105992108367, 41.595846632099224 ], [ -76.814501302816652, 41.595446574537775 ], [ -76.815147110506445, 41.595266122474612 ], [ -76.816044549716977, 41.594790584621272 ], [ -76.817245751523359, 41.593834674549562 ], [ -76.817603266312702, 41.593057619561613 ], [ -76.817709152196727, 41.592575649830934 ], [ -76.818009170877758, 41.592355237101209 ], [ -76.818650132694586, 41.592508990883154 ], [ -76.819189488586417, 41.592847623477219 ], [ -76.819928862065822, 41.593039307791493 ], [ -76.820520365351598, 41.593192654212864 ], [ -76.820964525968236, 41.593270522901946 ], [ -76.821507628322806, 41.593349190774589 ], [ -76.823690137155907, 41.592958240080961 ], [ -76.82572262485175, 41.592677464165284 ], [ -76.826219964702872, 41.592495755954118 ], [ -76.826771535386541, 41.59198021750381 ], [ -76.82707628159487, 41.591425552753861 ], [ -76.827483663035522, 41.590611725798652 ], [ -76.82779738615676, 41.589425738720792 ], [ -76.828150521518992, 41.588945739609791 ], [ -76.828753095780542, 41.588319175178157 ], [ -76.829705081300659, 41.587472559063798 ], [ -76.831001188538409, 41.586777249677276 ], [ -76.831951543502043, 41.586042024255725 ], [ -76.832757347700081, 41.584862777924108 ], [ -76.832919747685608, 41.584044145363968 ], [ -76.832536138404009, 41.583186851276778 ], [ -76.832004153361808, 41.582328369190265 ], [ -76.831319063677469, 41.581802927241206 ], [ -76.830780785989788, 41.581390078183546 ], [ -76.830142014224535, 41.581087845586794 ], [ -76.829153332117698, 41.581042792913912 ], [ -76.828213585361397, 41.581035265880317 ], [ -76.827226491278864, 41.580878789833505 ], [ -76.826532989479873, 41.580947503214915 ], [ -76.825891594112392, 41.580830930748391 ], [ -76.825160819577079, 41.580045101466261 ], [ -76.825067728948483, 41.579635803416984 ], [ -76.825025690669563, 41.579115493965567 ], [ -76.825286760695207, 41.578151933009813 ], [ -76.825445730050689, 41.577410395178795 ], [ -76.825847216238586, 41.577005073818611 ], [ -76.826447582364437, 41.576527066067968 ], [ -76.826997954660442, 41.57608579356004 ], [ -76.827305795436715, 41.575308306638703 ], [ -76.827806167988427, 41.574903770457666 ], [ -76.828080638592198, 41.57449613318591 ], [ -76.828113992473178, 41.574126281034083 ], [ -76.827770449329691, 41.573937823632164 ], [ -76.827324824443039, 41.573971390291611 ], [ -76.826477211349555, 41.574447418526148 ], [ -76.825824233319267, 41.57514784952447 ], [ -76.825127081123014, 41.575476513330123 ], [ -76.824631459628179, 41.575546808194495 ], [ -76.824429924370236, 41.575805172049215 ], [ -76.824670843039371, 41.576252800475586 ], [ -76.82446930577197, 41.57651116432757 ], [ -76.823925278769124, 41.576506785385895 ], [ -76.823431772056011, 41.576428529237482 ], [ -76.823132375959261, 41.576611821278533 ], [ -76.823078138957371, 41.576945650620218 ], [ -76.822975507330767, 41.57720481036241 ], [ -76.82267663724285, 41.577350963367053 ], [ -76.822031562127876, 41.577494324232809 ], [ -76.821161321600101, 41.577391684696423 ], [ -76.820403721225588, 41.577184054153143 ], [ -76.819759180068033, 41.577290263804514 ], [ -76.819017847938923, 41.577247125668407 ], [ -76.818426496342838, 41.577093775221101 ], [ -76.8180845656359, 41.576793878805368 ], [ -76.817843156307703, 41.576383373766973 ], [ -76.817755459189726, 41.575602706573399 ], [ -76.817565112150064, 41.575081192445495 ], [ -76.817421553839338, 41.574745761517597 ], [ -76.817377441730827, 41.574373996016249 ], [ -76.817548565234205, 41.573941723040157 ], [ -76.817637536576711, 41.573484725188777 ], [ -76.81744880010595, 41.572851802316393 ], [ -76.817035861535516, 41.572327811586959 ], [ -76.816474691130338, 41.571803955983917 ], [ -76.815889817735297, 41.571204956037228 ], [ -76.815250677244975, 41.570939777632312 ], [ -76.814661534644301, 41.570637860755411 ], [ -76.814385629723617, 41.57029408937607 ], [ -76.81432715934622, 41.569818043973399 ], [ -76.814346451780921, 41.56848113143333 ], [ -76.814540730809682, 41.565734374954737 ], [ -76.814785441516946, 41.56547629231391 ], [ -76.815261898922827, 41.565270724944391 ], [ -76.8170536154622, 41.565205404743928 ], [ -76.820324197080808, 41.56548405058372 ], [ -76.821111647205484, 41.565750399479185 ], [ -76.821650799969831, 41.566089018850462 ], [ -76.822436669006834, 41.566466768107098 ], [ -76.822929569261177, 41.566582162233587 ], [ -76.823822308259651, 41.566403652056898 ], [ -76.824518309094316, 41.566149266334421 ], [ -76.825906057562563, 41.565937579010757 ], [ -76.826501030839026, 41.565830936200847 ], [ -76.826702526204656, 41.56557256685803 ], [ -76.82651160870455, 41.565088202421734 ], [ -76.826020829806623, 41.564824274972111 ], [ -76.825477430860786, 41.564782768872675 ], [ -76.824934033831923, 41.564741258451129 ], [ -76.824491651395817, 41.564551995426577 ], [ -76.824347018840854, 41.564290845850444 ], [ -76.824351260361695, 41.563993752634033 ], [ -76.82455487939427, 41.563586841991643 ], [ -76.824757965246249, 41.563217065339053 ], [ -76.824585410174066, 41.562797330701862 ], [ -76.823974241431529, 41.562690787261445 ], [ -76.823327192918768, 41.562982703709018 ], [ -76.821737991734381, 41.563452721020298 ], [ -76.820845821214064, 41.563594081065112 ], [ -76.820201943607813, 41.563663160200903 ], [ -76.819660689898754, 41.563473078608006 ], [ -76.819467165518375, 41.563174385923219 ], [ -76.819324687404489, 41.562764684278733 ], [ -76.819083320608627, 41.562354181372754 ], [ -76.818597394654191, 41.561755993827056 ], [ -76.818108807748729, 41.561343486978821 ], [ -76.81757718885018, 41.560484939045011 ], [ -76.817387420599076, 41.559926286251923 ], [ -76.817247099717918, 41.559368035715131 ], [ -76.817256178703062, 41.558736714182132 ], [ -76.817064282997947, 41.558326607321419 ], [ -76.816672478836495, 41.558063443493729 ], [ -76.816224822337659, 41.558245514795352 ], [ -76.81547729320279, 41.558647993366016 ], [ -76.814454047063464, 41.559361711423804 ], [ -76.813681790879386, 41.559710478257678 ], [ -76.812986357238017, 41.559927661044171 ], [ -76.812689155940546, 41.559962379917955 ], [ -76.812247379829557, 41.559735933891687 ], [ -76.811776286589506, 41.559272827721635 ], [ -76.811070402653584, 41.559057797137719 ], [ -76.810398360054194, 41.559112765842272 ], [ -76.809632774385676, 41.559306039677047 ], [ -76.809233994728032, 41.559525624329687 ], [ -76.808916062354783, 41.559450683078396 ], [ -76.808595537963981, 41.559223272991353 ], [ -76.808501500161171, 41.55888823532932 ], [ -76.807909261424555, 41.558809103789315 ], [ -76.807412671009786, 41.558953600145692 ], [ -76.806765047386321, 41.559282558585558 ], [ -76.806214684828177, 41.559723734882475 ], [ -76.805366024179605, 41.56027388282201 ], [ -76.804334838744452, 41.56129116195789 ], [ -76.802954741699907, 41.56285391569952 ], [ -76.802297833035055, 41.563814168149392 ], [ -76.801529512818064, 41.565627736744382 ], [ -76.800973079942707, 41.566477385701027 ], [ -76.80052042656888, 41.566993622371143 ], [ -76.80021666246283, 41.567473945542368 ], [ -76.800255231978383, 41.56821708064701 ], [ -76.800395970771248, 41.56873821369863 ], [ -76.800341079096242, 41.569109169470877 ], [ -76.800093281062928, 41.569144263239657 ], [ -76.799500960067434, 41.56906508929162 ], [ -76.799055902684302, 41.569061410193477 ], [ -76.798560304109685, 41.569131593530074 ], [ -76.797659278346572, 41.569866952756314 ], [ -76.796851674598685, 41.57097448814136 ], [ -76.796295133623275, 41.57182411299123 ], [ -76.795986940159196, 41.572601513610479 ], [ -76.795832570710814, 41.573008782882255 ], [ -76.795925461619007, 41.573418101614322 ], [ -76.796202284129095, 41.573833766830788 ], [ -76.796854719755913, 41.574131481533314 ], [ -76.7989220113908, 41.5748171266643 ], [ -76.799757996341071, 41.575003439641257 ], [ -76.800845330739179, 41.575204422346815 ], [ -76.801630611266518, 41.575220113540333 ], [ -76.802480075023169, 41.575032196576409 ], [ -76.803246072027207, 41.574696837916854 ], [ -76.803724599956141, 41.574485329969093 ], [ -76.804322707733135, 41.574370329712714 ], [ -76.804860440011467, 41.574606091358376 ], [ -76.806235992152949, 41.575248779386115 ], [ -76.80707296077604, 41.575515629457641 ], [ -76.808006684471181, 41.575931828683672 ], [ -76.808348562338224, 41.576231753827237 ], [ -76.808632897099031, 41.577088320729196 ], [ -76.808648915979134, 41.579391177853886 ], [ -76.808608397395176, 41.58064328157095 ], [ -76.808817630305853, 41.581398160194304 ], [ -76.809206842652301, 41.581847033699127 ], [ -76.809691752866158, 41.582519531963747 ], [ -76.809785825712325, 41.582854567356847 ], [ -76.809485822837317, 41.583074958851022 ], [ -76.809040127897603, 41.583108454617111 ], [ -76.80814927692505, 41.583138303390434 ], [ -76.807503577537616, 41.58331871944948 ], [ -76.806705699244105, 41.583757865913235 ], [ -76.805783776903894, 41.584443290173546 ], [ -76.804802303423173, 41.585376432782816 ], [ -76.804453350861934, 41.585559268257697 ], [ -76.803808698222355, 41.585665389351689 ], [ -76.803358642694633, 41.58599595060317 ], [ -76.802956419719521, 41.586438329768676 ], [ -76.802652032969803, 41.586955792251736 ], [ -76.802257912460021, 41.587298425786706 ], [ -76.801853533055095, 41.587432042437875 ], [ -76.801544259301863, 41.587225472010445 ], [ -76.801268112193, 41.586870103177908 ], [ -76.800680525744482, 41.586456707540641 ], [ -76.80009021897277, 41.586228990368149 ], [ -76.799198233392531, 41.586333043173923 ], [ -76.798251325557118, 41.586808040476519 ], [ -76.797451710152146, 41.587358530302637 ], [ -76.79615359680686, 41.58816486746462 ], [ -76.795001663205866, 41.589120968264851 ], [ -76.7943025644893, 41.589560847628974 ], [ -76.793304461632957, 41.590146800592656 ], [ -76.792409663790934, 41.590436480551453 ], [ -76.79157815095445, 41.590563574104053 ], [ -76.790625551429997, 41.590644454291542 ], [ -76.789435143225049, 41.590478625532306 ], [ -76.78845836685224, 41.589994967762564 ], [ -76.787920298583586, 41.589581920498283 ], [ -76.787483376549375, 41.589021155050524 ], [ -76.787291030965079, 41.588648137929972 ], [ -76.787248186535706, 41.588202090841058 ], [ -76.787106414427782, 41.587755214616557 ], [ -76.786862953847731, 41.587493194510444 ], [ -76.786321049041689, 41.587340091090311 ], [ -76.785192086528667, 41.587424830262989 ], [ -76.784682629234808, 41.587734899833173 ], [ -76.784182446381749, 41.588102107798065 ], [ -76.783832159212821, 41.588754871020399 ], [ -76.783618943222365, 41.589397298686002 ], [ -76.783602879682419, 41.590474242913807 ], [ -76.783736881255578, 41.591441025184594 ], [ -76.783829170002576, 41.591887488025272 ], [ -76.783669688971713, 41.592628962061099 ], [ -76.783317314214756, 41.593034549113163 ], [ -76.783134782283128, 41.59357825839983 ], [ -76.782905485305463, 41.594108164463087 ], [ -76.782894396841641, 41.594850882963435 ], [ -76.78268764337902, 41.595443396225996 ], [ -76.782385827509827, 41.595775122632297 ], [ -76.781939324245229, 41.59584867676697 ], [ -76.78154315225072, 41.595879452009044 ], [ -76.780999527212771, 41.595837732816015 ], [ -76.780502591944284, 41.595982108782692 ], [ -76.780202987148868, 41.596165285565718 ], [ -76.779950624921042, 41.596497421220796 ], [ -76.779989533712538, 41.597203422639254 ], [ -76.780073460456862, 41.598206927107739 ], [ -76.780065120492111, 41.598763965810477 ], [ -76.779764385368566, 41.599021413095464 ], [ -76.779419746033653, 41.598907083447116 ], [ -76.778930576912813, 41.598531548534858 ], [ -76.778540920292983, 41.598119711578278 ], [ -76.778200736539418, 41.597708290643219 ], [ -76.777414199093997, 41.597367376219736 ], [ -76.776870003943642, 41.597362773273218 ], [ -76.776125411267159, 41.597523602667749 ], [ -76.774780996768371, 41.598087890755792 ], [ -76.773436275012045, 41.598670730005203 ], [ -76.772339459505275, 41.599218519817214 ], [ -76.771641784731273, 41.599546854362359 ], [ -76.771339890681134, 41.599878550706237 ], [ -76.770837291392127, 41.600394242224489 ], [ -76.770485914402713, 41.600725514783306 ], [ -76.770090118102758, 41.600722143133396 ], [ -76.76959986806267, 41.600420840228551 ], [ -76.769057340430763, 41.600304791945632 ], [ -76.76866098281333, 41.600338552644693 ], [ -76.768311849152269, 41.600521275265436 ], [ -76.767709711161416, 41.601073242619158 ], [ -76.767456702348653, 41.601442486869431 ], [ -76.767008322159825, 41.60164292824058 ], [ -76.766564455184067, 41.601546283091352 ], [ -76.766172040028366, 41.601320084062806 ], [ -76.765685187667827, 41.601210677171302 ], [ -76.765378180147451, 41.601461850730054 ], [ -76.765274710946301, 41.601758089730822 ], [ -76.765124030895635, 41.601905362443389 ], [ -76.764727094276694, 41.601976245095855 ], [ -76.764183428340999, 41.601934444910512 ], [ -76.763738715938032, 41.601893491172888 ], [ -76.763324055555472, 41.601961632958499 ], [ -76.762795291201215, 41.602108241138296 ], [ -76.762274644864448, 41.602187527927917 ], [ -76.761607307155089, 41.60213517827269 ], [ -76.761116186035565, 41.601976354761241 ], [ -76.760677486665813, 41.601458652754367 ], [ -76.760438623221361, 41.600899487965222 ], [ -76.760296438578536, 41.60048971857065 ], [ -76.759853441384649, 41.60033734389372 ], [ -76.759064130724298, 41.600181982074261 ], [ -76.758371490080194, 41.600176013387369 ], [ -76.757825000179821, 41.600319862152823 ], [ -76.757292703818266, 41.600736108114937 ], [ -76.756919893631675, 41.601738978241244 ], [ -76.756905425887922, 41.602206094466162 ], [ -76.757046452116839, 41.602690140127649 ], [ -76.757434398892784, 41.603151948794718 ], [ -76.758844498819556, 41.604438488390308 ], [ -76.759341146316856, 41.60471551856147 ], [ -76.759978675693731, 41.605092414681685 ], [ -76.760370525819397, 41.605355770415642 ], [ -76.760314236706208, 41.605800972498741 ], [ -76.760013579078631, 41.606315906532842 ], [ -76.759243941857164, 41.607834489515902 ], [ -76.75850046034445, 41.609398898432758 ], [ -76.758356715917841, 41.610835222098302 ], [ -76.758732672451217, 41.612138382463151 ], [ -76.758985281921468, 41.612756707941955 ], [ -76.758917531804258, 41.612994206770523 ], [ -76.758422124139585, 41.613027076749788 ], [ -76.757883494502593, 41.612651025445892 ], [ -76.7572902607467, 41.612608766353745 ], [ -76.757039994636798, 41.612792308656644 ], [ -76.756636717929396, 41.613271652982299 ], [ -76.756237997630919, 41.61345391103719 ], [ -76.755796062657339, 41.613227247819523 ], [ -76.755271140150342, 41.611959933291395 ], [ -76.7545039642944, 41.610356252016508 ], [ -76.753387607221669, 41.608935242020287 ], [ -76.751727023397535, 41.607509502123882 ], [ -76.750649363183939, 41.606794472314242 ], [ -76.749502495262163, 41.606322339508033 ], [ -76.748215401711988, 41.606572536796179 ], [ -76.747396967236881, 41.606749065060654 ], [ -76.746173577465854, 41.606738390050999 ], [ -76.74519011698483, 41.607035906736179 ], [ -76.744855325892487, 41.60758397160258 ], [ -76.744198088153297, 41.607884331598029 ], [ -76.743712529517794, 41.607635196141693 ], [ -76.743559873836276, 41.606960427106493 ], [ -76.743901330745047, 41.605983871473079 ], [ -76.744490297424505, 41.604825817924286 ], [ -76.74483647928308, 41.603543194591538 ], [ -76.744689521953035, 41.602501146289725 ], [ -76.744047548844165, 41.601822095064222 ], [ -76.743239631487384, 41.601325252210238 ], [ -76.742013488776408, 41.601498172558081 ], [ -76.741036764231893, 41.601367162519892 ], [ -76.740884148186268, 41.600692388279377 ], [ -76.741055835904334, 41.600142900643831 ], [ -76.741973853263048, 41.598804081296713 ], [ -76.742078264890282, 41.597335682631879 ], [ -76.741763508429344, 41.596598265111716 ], [ -76.740962343979149, 41.595672913931864 ], [ -76.739587534846493, 41.594926181204279 ], [ -76.738941868047519, 41.594491954788239 ], [ -76.738046801410292, 41.594361638138295 ], [ -76.737555625305518, 41.594479756240716 ], [ -76.737060622443607, 41.594842725318806 ], [ -76.73679875835181, 41.595942404835419 ], [ -76.736948442107732, 41.596800823866658 ], [ -76.737424327278845, 41.597662116872947 ], [ -76.737730427646611, 41.598950463771018 ], [ -76.737547235304248, 41.600234501670883 ], [ -76.736962975036235, 41.601086455455949 ], [ -76.735561255394856, 41.602053639917273 ], [ -76.734906908650345, 41.602170305901303 ], [ -76.73425736219032, 41.601980905243835 ], [ -76.733861121063683, 41.601242746601329 ], [ -76.733053289047731, 41.600745833094209 ], [ -76.732240663359377, 41.600554978852507 ], [ -76.731667881083965, 41.600672349306869 ], [ -76.731170870623217, 41.601157717674965 ], [ -76.731158351738912, 41.601953484894061 ], [ -76.731308936606368, 41.602750697446261 ], [ -76.731627454533808, 41.603243291185706 ], [ -76.731445090822319, 41.604466102964587 ], [ -76.731270419494308, 41.605199212976892 ], [ -76.73150931530779, 41.60556865650674 ], [ -76.731827844780867, 41.606061250009205 ], [ -76.732797890197247, 41.606620828791307 ], [ -76.733195108803088, 41.607297778763183 ], [ -76.733095285365678, 41.608460099673749 ], [ -76.732840984962763, 41.60907006407686 ], [ -76.732180793898067, 41.609553990738462 ], [ -76.731844915928917, 41.610163230962954 ], [ -76.731914929942491, 41.610898507652152 ], [ -76.732373524438529, 41.612861649083001 ], [ -76.733069161715036, 41.615316656008766 ], [ -76.73344817124395, 41.617156647805871 ], [ -76.734424000678402, 41.619663981046067 ], [ -76.735025860985857, 41.620598973177806 ], [ -76.735589221369622, 41.621093716817875 ], [ -76.736404038445698, 41.621162125587475 ], [ -76.736642058720591, 41.621592770143458 ], [ -76.736875293705339, 41.622329482904711 ], [ -76.737603756412895, 41.622703228055997 ], [ -76.738088449304925, 41.623013602288161 ], [ -76.73824394860614, 41.623504735947442 ], [ -76.73831691785665, 41.624056373981901 ], [ -76.738633676416583, 41.624671368528936 ], [ -76.738434048355458, 41.625279771271877 ], [ -76.737594005034254, 41.625614035830438 ], [ -76.7367584114198, 41.625663617648335 ], [ -76.735771942369865, 41.625654918726404 ], [ -76.734560509976944, 41.625473395841375 ], [ -76.733574046457207, 41.625464679263978 ], [ -76.732735767288162, 41.62568503749857 ], [ -76.732205484750295, 41.625623401125274 ], [ -76.731914950957048, 41.625271935299537 ], [ -76.731694422769024, 41.624916221437189 ], [ -76.731708871297769, 41.623998034745462 ], [ -76.731240585128617, 41.622647019335176 ], [ -76.730686885737299, 41.621540125186314 ], [ -76.729798217476642, 41.620981254703125 ], [ -76.728984380305747, 41.620851585959997 ], [ -76.728006426020912, 41.620781677202963 ], [ -76.727767497038002, 41.620412226070229 ], [ -76.728183112196504, 41.619926150670935 ], [ -76.728760901742135, 41.619502733167913 ], [ -76.728604514151087, 41.619072797288212 ], [ -76.727959649632638, 41.618577295803753 ], [ -76.727474074754653, 41.618328093838507 ], [ -76.72731866470528, 41.617836940268035 ], [ -76.727325435706732, 41.617408451566739 ], [ -76.727653660308036, 41.617288928951503 ], [ -76.728801463821668, 41.616931800987274 ], [ -76.729540431589456, 41.616632257774832 ], [ -76.729852903753752, 41.616098669332615 ], [ -76.729967584589957, 41.615411621400376 ], [ -76.729983017683907, 41.614432219137392 ], [ -76.72982759684264, 41.613941070830528 ], [ -76.729012879749519, 41.613872616876336 ], [ -76.727950565593318, 41.613985619444954 ], [ -76.726887281129905, 41.614159827286478 ], [ -76.725990032095609, 41.614151839089452 ], [ -76.724849047510119, 41.614080448850281 ], [ -76.724428952079634, 41.614394724089614 ], [ -76.72394112489124, 41.614745785558632 ], [ -76.723531339252091, 41.61486457016008 ], [ -76.72271662210332, 41.614796070514053 ], [ -76.722313633723601, 41.614486361861502 ], [ -76.721416381987197, 41.614478338503638 ], [ -76.720679346146696, 41.614655408848527 ], [ -76.720015111351643, 41.615384112396107 ], [ -76.719346959861312, 41.616357667616874 ], [ -76.718760361071745, 41.617331944339391 ], [ -76.718099001203797, 41.617877003518167 ], [ -76.717682351580308, 41.618424254588383 ], [ -76.717103525660619, 41.618908823172866 ], [ -76.716617993113871, 41.618659576100917 ], [ -76.716050885763366, 41.618409593083996 ], [ -76.715069069757874, 41.618584421323646 ], [ -76.714575714986282, 41.618824865584479 ], [ -76.713344263170143, 41.619303537052311 ], [ -76.711773733513169, 41.620575012158525 ], [ -76.71044786965048, 41.621848673624783 ], [ -76.70928609762143, 41.623062585724675 ], [ -76.708456513354534, 41.623912171800029 ], [ -76.707797960244775, 41.62427353205959 ], [ -76.706816038293013, 41.624448287775941 ], [ -76.706100483885706, 41.624261291248054 ], [ -76.705436080603292, 41.624007207707287 ], [ -76.704787396569671, 41.623756432839315 ], [ -76.704214357105357, 41.623873661019317 ], [ -76.703312026264598, 41.624171555636728 ], [ -76.702494247547477, 41.624286551360683 ], [ -76.702082381620073, 41.624527677420865 ], [ -76.701588928651802, 41.624768067923746 ], [ -76.701098697457624, 41.625059091614297 ], [ -76.700484267410772, 41.625509028365506 ], [ -76.700245542889093, 41.6261901677873 ], [ -76.700154877504445, 41.627100429006639 ], [ -76.700373289157199, 41.627671855662967 ], [ -76.700898938549017, 41.628018311592562 ], [ -76.701506014850665, 41.628023848908782 ], [ -76.70226761717133, 41.62785996418382 ], [ -76.703107868800899, 41.627525959677442 ], [ -76.703949954250049, 41.627078079190944 ], [ -76.704866984377176, 41.626687816228753 ], [ -76.705552685824301, 41.62652321989551 ], [ -76.706157911399643, 41.626642602062049 ], [ -76.706838100761331, 41.62681960623712 ], [ -76.707214761945394, 41.626993852479053 ], [ -76.708048554610841, 41.627058355756645 ], [ -76.710098319312763, 41.627019971515466 ], [ -76.711233819075773, 41.6272010657853 ], [ -76.712212995839963, 41.627665454851162 ], [ -76.712586939223272, 41.62801048825591 ], [ -76.712964535258436, 41.628127781310596 ], [ -76.713648407104813, 41.628077005698799 ], [ -76.714798517598567, 41.627347106885495 ], [ -76.715864528319088, 41.627128927681838 ], [ -76.717314493593989, 41.626629472809611 ], [ -76.718383207323654, 41.626240463952698 ], [ -76.719525975417426, 41.625965996944018 ], [ -76.720133936038934, 41.625914502652854 ], [ -76.721574794061979, 41.625984343936452 ], [ -76.723703107867891, 41.625775589599101 ], [ -76.725074392812488, 41.62544616328821 ], [ -76.725834111766574, 41.625395988687451 ], [ -76.726515243430498, 41.625515942653273 ], [ -76.72704281571788, 41.62574841080157 ], [ -76.727723955694998, 41.625868355020167 ], [ -76.728103365718866, 41.625871727962576 ], [ -76.728788105027718, 41.625763927098696 ], [ -76.729088039418187, 41.625994363859604 ], [ -76.728854102261323, 41.626390887170594 ], [ -76.728391612210316, 41.626842324002418 ], [ -76.728388017007347, 41.627070065503609 ], [ -76.728760249755481, 41.627528919286377 ], [ -76.729286945151088, 41.627818310850223 ], [ -76.730188586160494, 41.628395743215016 ], [ -76.730635826281443, 41.628912199048429 ], [ -76.730856309672745, 41.629369698952999 ], [ -76.730346370797662, 41.629935422533364 ], [ -76.729713347111414, 41.630243995826127 ], [ -76.728789403511826, 41.630490221051616 ], [ -76.728258191136078, 41.630485501527993 ], [ -76.727969940669269, 41.630149963051593 ], [ -76.7279699306292, 41.62951490658768 ], [ -76.727430688994971, 41.628940777217856 ], [ -76.726617481324766, 41.628648727354431 ], [ -76.725553283007841, 41.628753135371596 ], [ -76.724560453483008, 41.629142886800182 ], [ -76.723808075352437, 41.628998200159792 ], [ -76.723277623476889, 41.628675892117656 ], [ -76.722910352759172, 41.62830843062649 ], [ -76.722454636862864, 41.627928278546719 ], [ -76.721848468365437, 41.627865915632611 ], [ -76.721310940128973, 41.628259708615651 ], [ -76.721071519365125, 41.628997827201019 ], [ -76.72082937044982, 41.629906750530147 ], [ -76.720594458498809, 41.630360192058369 ], [ -76.720285472910177, 41.630699084826986 ], [ -76.720046933647268, 41.63138026419999 ], [ -76.720267350351676, 41.631837784538277 ], [ -76.720469135911216, 41.632203812086019 ], [ -76.72112504164329, 41.632654784698971 ], [ -76.721310786635556, 41.633042932270129 ], [ -76.72070184760392, 41.633151367857572 ], [ -76.719792980153471, 41.633029341164438 ], [ -76.719036795152022, 41.632851731105127 ], [ -76.718129744479086, 41.632615821485565 ], [ -76.717445828824083, 41.632666624167193 ], [ -76.716911867822589, 41.632832656384188 ], [ -76.716158363245938, 41.63334333588169 ], [ -76.715342811382499, 41.63414765201388 ], [ -76.714914018927672, 41.6347721695602 ], [ -76.71483459371521, 41.635373650155444 ] ] ], [ [ [ -76.588341019873923, 41.681552807313501 ], [ -76.588593142260862, 41.681844764844449 ], [ -76.58903738898573, 41.682186898797411 ], [ -76.589613770377653, 41.682337421759129 ], [ -76.590260551870898, 41.682151010569299 ], [ -76.590781261686658, 41.681818617330293 ], [ -76.591176771304873, 41.681292020449057 ], [ -76.591320145408389, 41.680473474509597 ], [ -76.591267930165472, 41.679797660032484 ], [ -76.590759354600067, 41.679454891124671 ], [ -76.590384640602025, 41.678824054784997 ], [ -76.590660136971394, 41.67781390267055 ], [ -76.591201576900446, 41.676324080600438 ], [ -76.591782195886239, 41.675630791577504 ], [ -76.592188075494121, 41.67512814835802 ], [ -76.592513157180647, 41.674938483515064 ], [ -76.593413696418551, 41.674947548562798 ], [ -76.595206153225064, 41.675447916787888 ], [ -76.596547502266077, 41.675991968461332 ], [ -76.59686224191546, 41.676381006366654 ], [ -76.59684415892761, 41.677393758996907 ], [ -76.597087689428079, 41.678167956274805 ], [ -76.597780664317298, 41.678994900032365 ], [ -76.59829099180169, 41.679241188901742 ], [ -76.598993452366969, 41.679537631780597 ], [ -76.599824574574342, 41.679835364567893 ], [ -76.600846116952951, 41.680279695872947 ], [ -76.601552030805905, 41.68038321882738 ], [ -76.602198759168132, 41.680196739571514 ], [ -76.602727104745128, 41.679430254954731 ], [ -76.602804285972866, 41.678707503760386 ], [ -76.602492927756501, 41.678125574913366 ], [ -76.601661813798898, 41.677827865389098 ], [ -76.601280996520089, 41.677534651243107 ], [ -76.60122181700082, 41.677244651564031 ], [ -76.601228679857655, 41.676858840375964 ], [ -76.601749292105993, 41.676526399299505 ], [ -76.602458593599437, 41.676437011271297 ], [ -76.603301682152505, 41.676059544871514 ], [ -76.60388660248384, 41.675727736587199 ], [ -76.604473227905217, 41.675299467462452 ], [ -76.604932053090565, 41.674821690543673 ], [ -76.605516956647023, 41.674489869448919 ], [ -76.606348899301324, 41.674739324788341 ], [ -76.607049639744375, 41.675132174054738 ], [ -76.607755507963915, 41.675235662435803 ], [ -76.608273515800633, 41.675047868130498 ], [ -76.608539337626453, 41.674568159467285 ], [ -76.608550417596703, 41.673941214158887 ], [ -76.608959362847528, 41.672642929791671 ], [ -76.609700791985631, 41.671612312556569 ], [ -76.609952288814455, 41.671061030329732 ], [ -76.610536277153557, 41.67077740987326 ], [ -76.611628876452556, 41.670836469821843 ], [ -76.612971970543498, 41.671283876703356 ], [ -76.613731946840488, 41.671966680877816 ], [ -76.615071689056819, 41.672606971537839 ], [ -76.61673053677535, 41.673395096104962 ], [ -76.618011085693595, 41.673745358573349 ], [ -76.618589154299769, 41.67379928549515 ], [ -76.618980162138527, 41.67351372270209 ], [ -76.619050397466424, 41.673176769143048 ], [ -76.619134983232982, 41.672019962147949 ], [ -76.619354118438906, 41.670526834997453 ], [ -76.619555520312161, 41.670046464914023 ], [ -76.619883868042223, 41.669663813094445 ], [ -76.621180373396612, 41.669097734022593 ], [ -76.622729081879797, 41.668823520442039 ], [ -76.62356606862258, 41.668783490271437 ], [ -76.624368722677744, 41.668862736599841 ], [ -76.625201974263945, 41.668984784269263 ], [ -76.625887328018266, 41.66887759637806 ], [ -76.626728494944871, 41.668544166533572 ], [ -76.627376852273585, 41.668095144103162 ], [ -76.6276544924131, 41.667699070401135 ], [ -76.627815247192814, 41.667188156449399 ], [ -76.628051927998541, 41.666677984055021 ], [ -76.628361574326789, 41.66633934807556 ], [ -76.628974917736329, 41.666003673844976 ], [ -76.629754973206303, 41.66578092486963 ], [ -76.63079386898562, 41.665791044112034 ], [ -76.632158923258061, 41.666319398094316 ], [ -76.633280121897528, 41.667355263068345 ], [ -76.634254411120708, 41.668104977408206 ], [ -76.634931879610178, 41.668453203608991 ], [ -76.635836169401003, 41.668860573033868 ], [ -76.636666494261689, 41.66915333137058 ], [ -76.637650652413569, 41.669333685618405 ], [ -76.638709776157171, 41.669571699560372 ], [ -76.639314282569529, 41.66974837255691 ], [ -76.640066754405382, 41.6701542407516 ], [ -76.640662476867732, 41.670843301504313 ], [ -76.641264080783827, 41.671190763267226 ], [ -76.64171479652471, 41.671479818554126 ], [ -76.642384655972634, 41.671552074768108 ], [ -76.643845813287697, 41.671215635029228 ], [ -76.645226248086601, 41.670431713089172 ], [ -76.645770427861351, 41.669696688611616 ], [ -76.645782105405033, 41.669013486026579 ], [ -76.645724663161445, 41.667931023320889 ], [ -76.645584484350636, 41.667246366643987 ], [ -76.64521262487753, 41.666787248211847 ], [ -76.644838831670725, 41.666442002886683 ], [ -76.644158406583543, 41.66626462771459 ], [ -76.643708684539234, 41.665918643570308 ], [ -76.643566580540565, 41.665347848295809 ], [ -76.643497483739708, 41.664948583926339 ], [ -76.643583154602879, 41.664379983593513 ], [ -76.64389562708341, 41.663870506620079 ], [ -76.644355075934158, 41.663647153500783 ], [ -76.644886548969083, 41.66365226387952 ], [ -76.646021524389198, 41.663890942855538 ], [ -76.647007573947434, 41.66395734963406 ], [ -76.647990716591366, 41.66419455033494 ], [ -76.648818131165513, 41.664658019657345 ], [ -76.64964652672802, 41.665064554367746 ], [ -76.650326956697143, 41.665241893172428 ], [ -76.650928559284679, 41.665589303236956 ], [ -76.65152920051699, 41.665993640606111 ], [ -76.651825168825823, 41.666452008164413 ], [ -76.652271061375771, 41.66702569974268 ], [ -76.652569943795001, 41.667313266775679 ], [ -76.653247504854164, 41.66766138685761 ], [ -76.654160590830585, 41.667556211002079 ], [ -76.65515153418022, 41.66733788327771 ], [ -76.656064607969938, 41.667232684361274 ], [ -76.657280438198356, 41.667187309645506 ], [ -76.658039726959259, 41.667194523958614 ], [ -76.658953759010345, 41.667032372902092 ], [ -76.659641923094128, 41.666754187262235 ], [ -76.660261836775533, 41.666019811799863 ], [ -76.660498261300063, 41.665509568921038 ], [ -76.660741395828794, 41.664600789887629 ], [ -76.66060490350992, 41.663688413533471 ], [ -76.660235839662477, 41.663058545084958 ], [ -76.660018633312518, 41.662430113982978 ], [ -76.660104157786961, 41.661861501843923 ], [ -76.660191603723462, 41.661179015656877 ], [ -76.66005032344998, 41.660551303235856 ], [ -76.659756240614456, 41.65997908952528 ], [ -76.659537123912358, 41.659464526141122 ], [ -76.659394892677412, 41.65889374857116 ], [ -76.659331465849746, 41.658152891137497 ], [ -76.659721621336956, 41.657530219710218 ], [ -76.660414481120881, 41.656967360347416 ], [ -76.661637782274667, 41.656466463401024 ], [ -76.662478609967764, 41.656132765335208 ], [ -76.663166642462272, 41.655854558537484 ], [ -76.663847013569622, 41.656031815624502 ], [ -76.664370776872261, 41.656492306138617 ], [ -76.665049247147962, 41.656783425844843 ], [ -76.665725815111358, 41.657188411262283 ], [ -76.666386938570994, 41.657756305560596 ], [ -76.666930000022404, 41.657826133028948 ], [ -76.667609451566236, 41.658060303354851 ], [ -76.66790931264687, 41.65829089690542 ], [ -76.667902640739285, 41.658689432998521 ], [ -76.667427097667016, 41.659880754117097 ], [ -76.667340685097912, 41.660506310901418 ], [ -76.667627205057087, 41.661533980651427 ], [ -76.667998239326252, 41.662049959381434 ], [ -76.668596096914385, 41.662625009683147 ], [ -76.669121851030013, 41.662971613595275 ], [ -76.669928279271517, 41.663438407956363 ], [ -76.67055490145475, 41.663554505618649 ], [ -76.671241081068487, 41.663390116190797 ], [ -76.671850379580107, 41.663281949023045 ], [ -76.672378056701461, 41.663514669633088 ], [ -76.673217024697422, 41.663294757508936 ], [ -76.6734523888003, 41.662841421221657 ], [ -76.673536847731967, 41.662329727353253 ], [ -76.673319512879146, 41.661701320772494 ], [ -76.672804183868422, 41.660728466717465 ], [ -76.672816520536571, 41.659988325363507 ], [ -76.673127795173798, 41.659535699125044 ], [ -76.673975241380603, 41.65880337880148 ], [ -76.675288597619229, 41.657449036494299 ], [ -76.675764923531688, 41.6562007449361 ], [ -76.675859764165722, 41.655062776499697 ], [ -76.67580277171038, 41.653923385008348 ], [ -76.675820747629515, 41.65284164104645 ], [ -76.675840215340799, 41.651632674820803 ], [ -76.67570014483546, 41.65096139677317 ], [ -76.675173507416957, 41.650671759004148 ], [ -76.674493158839809, 41.650494569311718 ], [ -76.673953664903436, 41.650214230858033 ], [ -76.673745432460862, 41.649804256431445 ], [ -76.673988321887933, 41.648895444786334 ], [ -76.674026832350364, 41.648368403763108 ], [ -76.673993928636705, 41.647795041434442 ], [ -76.673746183150243, 41.647378849408241 ], [ -76.6729016534522, 41.647116249581067 ], [ -76.672309636653722, 41.646983354584705 ], [ -76.671720278667024, 41.646691301121628 ], [ -76.671044459234125, 41.646493941583074 ], [ -76.670238136827152, 41.646486370460437 ], [ -76.669858322547, 41.646355457143194 ], [ -76.669403620536897, 41.646119179464982 ], [ -76.668956760507953, 41.645602491971722 ], [ -76.668506097682467, 41.645313538703121 ], [ -76.667672113476698, 41.64524874797614 ], [ -76.667251485998051, 41.644908597760612 ], [ -76.667173754453827, 41.6444518546487 ], [ -76.667098474882238, 41.643878090357269 ], [ -76.667175110409957, 41.643194120870419 ], [ -76.667414251659068, 41.642513056694483 ], [ -76.667678915321602, 41.642164390796324 ], [ -76.667508110291877, 41.642226454864606 ], [ -76.668067754697063, 41.641754178240475 ], [ -76.668329818675645, 41.641310933134029 ], [ -76.668424800490897, 41.640706933551421 ], [ -76.668221151593215, 41.640195635725263 ], [ -76.66776556560886, 41.639522783244111 ], [ -76.667263828565922, 41.639072349124397 ], [ -76.666847490625372, 41.638590881194133 ], [ -76.666433298972095, 41.63798208485845 ], [ -76.665977212897644, 41.637341056522644 ], [ -76.665434673718451, 41.636794719391581 ], [ -76.664849176558278, 41.636279811424842 ], [ -76.664133193227698, 41.635954686843348 ], [ -76.663413468516609, 41.635852377261855 ], [ -76.662945658176582, 41.635911627712794 ], [ -76.662687329235141, 41.636132039623384 ], [ -76.662642221035341, 41.63629079485311 ], [ -76.662382280696079, 41.636606701203412 ], [ -76.66231353877842, 41.636628036226291 ], [ -76.662197965444619, 41.636712576705868 ], [ -76.661514927629838, 41.636706111335236 ], [ -76.660678184989919, 41.636812071316243 ], [ -76.660214188641547, 41.63732016163231 ], [ -76.659893340031289, 41.638342093767811 ], [ -76.659414928295448, 41.639704186646448 ], [ -76.659481224611042, 41.640274246438324 ], [ -76.65909501643111, 41.640669182681755 ], [ -76.658481105748464, 41.641061956059723 ], [ -76.658017061195395, 41.641570035846513 ], [ -76.65773676410177, 41.642802594728295 ], [ -76.65785170683597, 41.643535923137449 ], [ -76.657968261559574, 41.644173759959472 ], [ -76.658485890362371, 41.645275779395263 ], [ -76.659005685146198, 41.645964028042215 ], [ -76.659443826054684, 41.646993157533522 ], [ -76.659430381719673, 41.647790231490539 ], [ -76.659423486497218, 41.648485486729356 ], [ -76.659486119491106, 41.648986560193507 ], [ -76.659029711410525, 41.649039171605409 ], [ -76.658577149438358, 41.648864048593545 ], [ -76.658055412511573, 41.648289664308436 ], [ -76.657235833438421, 41.647370790876998 ], [ -76.656563273846842, 41.646738023667133 ], [ -76.655581329053589, 41.646443965241588 ], [ -76.654288057822043, 41.646602475183613 ], [ -76.653680822392872, 41.646596685157604 ], [ -76.653001540315742, 41.646362433579974 ], [ -76.652256032567948, 41.645558117445525 ], [ -76.651817530504545, 41.644988401522944 ], [ -76.651270864559805, 41.644632374686886 ], [ -76.650717697754331, 41.644658977631835 ], [ -76.650201076919444, 41.64503673082762 ], [ -76.649753157328533, 41.645420301932731 ], [ -76.649212138968963, 41.645984552519451 ], [ -76.648747020436645, 41.646549527144764 ], [ -76.648357795255322, 41.647115227518434 ], [ -76.64789363200677, 41.647623265822077 ], [ -76.64742266408247, 41.648529835124997 ], [ -76.647261136325795, 41.649097712616744 ], [ -76.64733024411386, 41.649496978328806 ], [ -76.647853837188379, 41.649957537847648 ], [ -76.648528283677024, 41.650476490086952 ], [ -76.648973070534595, 41.651107123442209 ], [ -76.649071166643523, 41.651467927732263 ], [ -76.648727794499251, 41.651655986297193 ], [ -76.647711806600284, 41.651391120083041 ], [ -76.646820646966177, 41.651286897107546 ], [ -76.645933762955437, 41.651248801095832 ], [ -76.644492443960615, 41.651178007776274 ], [ -76.643427756775196, 41.651281648799504 ], [ -76.642523480504849, 41.651436926664921 ], [ -76.641935391645262, 41.651016674549645 ], [ -76.642080894724714, 41.650129819380851 ], [ -76.64255953134402, 41.649332458805993 ], [ -76.643037543424924, 41.648731130322041 ], [ -76.643252664641949, 41.648205050261872 ], [ -76.64352918825152, 41.647332653941717 ], [ -76.643585519038396, 41.646499966517084 ], [ -76.643601106438879, 41.645589031372168 ], [ -76.643691621271529, 41.644735758483016 ], [ -76.643557353309475, 41.643709493797424 ], [ -76.643265443595311, 41.643023368296021 ], [ -76.643104757268844, 41.642321653702716 ], [ -76.64264044606189, 41.64212583668283 ], [ -76.641832800479605, 41.642118053272945 ], [ -76.641238240106389, 41.64208042926731 ], [ -76.640479668557916, 41.641690415364899 ], [ -76.639806119210718, 41.64130121894037 ], [ -76.638831356534013, 41.640418162874433 ], [ -76.638129955477353, 41.639881808404823 ], [ -76.637242266192956, 41.639586198374822 ], [ -76.63592677507269, 41.639445893697989 ], [ -76.634777468976324, 41.639530422915485 ], [ -76.633708767679181, 41.639870854042641 ], [ -76.632989261350502, 41.640247661706276 ], [ -76.632067677139219, 41.640865074735089 ], [ -76.631450646268746, 41.64142850116496 ], [ -76.63106819981833, 41.64159560929275 ], [ -76.630003658789178, 41.641699129324188 ], [ -76.629322546966591, 41.641578603979113 ], [ -76.628567508036568, 41.641343469607833 ], [ -76.628194932353722, 41.640941235608132 ], [ -76.628059933726746, 41.639971886975296 ], [ -76.627382796610974, 41.639623619532173 ], [ -76.626739989004676, 41.639675408446735 ], [ -76.626484859304668, 41.639924735704909 ], [ -76.626332367200519, 41.640358212640599 ], [ -76.626537969038651, 41.641039860507725 ], [ -76.627004309966651, 41.641591461604506 ], [ -76.627206134860828, 41.642215365481242 ], [ -76.627305403440062, 41.642760045240699 ], [ -76.627318550011466, 41.643324281666445 ], [ -76.626850290736115, 41.644059965484537 ], [ -76.626687611941165, 41.644684746336189 ], [ -76.626600827799862, 41.645310272268844 ], [ -76.62697144094642, 41.645826378386886 ], [ -76.626963529552398, 41.646281843910756 ], [ -76.626862729237359, 41.646936868089782 ], [ -76.6267180091439, 41.647304418881824 ], [ -76.626861904428111, 41.647761363137761 ], [ -76.627388301685343, 41.648051221826051 ], [ -76.627379403255574, 41.648563620311478 ], [ -76.626825305788074, 41.649867892554454 ], [ -76.626585716937072, 41.650548865140451 ], [ -76.62693162539162, 41.652488302139652 ], [ -76.627054954928866, 41.653006524950023 ], [ -76.62693820149704, 41.653467536939772 ], [ -76.626532284572662, 41.653623255402451 ], [ -76.626232590149044, 41.653392555156501 ], [ -76.625260596260034, 41.652528906475219 ], [ -76.624506443028764, 41.652236811001202 ], [ -76.623728293364522, 41.652095748026319 ], [ -76.622449821011102, 41.651649101356327 ], [ -76.621180630969405, 41.650671941665607 ], [ -76.620299804955067, 41.64955388098177 ], [ -76.619864883944686, 41.648681374579731 ], [ -76.619068651241051, 41.646406490031431 ], [ -76.618861693000511, 41.645830789987798 ], [ -76.618651878977815, 41.645393757711531 ], [ -76.618156455067449, 41.644709244263382 ], [ -76.617551857159171, 41.644050837682784 ], [ -76.616730332471036, 41.643363105368145 ], [ -76.616048523833442, 41.64297578431421 ], [ -76.615583657716101, 41.642617786871483 ], [ -76.614972427114267, 41.64233989772687 ], [ -76.614542852640028, 41.642036615398723 ], [ -76.613894919355531, 41.64178554490001 ], [ -76.612993346065608, 41.641531961720254 ], [ -76.612085082955616, 41.641658901886913 ], [ -76.611428547399484, 41.641897070649634 ], [ -76.610919341548794, 41.642000768559406 ], [ -76.610157447897521, 41.642047587732129 ], [ -76.609360754500472, 41.642012500212594 ], [ -76.608783392802849, 41.641870842517527 ], [ -76.608099248523658, 41.641619379014692 ], [ -76.607340237241914, 41.641503095843767 ], [ -76.606396210943657, 41.641602449842559 ], [ -76.605630950991213, 41.641839504001041 ], [ -76.605336740546448, 41.642081244094122 ], [ -76.605184583962554, 41.642487511456459 ], [ -76.605162827538436, 41.642702672374924 ], [ -76.604982417131851, 41.642938821911635 ], [ -76.604422197771342, 41.642561473799837 ], [ -76.603700864184091, 41.642363983682465 ], [ -76.602938478956162, 41.642437936352408 ], [ -76.601988641196996, 41.642863422123845 ], [ -76.601825226943532, 41.643293212425291 ], [ -76.602141554748087, 41.643585782274521 ], [ -76.603098256436951, 41.644029449351805 ], [ -76.603734352043361, 41.644421673671324 ], [ -76.604304456205128, 41.644909709025342 ], [ -76.604231614057838, 41.645391333688636 ], [ -76.60409191208467, 41.646016999393559 ], [ -76.604211101450986, 41.646548772944584 ], [ -76.603886200034054, 41.646738475354013 ], [ -76.603116354816507, 41.646634328910345 ], [ -76.602320652330746, 41.646618333218349 ], [ -76.601004988859358, 41.647230456296434 ], [ -76.599981626360403, 41.647709562250633 ], [ -76.599794150123685, 41.648061097876521 ], [ -76.599528868712895, 41.648710893510632 ], [ -76.599404673735904, 41.649579584952768 ], [ -76.599324937969627, 41.64998656809793 ], [ -76.599141321294482, 41.650120659049293 ], [ -76.59865257107144, 41.650088579210198 ], [ -76.597820517052668, 41.649998686246455 ], [ -76.596733820145644, 41.649960604011163 ], [ -76.595934128139973, 41.65008850535893 ], [ -76.595463016361862, 41.650083775550975 ], [ -76.594924280894617, 41.649806508549851 ], [ -76.594424220316228, 41.649393700875002 ], [ -76.59338690594258, 41.648622076126813 ], [ -76.592288696140869, 41.647972846434875 ], [ -76.591392854508285, 41.64772264553833 ], [ -76.590663570118124, 41.647887820528481 ], [ -76.590027901961136, 41.648528878071474 ], [ -76.589370207936412, 41.649342236295624 ], [ -76.588691838248877, 41.649927376545619 ], [ -76.588396342178214, 41.6500125848926 ], [ -76.587051086681498, 41.650243652452843 ], [ -76.5859629277236, 41.650287008708268 ], [ -76.584694546619474, 41.650274158868235 ], [ -76.583680826443228, 41.650209507664471 ], [ -76.582815500635789, 41.64995605644598 ], [ -76.581950179166014, 41.649702596056635 ], [ -76.581048625459459, 41.649448764315856 ], [ -76.579781743099915, 41.649354318894659 ], [ -76.578800340248137, 41.649507435963351 ], [ -76.578217562357551, 41.649664608820622 ], [ -76.577774808463801, 41.650095062203988 ], [ -76.577476513618109, 41.650554171952123 ], [ -76.577504371722455, 41.651016608760493 ], [ -76.577754105461707, 41.651236639155968 ], [ -76.578048368164488, 41.651325940975539 ], [ -76.578581219162203, 41.65159848107043 ], [ -76.578971841024867, 41.65179324052346 ], [ -76.579550841770768, 41.652097696069958 ], [ -76.580091495693438, 41.652266312951646 ], [ -76.580569762909874, 41.652340091394066 ], [ -76.581787919756522, 41.652664159811671 ], [ -76.582504878915273, 41.65310641095364 ], [ -76.583509323714196, 41.653687502965454 ], [ -76.585667849943206, 41.654948301978912 ], [ -76.587776013404195, 41.655741395946343 ], [ -76.588864864596189, 41.655993574226358 ], [ -76.589315866138307, 41.655949895162465 ], [ -76.590222197566163, 41.655621396528119 ], [ -76.591708995827261, 41.655202272482668 ], [ -76.592865615415576, 41.655262154399409 ], [ -76.593957928620284, 41.655321379928502 ], [ -76.594598394086134, 41.655472525801002 ], [ -76.594779231479237, 41.655894589333798 ], [ -76.594253580728662, 41.656771404899963 ], [ -76.593666176629569, 41.657324224586674 ], [ -76.592311438870567, 41.65747538782081 ], [ -76.591275612279048, 41.65785083261715 ], [ -76.590104228760325, 41.658610780476359 ], [ -76.589769706070342, 41.659330930090974 ], [ -76.589376923073459, 41.659712846913195 ], [ -76.585969415289981, 41.659630154736988 ], [ -76.583681410508873, 41.659578431067196 ], [ -76.583170565245737, 41.659716205556791 ], [ -76.582945188019082, 41.659880703742353 ], [ -76.582907829098218, 41.660190068899333 ], [ -76.583091976068602, 41.660549336742406 ], [ -76.583305762460213, 41.661098436807215 ], [ -76.584292967737923, 41.663423731672438 ], [ -76.584271146824577, 41.663873185597048 ], [ -76.584612007366047, 41.664353171519707 ], [ -76.585330664674842, 41.665027597199924 ], [ -76.586361024754154, 41.666038744626093 ], [ -76.586573974924647, 41.666565083365391 ], [ -76.58654656210571, 41.666871247339373 ], [ -76.586467511683523, 41.667183494405734 ], [ -76.586110312031153, 41.667608755655145 ], [ -76.585975933746994, 41.668012444978558 ], [ -76.58540711328267, 41.66941616225634 ], [ -76.585149882195466, 41.669767236547521 ], [ -76.584950792368247, 41.669749183122285 ], [ -76.584708950149206, 41.6695483290003 ], [ -76.584061530995228, 41.668445746124334 ], [ -76.583188191785595, 41.667608965136289 ], [ -76.582372123014011, 41.666491275468672 ], [ -76.581677731109139, 41.665760696602831 ], [ -76.581168448567595, 41.665466108461651 ], [ -76.580525033309954, 41.665275461787985 ], [ -76.579998797391482, 41.665395912692617 ], [ -76.579342395551052, 41.665606713796777 ], [ -76.578836896646536, 41.665492822314015 ], [ -76.578343861473883, 41.665147944015025 ], [ -76.577964093664619, 41.66480642690545 ], [ -76.57780395478747, 41.664476434649551 ], [ -76.577701625074866, 41.664121980723102 ], [ -76.577310306248506, 41.663710209922378 ], [ -76.577097759300429, 41.663436187095542 ], [ -76.576558007671466, 41.663213196563568 ], [ -76.576013818088668, 41.663234824241925 ], [ -76.575288885006074, 41.66322741857411 ], [ -76.574895116785655, 41.662951539126681 ], [ -76.574469556726285, 41.662430667086433 ], [ -76.574044990907396, 41.661855430995004 ], [ -76.573619445897734, 41.661334555634127 ], [ -76.572833435115797, 41.660701244619347 ], [ -76.572083187804012, 41.660095480634709 ], [ -76.571297207855196, 41.659462159867459 ], [ -76.570259022989219, 41.658744689943966 ], [ -76.56954258573677, 41.658275183475887 ], [ -76.569037159060045, 41.658161250105657 ], [ -76.568527264919553, 41.658291937283678 ], [ -76.568159359595313, 41.658587195033881 ], [ -76.567827694952797, 41.658882823314066 ], [ -76.567823239863699, 41.658889282513158 ], [ -76.567322584705792, 41.659295115813045 ], [ -76.566803703092177, 41.659530950564168 ], [ -76.566291002499455, 41.65942920186388 ], [ -76.565270032771139, 41.658984569149304 ], [ -76.563486406449073, 41.658403129126718 ], [ -76.562452902303278, 41.658280211139463 ], [ -76.560461164526188, 41.658163146228212 ], [ -76.559172355256862, 41.658294506734443 ], [ -76.558589148237701, 41.658529639237763 ], [ -76.557935401581162, 41.659101682153803 ], [ -76.557462109515015, 41.660350883013841 ], [ -76.557054891463366, 41.661504296061018 ], [ -76.557104951596202, 41.662276575920075 ], [ -76.557162141523449, 41.662663050182012 ], [ -76.557408704149296, 41.66324442584434 ], [ -76.558293947803165, 41.664073601948743 ], [ -76.559567762607102, 41.664762089940218 ], [ -76.560334197755537, 41.665059433526146 ], [ -76.56077373761994, 41.665642803260674 ], [ -76.560949814175231, 41.666561086489352 ], [ -76.56106957072366, 41.667044676048242 ], [ -76.560810529540746, 41.667138465920971 ], [ -76.560103059856488, 41.66713114483715 ], [ -76.55932860099756, 41.667267829991914 ], [ -76.558809630073682, 41.667503627562148 ], [ -76.558290654240878, 41.667739421887511 ], [ -76.557828872256636, 41.668361688688627 ], [ -76.557692226133838, 41.668794385933452 ], [ -76.557367967301559, 41.668935726541676 ], [ -76.556789111831321, 41.66892971988937 ], [ -76.555509003169419, 41.668578779374847 ], [ -76.553840334675769, 41.668368487109589 ], [ -76.552361043767533, 41.668353083783813 ], [ -76.550748651779145, 41.668577448014943 ], [ -76.549739584582241, 41.669072191843966 ], [ -76.548929844674618, 41.66952315742197 ], [ -76.548531378514198, 41.670194281622152 ], [ -76.548897561554142, 41.671259274801216 ], [ -76.549647885333087, 41.672424752504774 ], [ -76.550852073597881, 41.673402017147929 ], [ -76.551615884333941, 41.673844096239492 ], [ -76.551801690725895, 41.674231911143849 ], [ -76.551472918679593, 41.674614365209983 ], [ -76.550907229462211, 41.675018771230022 ], [ -76.550788376856858, 41.675561237205137 ], [ -76.55106191609012, 41.675960655448975 ], [ -76.553231067160624, 41.676947955703533 ], [ -76.554504183417578, 41.677684725504434 ], [ -76.555904197681798, 41.678519269961598 ], [ -76.557641481349691, 41.679492841673749 ], [ -76.558252806496895, 41.679771034709212 ], [ -76.559699524197157, 41.679976322052504 ], [ -76.56250771873205, 41.679793548516791 ], [ -76.56457154153388, 41.679525444611599 ], [ -76.566189474969107, 41.679011534633673 ], [ -76.567226667011695, 41.678588098916258 ], [ -76.568581070710721, 41.678409087231067 ], [ -76.569745130629201, 41.678083403053876 ], [ -76.570585781740519, 41.677850857143994 ], [ -76.571230810851205, 41.677761002829072 ], [ -76.572000967864327, 41.67786536898889 ], [ -76.57360123081159, 41.678315871972181 ], [ -76.574622569575368, 41.678760432892489 ], [ -76.574745960806339, 41.679051104949068 ], [ -76.574481620603933, 41.67943428019516 ], [ -76.574473718568626, 41.679868312542709 ], [ -76.574918757373425, 41.680162272790668 ], [ -76.576132242800838, 41.6806570174207 ], [ -76.576960641651112, 41.681099590412494 ], [ -76.577666518178233, 41.6812032594013 ], [ -76.578503690028811, 41.681163558756985 ], [ -76.579916330395974, 41.681322654243971 ], [ -76.580813461414493, 41.681524721914961 ], [ -76.581585429734673, 41.681532572027599 ], [ -76.581778420952688, 41.681534533297437 ], [ -76.582938115924293, 41.681449845982193 ], [ -76.584297766415276, 41.680981290305731 ], [ -76.585135796904353, 41.680893317896164 ], [ -76.585776487864393, 41.681044515914877 ], [ -76.586291128838738, 41.681049727106291 ], [ -76.586737094226379, 41.681295411655164 ], [ -76.587310862238212, 41.681590627618064 ], [ -76.587956769831251, 41.681452455944871 ], [ -76.588341019873923, 41.681552807313501 ] ] ], [ [ [ -76.966636934810481, 41.537346836333967 ], [ -76.966504526976394, 41.53772997237666 ], [ -76.966585846921276, 41.538050557086564 ], [ -76.966623801824241, 41.538434852798829 ], [ -76.966782580156021, 41.539396024589159 ], [ -76.966858496667655, 41.5401646145489 ], [ -76.967106332164064, 41.540806359620255 ], [ -76.967819231943551, 41.541739296202522 ], [ -76.968112375043603, 41.54215732828051 ], [ -76.968319176009828, 41.542670783051449 ], [ -76.968483384273654, 41.543183944050334 ], [ -76.969132572099582, 41.543881456444964 ], [ -76.969491415012754, 41.544374898000733 ], [ -76.9700107935018, 41.545094738499245 ], [ -76.970327562744458, 41.545692692120348 ], [ -76.970662182442823, 41.546207005456267 ], [ -76.971042095064178, 41.546497608213201 ], [ -76.971380949648179, 41.546659914828645 ], [ -76.972019138945427, 41.546728238632042 ], [ -76.972404430301495, 41.546570828566459 ], [ -76.973348842810523, 41.545969151265986 ], [ -76.973998893712732, 41.545045454021874 ], [ -76.974820835881758, 41.543994893373267 ], [ -76.975294733276414, 41.543550043767851 ], [ -76.975642368401296, 41.542976331716879 ], [ -76.975851293586743, 41.54198172583294 ], [ -76.975877868265215, 41.541089738314213 ], [ -76.975415449634525, 41.540574577483824 ], [ -76.974996398283182, 41.5399957005706 ], [ -76.974873592208354, 41.539578834169099 ], [ -76.974924208972325, 41.538907110943079 ], [ -76.975274441873381, 41.537953416261523 ], [ -76.975450590464163, 41.537630535135577 ], [ -76.975793992040138, 41.537408824586308 ], [ -76.976432476680046, 41.537445123667368 ], [ -76.977503683539368, 41.538169626429855 ], [ -76.978346965490317, 41.53887844137499 ], [ -76.978917592776838, 41.539386438771359 ], [ -76.979554965052799, 41.539930310200454 ], [ -76.980364525972561, 41.540342441409493 ], [ -76.981312720824235, 41.540676870360045 ], [ -76.981931824737586, 41.540650269707363 ], [ -76.982564077726792, 41.540551076954976 ], [ -76.98317345804351, 41.540114500712285 ], [ -76.983558712393219, 41.539484528144762 ], [ -76.984079237672304, 41.539160442865906 ], [ -76.984719254633688, 41.539068693358985 ], [ -76.985485538211691, 41.539105791354338 ], [ -76.98603810730512, 41.539205470569776 ], [ -76.986508493159491, 41.539168770503998 ], [ -76.988030764541406, 41.538776421761185 ], [ -76.989962224705579, 41.538751416961134 ], [ -76.990598858513522, 41.538947638878724 ], [ -76.991194026248507, 41.539047574361419 ], [ -76.992172154670129, 41.539182034955445 ], [ -76.992667946494976, 41.53920948206288 ], [ -76.993195117291009, 41.539124762172293 ], [ -76.993563750755968, 41.53894708057846 ], [ -76.994098875963473, 41.538330628471421 ], [ -76.994590735759317, 41.537457352966932 ], [ -76.994666350860626, 41.537150241262012 ], [ -76.99488340229297, 41.53679963234368 ], [ -76.995140063572435, 41.536705307106949 ], [ -76.995523008807126, 41.536739823370667 ], [ -76.996454431767319, 41.537225974092742 ], [ -76.996883762167997, 41.537493237292253 ], [ -76.997130321446988, 41.537710443983961 ], [ -76.997597343359146, 41.537841511701849 ], [ -76.997951058333982, 41.537835591179892 ], [ -76.998238440748892, 41.537653684437068 ], [ -76.998499918368481, 41.537143344256627 ], [ -76.998678385469915, 41.536700086320074 ], [ -76.998890645898314, 41.53650583484491 ], [ -76.999360994109779, 41.53634888860357 ], [ -76.999691318761052, 41.536342736780455 ], [ -77.000806356664739, 41.53634833668648 ], [ -77.001951670031261, 41.536517418202934 ], [ -77.002951666208972, 41.536847121884705 ], [ -77.004164988452416, 41.537339842614479 ], [ -77.005172426882226, 41.537023133325434 ], [ -77.005257736416041, 41.535838421370919 ], [ -77.004983324120715, 41.534759222354495 ], [ -77.00520766877375, 41.533952511347266 ], [ -77.006224974507717, 41.532773885390526 ], [ -77.006661318112506, 41.532237949227657 ], [ -77.007022251569353, 41.532024746479813 ], [ -77.007451757909905, 41.532081395751341 ], [ -77.007880079687695, 41.532245797995117 ], [ -77.008302246441275, 41.532948839706641 ], [ -77.00880038629046, 41.533275334156343 ], [ -77.009591448105013, 41.533064887808791 ], [ -77.010022854246557, 41.532959892722538 ], [ -77.01073918291037, 41.533018368589509 ], [ -77.010951179371872, 41.533289138125255 ], [ -77.011225685806195, 41.534368325501049 ], [ -77.011142940423795, 41.535337529861586 ], [ -77.011352542135469, 41.535823740316388 ], [ -77.012283365382928, 41.535937462180726 ], [ -77.01328834571315, 41.535836123565446 ], [ -77.013586740639809, 41.53481448312538 ], [ -77.014617292409767, 41.532450601295274 ], [ -77.015855558582373, 41.530734476828577 ], [ -77.017381773116711, 41.528912474377577 ], [ -77.01868188395143, 41.528058753447745 ], [ -77.019545156335397, 41.52779481316405 ], [ -77.020478907479969, 41.527639148125125 ], [ -77.021263211147925, 41.528021210021777 ], [ -77.021172204786595, 41.529744579990805 ], [ -77.021229501547197, 41.530456803875296 ], [ -77.021240229366143, 41.530068301977735 ], [ -77.021443841913722, 41.531093137361694 ], [ -77.022585450882175, 41.531585211506446 ], [ -77.024308481429429, 41.531380607403918 ], [ -77.025607305036417, 41.530634564919453 ], [ -77.026473031092294, 41.530155129918334 ], [ -77.02819477004212, 41.530058154782303 ], [ -77.028838186843558, 41.530223755062273 ], [ -77.029912365927075, 41.53033823086411 ], [ -77.030703325071684, 41.530127708492259 ], [ -77.031571348219572, 41.529432721631572 ], [ -77.031512216539113, 41.528301039600599 ], [ -77.030944089680119, 41.52781263085663 ], [ -77.030518126555265, 41.52743279944545 ], [ -77.030521112759828, 41.527163477338888 ], [ -77.032174093570518, 41.526796671631132 ], [ -77.033614938317967, 41.526159114314169 ], [ -77.037282140955128, 41.525158212520545 ], [ -77.04030412243695, 41.524153223983234 ], [ -77.04189056848044, 41.523300998307406 ], [ -77.042541000060808, 41.522820120111113 ], [ -77.042971651327434, 41.522768878341353 ], [ -77.043615035417844, 41.522934466811201 ], [ -77.044400638727367, 41.523208685759137 ], [ -77.045119233612567, 41.523051431670218 ], [ -77.045991682032621, 41.521925373335328 ], [ -77.047300610436096, 41.52020940410997 ], [ -77.047963204145375, 41.518597180468674 ], [ -77.04833843440116, 41.517037158618081 ], [ -77.048283095524425, 41.515528327948857 ], [ -77.047656086076486, 41.513854371822312 ], [ -77.045884683001006, 41.51195797420327 ], [ -77.045401126496159, 41.510284950195874 ], [ -77.044983962221991, 41.509097130620631 ], [ -77.044205597663677, 41.508176512183454 ], [ -77.043435996883233, 41.506447846830532 ], [ -77.0426635513344, 41.504988501260428 ], [ -77.041555564825927, 41.504187606270079 ], [ -77.041468776474616, 41.504076002162854 ], [ -77.041354409812115, 41.504030702536525 ], [ -77.038625986105814, 41.502955398227236 ], [ -77.038157523468939, 41.502796981500019 ], [ -77.037763004189301, 41.502752130287682 ], [ -77.03723595442419, 41.50279129255496 ], [ -77.036537472090956, 41.50302733525259 ], [ -77.035155984421337, 41.503796420938926 ], [ -77.034628099876798, 41.503906259804026 ], [ -77.034194761746278, 41.50397426713149 ], [ -77.033819403141038, 41.503901242711756 ], [ -77.033013311961852, 41.503655875754674 ], [ -77.031892201978266, 41.502984378558047 ], [ -77.030935365367881, 41.502766336309072 ], [ -77.029946924095839, 41.502010742141358 ], [ -77.029184287248484, 41.501242482384875 ], [ -77.02860851817789, 41.500588496910609 ], [ -77.028288011516665, 41.500085905551472 ], [ -77.027486730136445, 41.499308866085926 ], [ -77.027322557529359, 41.49914140766677 ], [ -77.027134146347294, 41.498938785074181 ], [ -77.026913514456055, 41.498597945298521 ], [ -77.026834667937877, 41.498222981908157 ], [ -77.026314493226238, 41.49772042831772 ], [ -77.02554799979012, 41.497406467260042 ], [ -77.024879608475842, 41.49735775361529 ], [ -77.024130903116514, 41.497498673335194 ], [ -77.023519249205918, 41.497682428052606 ], [ -77.022078226773218, 41.497943425180203 ], [ -77.020666130779773, 41.498017723211611 ], [ -77.020030192467388, 41.497972093784263 ], [ -77.019395188108803, 41.497843251648085 ], [ -77.018925033755863, 41.497819469244796 ], [ -77.018177248630082, 41.4978771396623 ], [ -77.017121108774788, 41.498286512841339 ], [ -77.016148904481497, 41.49861319477457 ], [ -77.014594202811878, 41.499060978680269 ], [ -77.013565456188743, 41.499491297778647 ], [ -77.013017362675541, 41.500086298977415 ], [ -77.012064060255554, 41.501165693320161 ], [ -77.010917174734743, 41.502462148595107 ], [ -77.01040085466019, 41.503382364821093 ], [ -77.010009064854955, 41.503941255438185 ], [ -77.009378285948486, 41.504335556276921 ], [ -77.009338709064068, 41.50435162116969 ], [ -77.008363544621218, 41.504420130535202 ], [ -77.007793446878068, 41.504157955672845 ], [ -77.0064463161238, 41.503684036168409 ], [ -77.004845860432198, 41.503311797947156 ], [ -77.003869267751227, 41.503322367964955 ], [ -77.002632524209417, 41.503924512463286 ], [ -77.00187573348461, 41.504429939360932 ], [ -77.001179326008696, 41.5051837115494 ], [ -77.000689831371417, 41.506019857253655 ], [ -77.000449956106849, 41.506554517981591 ], [ -77.000335422168973, 41.506886564241334 ], [ -77.000344099404614, 41.507200980208566 ], [ -77.000452874058382, 41.507368116403846 ], [ -77.000782138253442, 41.507610614986582 ], [ -77.00083982472843, 41.50794377885564 ], [ -77.000677030980782, 41.508192366268055 ], [ -77.000305667967766, 41.508402598275673 ], [ -76.999691589046904, 41.508499088236718 ], [ -76.999453274848449, 41.508518588750896 ], [ -76.998540446765944, 41.508304626880005 ], [ -76.997863789944915, 41.507916197276856 ], [ -76.997443110538612, 41.507481437166298 ], [ -76.996917311798555, 41.506933984722423 ], [ -76.996560308658218, 41.506515638064371 ], [ -76.995926066239164, 41.506143475639504 ], [ -76.995501877991842, 41.506012691521768 ], [ -76.994523759707448, 41.505926271022076 ], [ -76.993014115416273, 41.505788346355573 ], [ -76.99207875711204, 41.505686186752897 ], [ -76.991398991232273, 41.50556970485372 ], [ -76.990252116366548, 41.50535413179923 ], [ -76.989168348426801, 41.505202968089613 ], [ -76.988445274785761, 41.505150183827382 ], [ -76.987954634005206, 41.505242936848909 ], [ -76.987697167410715, 41.505417234803268 ], [ -76.987501485549785, 41.505767945799235 ], [ -76.987453097587874, 41.506263636191761 ], [ -76.987444646080746, 41.506983596827183 ], [ -76.987269864798975, 41.507366449320415 ], [ -76.986947225074999, 41.507652312817676 ], [ -76.986584456250853, 41.507729907645881 ], [ -76.986159900778219, 41.507631088062908 ], [ -76.985436240221219, 41.507626281097721 ], [ -76.984964786114276, 41.507895153393243 ], [ -76.984512537660009, 41.508340154944229 ], [ -76.983997185201076, 41.508720734029417 ], [ -76.983677352810219, 41.508766604407498 ], [ -76.983296307545658, 41.508588062394466 ], [ -76.982422889661777, 41.508646239963639 ], [ -76.981574162075901, 41.508416569649171 ], [ -76.980690448250854, 41.507546646929455 ], [ -76.980165171636202, 41.506967119553238 ], [ -76.979366064510941, 41.50614575303841 ], [ -76.978463216706842, 41.505099679547669 ], [ -76.978169083035169, 41.504806869575233 ], [ -76.977686007215894, 41.504230446672594 ], [ -76.977022807403031, 41.503590142175973 ], [ -76.976225811421642, 41.50259268512643 ], [ -76.975681194623533, 41.501852946550379 ], [ -76.974923372234372, 41.50114377259537 ], [ -76.973592491563693, 41.500085307499752 ], [ -76.973592396033979, 41.500085212110783 ], [ -76.973325489161411, 41.499772806507835 ], [ -76.973088554754654, 41.49955511247471 ], [ -76.972826163891412, 41.499463299256725 ], [ -76.972394388208173, 41.499514406427508 ], [ -76.971627505436643, 41.499545237587647 ], [ -76.970992471221422, 41.499481743566449 ], [ -76.970423337992401, 41.499413617844141 ], [ -76.970081138021598, 41.499432722174028 ], [ -76.969679635915412, 41.499644239782498 ], [ -76.969306110802009, 41.49989879381161 ], [ -76.969089544881669, 41.500084761556501 ], [ -76.968389858971776, 41.500685741786818 ], [ -76.968062862188162, 41.500957310943768 ], [ -76.967694030818947, 41.500993059327662 ], [ -76.967173407949772, 41.50089042129084 ], [ -76.966552999756445, 41.500889879636993 ], [ -76.966039031413388, 41.501411157261117 ], [ -76.965454114469537, 41.502552139477302 ], [ -76.964835556790703, 41.503775459770161 ], [ -76.964697226298128, 41.504654535794742 ], [ -76.964890608632302, 41.505620592470422 ], [ -76.965446845893297, 41.506476183721091 ], [ -76.96603169356284, 41.507279074312017 ], [ -76.966207688716054, 41.50847294621326 ], [ -76.966764466841582, 41.509669414325195 ], [ -76.96763915980172, 41.510820331798797 ], [ -76.96833037654028, 41.511397514479206 ], [ -76.968894678166919, 41.511973831392211 ], [ -76.969503891346562, 41.512375084086408 ], [ -76.969985879988926, 41.512682565450916 ], [ -76.969858622526047, 41.513168443013598 ], [ -76.969625886691773, 41.514507263035867 ], [ -76.970125609156668, 41.515178546770976 ], [ -76.970800358858497, 41.51563894598462 ], [ -76.971320662766686, 41.51612920821686 ], [ -76.971315556556533, 41.516555071312041 ], [ -76.97102896473443, 41.516826924480917 ], [ -76.970420047312899, 41.517088822113202 ], [ -76.969652671748449, 41.517560687492001 ], [ -76.969266112697923, 41.518035134767807 ], [ -76.968750307759237, 41.518699530106211 ], [ -76.968570942351207, 41.519274376790158 ], [ -76.968442928371076, 41.519821087043638 ], [ -76.967838006496493, 41.519634450873532 ], [ -76.966712420954011, 41.518987946225174 ], [ -76.96643680960365, 41.518347223796816 ], [ -76.966079154501301, 41.517797205927337 ], [ -76.965640192180629, 41.517277051955688 ], [ -76.96488186700978, 41.51638966473422 ], [ -76.964279929479432, 41.515959657066091 ], [ -76.963438669005811, 41.515430161633077 ], [ -76.961998753687851, 41.514796295763297 ], [ -76.960875629301071, 41.514372588926015 ], [ -76.960007758639506, 41.513966626355476 ], [ -76.959560167221369, 41.514011552037239 ], [ -76.959130744205311, 41.514312607648257 ], [ -76.958792374426579, 41.514553094162324 ], [ -76.958142216894245, 41.515073824302483 ], [ -76.958010440040354, 41.515612458122668 ], [ -76.958000794753886, 41.516403344168012 ], [ -76.958276313409257, 41.517044087892465 ], [ -76.959047842836711, 41.517917634736691 ], [ -76.959992362679202, 41.518544312799413 ], [ -76.960761608638634, 41.519038542725113 ], [ -76.961249628877354, 41.519554783504994 ], [ -76.962082055620527, 41.5208774077878 ], [ -76.962613370696175, 41.521413840442634 ], [ -76.963241992234771, 41.522250224355481 ], [ -76.963486627687701, 41.523147983392128 ], [ -76.963486008885226, 41.52358669958636 ], [ -76.9634730588309, 41.524267998090053 ], [ -76.963293039097465, 41.525066845282304 ], [ -76.962898327903659, 41.526307426765172 ], [ -76.962760703996096, 41.526823373563573 ], [ -76.962668160847514, 41.527430800071379 ], [ -76.962718369362477, 41.528008326048521 ], [ -76.962710235498903, 41.52867900960797 ], [ -76.962434343907631, 41.529347860706622 ], [ -76.961613103998502, 41.530143836301392 ], [ -76.961351755929797, 41.530622091475671 ], [ -76.961177131887339, 41.530972928390412 ], [ -76.961300616770799, 41.531325808984917 ], [ -76.961604180981055, 41.531555609020813 ], [ -76.962016823709007, 41.531970777143705 ], [ -76.962818221717114, 41.532616325232667 ], [ -76.963537946715007, 41.532973281982834 ], [ -76.963920465878928, 41.533039901145983 ], [ -76.964303757361819, 41.533042519225667 ], [ -76.964646011490316, 41.532916844459692 ], [ -76.964819072888503, 41.532694004918994 ], [ -76.965035882622956, 41.532375453650694 ], [ -76.965334383026146, 41.532345483786202 ], [ -76.965630948434153, 41.532475520807466 ], [ -76.965755232581856, 41.532764394860962 ], [ -76.966006894538324, 41.53308614053536 ], [ -76.966174154183022, 41.533343304755071 ], [ -76.965999549819543, 41.533694149450099 ], [ -76.965882210064279, 41.534089875641129 ], [ -76.96603208918205, 41.534526451660277 ], [ -76.966497091533057, 41.534817644465541 ], [ -76.966707721062562, 41.535011097521419 ], [ -76.966618679836799, 41.535330521906765 ], [ -76.966571068147616, 41.535746239814763 ], [ -76.966693045226691, 41.536227113531694 ], [ -76.966817339885722, 41.536515988735772 ], [ -76.96690020404003, 41.536708569416732 ], [ -76.966811549036208, 41.53699599299761 ], [ -76.966636934810481, 41.537346836333967 ] ] ], [ [ [ -76.882237909929231, 41.560342002617965 ], [ -76.882601019310442, 41.56108644656598 ], [ -76.881868955626175, 41.561674289206906 ], [ -76.8813775954129, 41.562313391525052 ], [ -76.881005961440891, 41.563843442602774 ], [ -76.8811958377309, 41.564622465797264 ], [ -76.881887219703287, 41.565256252829414 ], [ -76.883357898112422, 41.565783567195346 ], [ -76.884985491874502, 41.566204673340245 ], [ -76.88634583525301, 41.566255780881512 ], [ -76.888579864850669, 41.566108987951516 ], [ -76.890651660427025, 41.565879170442365 ], [ -76.892235150144074, 41.565523023615818 ], [ -76.892961440115727, 41.565272225891384 ], [ -76.89457948391528, 41.56447938621492 ], [ -76.896239583017035, 41.563222341855266 ], [ -76.898016943387603, 41.561151227776342 ], [ -76.898561199479659, 41.560541107535208 ], [ -76.899191866532874, 41.560086749684089 ], [ -76.899712823973431, 41.559895457120462 ], [ -76.900198409899247, 41.560226129193921 ], [ -76.900725587078057, 41.561538360182638 ], [ -76.901634876976843, 41.562771631803137 ], [ -76.902175465652476, 41.563061813744874 ], [ -76.902992100613744, 41.56313310057503 ], [ -76.903431160954042, 41.562784865536116 ], [ -76.90377002720659, 41.561846993055099 ], [ -76.904487239475486, 41.561116329982568 ], [ -76.905443342160041, 41.560065745483968 ], [ -76.90586292609224, 41.559981637524906 ], [ -76.906334534465088, 41.560206431519298 ], [ -76.907051360741107, 41.560685404520314 ], [ -76.907837738478761, 41.561357695145801 ], [ -76.908454366562069, 41.561636044377153 ], [ -76.909105958688372, 41.561763467030488 ], [ -76.9118275607361, 41.561783330559294 ], [ -76.913373238711685, 41.561465161964819 ], [ -76.915081098185311, 41.56060561098878 ], [ -76.916162988026912, 41.559808577190068 ], [ -76.916985141507411, 41.558631723919596 ], [ -76.917321691681892, 41.557857335193361 ], [ -76.917398164774042, 41.556140696316923 ], [ -76.917645924362191, 41.55559368947732 ], [ -76.917898500645578, 41.555326604628831 ], [ -76.918170109438492, 41.555369453796779 ], [ -76.919071102207468, 41.555872288152848 ], [ -76.919467453216626, 41.556073883407713 ], [ -76.919739590244035, 41.556075847713785 ], [ -76.920178147904039, 41.555833698449945 ], [ -76.920290140262182, 41.555589193627391 ], [ -76.920622975704731, 41.555100967512125 ], [ -76.921059956137626, 41.554981457609927 ], [ -76.92154822690901, 41.55510763347889 ], [ -76.921761235961583, 41.555477135704393 ], [ -76.922075795066064, 41.556419769598868 ], [ -76.922661461025925, 41.557446120357625 ], [ -76.923252358971126, 41.558063650559795 ], [ -76.923949532280105, 41.558456215581622 ], [ -76.924823000627583, 41.558688213864087 ], [ -76.925644385832285, 41.558602519921017 ], [ -76.928098628413096, 41.557934839011978 ], [ -76.929411651874091, 41.557412702115379 ], [ -76.930834022050178, 41.55685044252278 ], [ -76.931927228822659, 41.556490248682394 ], [ -76.933181648996978, 41.556294737378117 ], [ -76.934609086474651, 41.555849326694798 ], [ -76.935507032178052, 41.555453244779869 ], [ -76.937131039400981, 41.554123259684417 ], [ -76.939919033869472, 41.552533162867512 ], [ -76.940689780783174, 41.552218358515049 ], [ -76.941453251005115, 41.552101072366014 ], [ -76.942051409932517, 41.552146160554116 ], [ -76.942534107492932, 41.552721944532259 ], [ -76.94273501496852, 41.554072582591999 ], [ -76.943001041702075, 41.554565073990624 ], [ -76.94337643281051, 41.555017449626312 ], [ -76.943864242366416, 41.555184410661219 ], [ -76.944571284696934, 41.555230248878928 ], [ -76.945009745310202, 41.554988003415943 ], [ -76.945340363812363, 41.55466323016428 ], [ -76.94621220386675, 41.554587555062291 ], [ -76.947027590623136, 41.554675019678506 ], [ -76.947792593332707, 41.554435045352129 ], [ -76.949600776708223, 41.553466386306653 ], [ -76.950916055615394, 41.552739586734653 ], [ -76.951534327253398, 41.551943633230749 ], [ -76.951759094729908, 41.550578504754647 ], [ -76.952484189320415, 41.549152537062554 ], [ -76.952277057652225, 41.548292502605037 ], [ -76.951673958819001, 41.547853113198038 ], [ -76.951295478532487, 41.547662789601539 ], [ -76.951014588769098, 41.547389057184922 ], [ -76.951043535697465, 41.547136890944039 ], [ -76.951695528534358, 41.546898358273275 ], [ -76.952677601864252, 41.546700740382896 ], [ -76.953936284620966, 41.546137056139955 ], [ -76.95486843101753, 41.545571103855991 ], [ -76.955260381754101, 41.54467432902193 ], [ -76.955472941832753, 41.543854993105462 ], [ -76.955555499638038, 41.542795625875534 ], [ -76.955515597871752, 41.541609666912713 ], [ -76.955090289714292, 41.540789014719145 ], [ -76.954711486715624, 41.540482632345963 ], [ -76.954280080230362, 41.540292784681277 ], [ -76.953684526840192, 41.540043351021971 ], [ -76.953472389752164, 41.539592139958508 ], [ -76.952987183339985, 41.539220807403638 ], [ -76.952768926777281, 41.538671612862991 ], [ -76.952288349533902, 41.538520908722873 ], [ -76.95152656532369, 41.538515623401764 ], [ -76.950872097016017, 41.538633735416433 ], [ -76.950325446485508, 41.53883436496276 ], [ -76.949667948832015, 41.539197764332926 ], [ -76.949020077300275, 41.539469194258096 ], [ -76.948737867151934, 41.539600147333523 ], [ -76.948416432116886, 41.53918905000554 ], [ -76.94776751553907, 41.538857440749354 ], [ -76.947116072955524, 41.538730241189427 ], [ -76.946297847170456, 41.538888069820551 ], [ -76.945367752864115, 41.539290425101349 ], [ -76.943995731091505, 41.540221192127646 ], [ -76.942734537414381, 41.540989176211738 ], [ -76.94174386412125, 41.541881703922265 ], [ -76.940842224509552, 41.542948132410757 ], [ -76.940636682025726, 41.543386690169449 ], [ -76.940736336336499, 41.544123334683974 ], [ -76.941111653531394, 41.544575715818048 ], [ -76.941382103583265, 41.54479807389076 ], [ -76.941559345318936, 41.545090513002826 ], [ -76.941633234088783, 41.545382226597049 ], [ -76.941536810589639, 41.545396416033007 ], [ -76.94088633474621, 41.545187415419235 ], [ -76.940507444853267, 41.545021207552367 ], [ -76.939801025482993, 41.544934462138585 ], [ -76.939370274816994, 41.544563458858697 ], [ -76.938609447522978, 41.544476323494479 ], [ -76.937998498352187, 41.544677176119492 ], [ -76.93760922188774, 41.544810318663437 ], [ -76.937298809021286, 41.544835040798489 ], [ -76.937541672897737, 41.544013911238757 ], [ -76.937810352416776, 41.542658474436088 ], [ -76.938097498239358, 41.541896914559558 ], [ -76.93809327213485, 41.541453145797668 ], [ -76.937782770543507, 41.54095432224544 ], [ -76.936973719796526, 41.540376208019701 ], [ -76.936434697734725, 41.539963542152961 ], [ -76.936457125337199, 41.539832463835538 ], [ -76.936638466899439, 41.539794920049701 ], [ -76.936968361441217, 41.539728074074183 ], [ -76.937285712629503, 41.539692721762172 ], [ -76.937776846996968, 41.539676778885777 ], [ -76.938115145077077, 41.539485037148232 ], [ -76.939054468785997, 41.538753969772706 ], [ -76.940548180394927, 41.537075562615797 ], [ -76.942118593435239, 41.535455912491422 ], [ -76.943868079191773, 41.533973384900776 ], [ -76.945146224063222, 41.532992273103048 ], [ -76.946088497027063, 41.532008799313509 ], [ -76.946847990034527, 41.53117934553395 ], [ -76.947401522792575, 41.530290211562225 ], [ -76.947601508709255, 41.529556381789021 ], [ -76.94761766180541, 41.529524906928735 ], [ -76.947730105848677, 41.528787997051474 ], [ -76.947608384748065, 41.528185345463314 ], [ -76.947300802315965, 41.527989069945122 ], [ -76.946965470217592, 41.527947903985414 ], [ -76.946526090998091, 41.527964249301625 ], [ -76.945335428617341, 41.528150057451278 ], [ -76.944507849364157, 41.528221917724274 ], [ -76.942649168890966, 41.528111823898321 ], [ -76.941745784480517, 41.528047242177131 ], [ -76.941644148223702, 41.527910637651125 ], [ -76.942061078389145, 41.527622371553107 ], [ -76.94250780719824, 41.527305953804522 ], [ -76.943208411506674, 41.526981291568248 ], [ -76.944066193085305, 41.526463860549399 ], [ -76.94443191046399, 41.526098072769337 ], [ -76.944774472814089, 41.525518864692195 ], [ -76.945037238563003, 41.525132965676463 ], [ -76.945480089640981, 41.524787101060461 ], [ -76.946028760742735, 41.524228718883805 ], [ -76.946713350127538, 41.523109062814171 ], [ -76.94687555280187, 41.522509202701087 ], [ -76.946855991406863, 41.522005008255853 ], [ -76.946605959968494, 41.521363496783373 ], [ -76.946356415303157, 41.520683213175367 ], [ -76.945848457218474, 41.520039898596167 ], [ -76.945521542841377, 41.519359072846875 ], [ -76.945311322040496, 41.519049253751746 ], [ -76.945104436735221, 41.517630723527844 ], [ -76.94489504972303, 41.513713111053285 ], [ -76.944811109548056, 41.512161571202334 ], [ -76.944767529268944, 41.511369429701041 ], [ -76.944779713878532, 41.510532852760072 ], [ -76.944708832811912, 41.510008911098311 ], [ -76.94474159127823, 41.50944692076223 ], [ -76.9446716700769, 41.508845437386874 ], [ -76.944546811290991, 41.508514986066523 ], [ -76.944239987655521, 41.508299580581713 ], [ -76.943802774905819, 41.508199584601343 ], [ -76.942925226656499, 41.508251592992906 ], [ -76.942252059717248, 41.508460125637775 ], [ -76.941628538197818, 41.508824096113173 ], [ -76.941209393943069, 41.509344595857605 ], [ -76.940840854633308, 41.509942999082455 ], [ -76.940341185789975, 41.510714958920708 ], [ -76.94005314667946, 41.511061896286073 ], [ -76.939820066701628, 41.511137803220123 ], [ -76.939485762942979, 41.511057900257761 ], [ -76.938971414378727, 41.510937954010366 ], [ -76.938145405978688, 41.510990289052749 ], [ -76.936904567458157, 41.511214168781997 ], [ -76.935920898281097, 41.511498015568087 ], [ -76.935398335689143, 41.511800147254945 ], [ -76.93536688160593, 41.511810387789396 ], [ -76.931982679172933, 41.513233564112696 ], [ -76.930560759998812, 41.513836734374969 ], [ -76.928752894769119, 41.514845990046403 ], [ -76.926508270200458, 41.515974748359142 ], [ -76.925114190334313, 41.516575616654052 ], [ -76.924220634515095, 41.516805461279283 ], [ -76.922882109015177, 41.517520247282263 ], [ -76.922610515803171, 41.517967922449486 ], [ -76.922571875328941, 41.518392292613946 ], [ -76.92276332172365, 41.519018152429489 ], [ -76.922891484372826, 41.519393764180869 ], [ -76.923087069874555, 41.519694922498665 ], [ -76.923184546792186, 41.519870477891544 ], [ -76.923149405102237, 41.520020101742062 ], [ -76.922646754451989, 41.520341218559302 ], [ -76.921841167096602, 41.520959906212418 ], [ -76.921498942939337, 41.52173180036646 ], [ -76.921455191769027, 41.522555803400586 ], [ -76.921471535276524, 41.523879824529565 ], [ -76.921558179335491, 41.524904599796571 ], [ -76.921350471698887, 41.525552565981471 ], [ -76.921175357881197, 41.526250724465079 ], [ -76.92110410158584, 41.52662490088597 ], [ -76.920865695245539, 41.527072809829654 ], [ -76.920696954562942, 41.527271427247797 ], [ -76.920596603551445, 41.527320662197518 ], [ -76.920432009331819, 41.527194580379025 ], [ -76.920203493729232, 41.526868200719491 ], [ -76.920209877254692, 41.526368661515114 ], [ -76.920216261881279, 41.52586912222845 ], [ -76.920222965308724, 41.525344603847969 ], [ -76.920162557599269, 41.524869562306193 ], [ -76.919834662206071, 41.524517485470668 ], [ -76.919312146707668, 41.523789314014564 ], [ -76.918720930556248, 41.523235500397291 ], [ -76.918228794132048, 41.522732356954037 ], [ -76.917836048977776, 41.52225490860269 ], [ -76.917477504237652, 41.521702769380333 ], [ -76.91711704655215, 41.521300492330745 ], [ -76.916620446746691, 41.521147019312437 ], [ -76.916087087625812, 41.521268051950457 ], [ -76.913647119371575, 41.522324450839392 ], [ -76.911773047272504, 41.523309983519013 ], [ -76.910766936074353, 41.524002069465936 ], [ -76.909589770541388, 41.525067585527481 ], [ -76.908652023150765, 41.525610275951706 ], [ -76.908114728073457, 41.526030993310258 ], [ -76.907144691248021, 41.526498496877956 ], [ -76.906205277542611, 41.52716605121077 ], [ -76.905632770863164, 41.52773637519747 ], [ -76.905491834932562, 41.527930358954215 ], [ -76.904779018064559, 41.528804569408472 ], [ -76.903689237257652, 41.530487142850845 ], [ -76.903130781216461, 41.531586944052854 ], [ -76.902521097953596, 41.532441055040771 ], [ -76.901750850363712, 41.533089549052086 ], [ -76.900967313813965, 41.533605810117486 ], [ -76.900264711781986, 41.534386923165457 ], [ -76.899761644732692, 41.535405349209761 ], [ -76.89969973543721, 41.535977292429443 ], [ -76.899791955770212, 41.537245427693612 ], [ -76.899654440840962, 41.538425420469743 ], [ -76.899332016364227, 41.539122768159885 ], [ -76.899096868288851, 41.540098139067979 ], [ -76.89930843779257, 41.54092156230589 ], [ -76.899524746111112, 41.54150984842731 ], [ -76.899016532719287, 41.542432171265268 ], [ -76.898683063924551, 41.54296121841837 ], [ -76.898346374208458, 41.543735553231805 ], [ -76.898275857519849, 41.544961598891042 ], [ -76.898382874380815, 41.545582529401443 ], [ -76.898573100133461, 41.545996741264275 ], [ -76.89936338618331, 41.547008690251182 ], [ -76.90041081670033, 41.548166462105293 ], [ -76.900954657731205, 41.549019057446685 ], [ -76.901091002167576, 41.549367863386749 ], [ -76.901087837169669, 41.549609787976891 ], [ -76.900565890047687, 41.549500082829653 ], [ -76.899983164810791, 41.549420169897665 ], [ -76.899641979292838, 41.54934203870905 ], [ -76.899335247328438, 41.549154833858076 ], [ -76.898539654120299, 41.54854528650209 ], [ -76.897313542741486, 41.548057919566183 ], [ -76.896137086947519, 41.547923816964826 ], [ -76.895553178453241, 41.54799614940621 ], [ -76.895152390420847, 41.548117726011647 ], [ -76.894540417854117, 41.548472518569554 ], [ -76.894011709258791, 41.548876873223854 ], [ -76.89336953080327, 41.54970878122284 ], [ -76.892809108075426, 41.550931171056597 ], [ -76.892670627734546, 41.551346852828175 ], [ -76.892527727647476, 41.551497005753113 ], [ -76.892366157078996, 41.551500270560943 ], [ -76.892206066241926, 41.551464363857562 ], [ -76.892132151006265, 41.550964794862601 ], [ -76.891935466588848, 41.550615527915262 ], [ -76.891838424633733, 41.550342612766812 ], [ -76.89146804339012, 41.549901271806092 ], [ -76.891304964644902, 41.549582543835292 ], [ -76.891290040383723, 41.549189267538246 ], [ -76.891148526776377, 41.548915394570166 ], [ -76.890690285741584, 41.547950331143156 ], [ -76.890678226843875, 41.54744000273292 ], [ -76.890970547101745, 41.547013397616595 ], [ -76.891890063121295, 41.546345136633384 ], [ -76.892988700655749, 41.545576502288469 ], [ -76.893587887453435, 41.544886557066526 ], [ -76.894405487788873, 41.54381946429735 ], [ -76.894955259884185, 41.542750374482601 ], [ -76.895685313168073, 41.541548472368135 ], [ -76.896162084517513, 41.540162311876173 ], [ -76.896281131422967, 41.539386367549959 ], [ -76.896069934911594, 41.538894172477306 ], [ -76.895528497281973, 41.538685724097519 ], [ -76.895099661215767, 41.538191909632609 ], [ -76.894611031907786, 41.538106506268967 ], [ -76.894064753110825, 41.5382659851185 ], [ -76.893621905512873, 41.538835088590453 ], [ -76.893120855430695, 41.539689955266141 ], [ -76.892176378112708, 41.541154800126833 ], [ -76.890630575947526, 41.542819572345962 ], [ -76.889090659885738, 41.544034627510975 ], [ -76.887829295165702, 41.544761121370293 ], [ -76.886571162179735, 41.545242311345973 ], [ -76.885527963494539, 41.545929533475856 ], [ -76.884810717029026, 41.54666008331445 ], [ -76.884528806297993, 41.547393902294203 ], [ -76.884174845628067, 41.547767330902182 ], [ -76.883322289286994, 41.548079873571453 ], [ -76.882772075776359, 41.548525467849622 ], [ -76.882385667225321, 41.548931407371136 ], [ -76.882160875112049, 41.549461226365075 ], [ -76.881934437907788, 41.550113684570917 ], [ -76.882036716915039, 41.550605085087213 ], [ -76.882410563086893, 41.551139416160218 ], [ -76.882961359912414, 41.551715530543333 ], [ -76.882995008838947, 41.552206848299022 ], [ -76.882713598791128, 41.552899780243592 ], [ -76.882646601471322, 41.5538396419714 ], [ -76.882851730354162, 41.554781555532287 ], [ -76.883278945807703, 41.555398058709834 ], [ -76.883324087066583, 41.556093450653897 ], [ -76.88309599895716, 41.556868557026043 ], [ -76.882487100585976, 41.558118764086707 ], [ -76.882096001603713, 41.559467367599318 ], [ -76.882237909929231, 41.560342002617965 ] ] ], [ [ [ -76.478116429111068, 41.679680655113437 ], [ -76.47773588251917, 41.679908734302586 ], [ -76.476939305239156, 41.680480233170151 ], [ -76.476544251046462, 41.680882162464812 ], [ -76.476302293314248, 41.68137285261416 ], [ -76.476681328966919, 41.681783353767308 ], [ -76.477217478132118, 41.682079509339403 ], [ -76.479367261247845, 41.683002966475264 ], [ -76.481172741489132, 41.683719430797126 ], [ -76.482214388391057, 41.683905054274334 ], [ -76.483030067197504, 41.683768936979973 ], [ -76.483464942650329, 41.683309381958381 ], [ -76.48366416204388, 41.683021359480314 ], [ -76.483748971310277, 41.682645012161849 ], [ -76.483718233182188, 41.682238367009347 ], [ -76.483336873518809, 41.681943947797571 ], [ -76.483305000059403, 41.681595336444573 ], [ -76.483622604912455, 41.681192533181424 ], [ -76.484176416457984, 41.680589175193965 ], [ -76.484378466811933, 41.680156073189082 ], [ -76.484580519302497, 41.679722970818133 ], [ -76.484895263774149, 41.679465239084863 ], [ -76.485321004762426, 41.679469922984616 ], [ -76.485626088092289, 41.679705452981324 ], [ -76.486051829469304, 41.679710135100997 ], [ -76.486714902512972, 41.67945622791197 ], [ -76.487499187647387, 41.678942452149883 ], [ -76.488012538012129, 41.678425698208635 ], [ -76.488216826288067, 41.677876526277821 ], [ -76.488106954655422, 41.677556080905696 ], [ -76.487762602688349, 41.677349148684776 ], [ -76.487299307791346, 41.677286016485766 ], [ -76.48671650390294, 41.677395700040421 ], [ -76.486208830088799, 41.677622295783657 ], [ -76.485854257854385, 41.677937635546535 ], [ -76.485308443135807, 41.678134784946778 ], [ -76.484728467459362, 41.678099380378065 ], [ -76.484502506818799, 41.677777653650573 ], [ -76.484398909311921, 41.677138035914332 ], [ -76.483832601298332, 41.676406254913076 ], [ -76.483375576374286, 41.676023936331255 ], [ -76.483268010021803, 41.675587424145093 ], [ -76.483274269959026, 41.675268254182988 ], [ -76.483587292149238, 41.67509757137924 ], [ -76.484270835913762, 41.674981072041092 ], [ -76.485141017054104, 41.674824460687589 ], [ -76.486037950740908, 41.674486063958234 ], [ -76.486822746233003, 41.673943276310212 ], [ -76.487221095794766, 41.673367215444806 ], [ -76.487853904855797, 41.672677643471353 ], [ -76.488527100213219, 41.67190144354241 ], [ -76.489076252069793, 41.671530183708647 ], [ -76.490049951939412, 41.671221620436789 ], [ -76.491254137785148, 41.671002638335921 ], [ -76.491877271828798, 41.670806306316564 ], [ -76.49254136101699, 41.670494332505463 ], [ -76.49343989151015, 41.670068829425972 ], [ -76.494024314857768, 41.669872063098722 ], [ -76.495305859038282, 41.669653884290376 ], [ -76.496857152197421, 41.669496672437781 ], [ -76.498251398838406, 41.669453818791027 ], [ -76.499605260333681, 41.669497574058553 ], [ -76.502928486026178, 41.66951582506519 ], [ -76.503910327788176, 41.669439992748025 ], [ -76.504519061920931, 41.669273629535283 ], [ -76.504785602962173, 41.668908972434437 ], [ -76.50479351945576, 41.668498273504078 ], [ -76.504596724276297, 41.668236697769188 ], [ -76.504078236109095, 41.668209458600671 ], [ -76.503582737729815, 41.668485150190399 ], [ -76.502859946275592, 41.668585412052181 ], [ -76.501965855345489, 41.668597327594235 ], [ -76.501076361434684, 41.668371464543277 ], [ -76.500416660475523, 41.668191331605165 ], [ -76.499681696445748, 41.668033323598102 ], [ -76.498083778654419, 41.668116988790388 ], [ -76.496108539929651, 41.668182527644333 ], [ -76.494906112816409, 41.668314516466062 ], [ -76.494090653046598, 41.668450718515174 ], [ -76.493622338246126, 41.668648754525307 ], [ -76.493003748487752, 41.66861297091647 ], [ -76.492658861358393, 41.668435068657296 ], [ -76.492004964398191, 41.668224762324606 ], [ -76.491269156242168, 41.668245728642965 ], [ -76.490566956780526, 41.668528257314186 ], [ -76.490020669063938, 41.668754444925938 ], [ -76.489556299007859, 41.668749354943571 ], [ -76.489247855660039, 41.668687930150774 ], [ -76.489097594202519, 41.668454107337524 ], [ -76.489143092347732, 41.668106344091065 ], [ -76.489458325256379, 41.667819582444778 ], [ -76.490049528533319, 41.667274648101468 ], [ -76.490640159240101, 41.666758728809612 ], [ -76.491035601112728, 41.666327731242554 ], [ -76.491511825079698, 41.665723486557489 ], [ -76.492025033311762, 41.665206711132086 ], [ -76.492532024396596, 41.665009104366817 ], [ -76.493427654614294, 41.664728679488526 ], [ -76.493931817240721, 41.664676145755976 ], [ -76.494277251563872, 41.664825028155803 ], [ -76.494382622173433, 41.665377594076922 ], [ -76.49456820448566, 41.665785926452031 ], [ -76.494835125242787, 41.66599199404029 ], [ -76.49525739767769, 41.666170734486784 ], [ -76.495914663599947, 41.666206928208929 ], [ -76.496421086946583, 41.666038320994616 ], [ -76.497012216426981, 41.665493349194477 ], [ -76.497411548276659, 41.664859220545388 ], [ -76.497652156212865, 41.664426514195391 ], [ -76.497850694176918, 41.664167480749441 ], [ -76.498124928920362, 41.663996335014019 ], [ -76.498433922537259, 41.664028721900891 ], [ -76.498742917659484, 41.664061107984935 ], [ -76.499011533449476, 41.664180118815601 ], [ -76.499318843498571, 41.664299548063944 ], [ -76.499589707005129, 41.66430249463793 ], [ -76.500919562904457, 41.663898581929992 ], [ -76.502503472748529, 41.663154858859329 ], [ -76.503029429921554, 41.66279302087915 ], [ -76.50344258063808, 41.66230023666202 ], [ -76.503421262569745, 41.661910841300639 ], [ -76.502997227922151, 41.661473835592467 ], [ -76.50303606434862, 41.660955371267448 ], [ -76.503131716888532, 41.660480762922184 ], [ -76.503368150704773, 41.660180642547509 ], [ -76.503919984736697, 41.659970423135285 ], [ -76.505242147263672, 41.659893741076232 ], [ -76.506464913446763, 41.659858739712504 ], [ -76.507111695942342, 41.659672793473902 ], [ -76.507831127570554, 41.659053517266265 ], [ -76.50822808652326, 41.65847898685243 ], [ -76.507851522746037, 41.657992569910732 ], [ -76.50650667558277, 41.657688618986398 ], [ -76.502589830333932, 41.657188599906995 ], [ -76.499572942048488, 41.657034583033109 ], [ -76.49899777245669, 41.656895478847865 ], [ -76.497766993253194, 41.656504794389953 ], [ -76.49691862448384, 41.656350440516682 ], [ -76.496572103950399, 41.656259598393433 ], [ -76.495840373843862, 41.656077486320648 ], [ -76.495186592078909, 41.655867200359694 ], [ -76.494805893634265, 41.655543803326978 ], [ -76.495044228792324, 41.655227163921147 ], [ -76.495761826409719, 41.654784865059156 ], [ -76.496177476272862, 41.654659090600838 ], [ -76.496643994181397, 41.654548090002621 ], [ -76.496998945708398, 41.654203696934893 ], [ -76.4972350147481, 41.65400311533589 ], [ -76.497700965544922, 41.653921126122093 ], [ -76.498278482314092, 41.654072524549179 ], [ -76.498972070841958, 41.654225184017037 ], [ -76.499515396767194, 41.65414402946292 ], [ -76.500627125006474, 41.653871403977384 ], [ -76.501629254039599, 41.653666345661385 ], [ -76.502539032695552, 41.653273123672328 ], [ -76.503379807368276, 41.653072428568883 ], [ -76.504328548303093, 41.65304779091408 ], [ -76.50494682956915, 41.652838543415534 ], [ -76.505686351318062, 41.652313885435916 ], [ -76.506607816104506, 41.652432102453496 ], [ -76.508089491643801, 41.652303414568365 ], [ -76.508998967995495, 41.652162958210333 ], [ -76.509992069495397, 41.652000504193943 ], [ -76.510339440343159, 41.651903475657519 ], [ -76.510516025609988, 41.651703829252618 ], [ -76.510581324997688, 41.651301434429094 ], [ -76.510433043202312, 41.651026303959569 ], [ -76.509342761879964, 41.650827389343533 ], [ -76.508614068766505, 41.650790729271698 ], [ -76.5078650783488, 41.650811431221825 ], [ -76.50692335201957, 41.650873232912119 ], [ -76.506190781178958, 41.65103806608154 ], [ -76.505126697830519, 41.651472835213433 ], [ -76.503280042733707, 41.651576063654183 ], [ -76.501287415602775, 41.651488779321298 ], [ -76.49956479877531, 41.651590640359387 ], [ -76.498635183098074, 41.651638568482447 ], [ -76.496621200698016, 41.651732719246461 ], [ -76.495536268685385, 41.651807951225841 ], [ -76.494721584294425, 41.651915146651092 ], [ -76.494218648229207, 41.651909653723102 ], [ -76.493757222100328, 41.651759503239262 ], [ -76.493377118222156, 41.6514070871645 ], [ -76.493112517978915, 41.651084953371829 ], [ -76.493043608049931, 41.650648871202385 ], [ -76.493091323638453, 41.650185041207948 ], [ -76.493290395471547, 41.649897000080806 ], [ -76.493647592736309, 41.649436553002154 ], [ -76.494156709603729, 41.649122872530292 ], [ -76.494739247839263, 41.649013146026526 ], [ -76.495628454374597, 41.649051874713422 ], [ -76.496399352374681, 41.649205393878759 ], [ -76.496981323053774, 41.649124671834841 ], [ -76.497684974171619, 41.648755052579489 ], [ -76.498238369738033, 41.648151619615497 ], [ -76.498675141285929, 41.647575934655627 ], [ -76.498684689522548, 41.647082664975144 ], [ -76.498652743065705, 41.64673405446144 ], [ -76.49834720339679, 41.646527574577952 ], [ -76.497927858515808, 41.646203767086725 ], [ -76.497701938056139, 41.645882066087793 ], [ -76.497671686457053, 41.645446406203554 ], [ -76.497914464685735, 41.644897634676028 ], [ -76.498151620669006, 41.644639018084042 ], [ -76.498354585189176, 41.644147855684025 ], [ -76.498403941761651, 41.643596974115106 ], [ -76.498641651195854, 41.643309344220626 ], [ -76.498915796758837, 41.643138196056988 ], [ -76.499540883795078, 41.642825755084949 ], [ -76.501726508392736, 41.642105139019918 ], [ -76.502827804044685, 41.641682976950747 ], [ -76.503796783640752, 41.641452309935651 ], [ -76.505342501217015, 41.641324352611299 ], [ -76.50643819641364, 41.64119150515927 ], [ -76.507324232950396, 41.641048278760138 ], [ -76.508116922754425, 41.640728804313788 ], [ -76.508357258210694, 41.640511456496135 ], [ -76.508555747945081, 41.640250117760353 ], [ -76.508500570828005, 41.639927237111863 ], [ -76.508176526719296, 41.639778857446068 ], [ -76.507061575116026, 41.639511083472485 ], [ -76.505514700681346, 41.639059166648053 ], [ -76.503281414695124, 41.638166736369392 ], [ -76.502263081411115, 41.637625102109013 ], [ -76.501377064281456, 41.636891954961982 ], [ -76.501005328729335, 41.636164390425044 ], [ -76.501201584308347, 41.635365577508757 ], [ -76.501676092932797, 41.634724621089596 ], [ -76.502779115873182, 41.634206007377664 ], [ -76.504131819195578, 41.634075970298504 ], [ -76.504840769296919, 41.633987181467774 ], [ -76.505681066255775, 41.633755104668133 ], [ -76.506270730684776, 41.63318266430548 ], [ -76.506345207213968, 41.63265288409216 ], [ -76.5060321553064, 41.632215380076374 ], [ -76.505589622509177, 41.631824709941505 ], [ -76.504373888647933, 41.631522130967149 ], [ -76.503480489945261, 41.631174801447585 ], [ -76.502660675272111, 41.630345912126785 ], [ -76.502225619112181, 41.6295694262365 ], [ -76.502106371058261, 41.629085780792394 ], [ -76.502313152342538, 41.628364498507182 ], [ -76.502066283540373, 41.62783123196634 ], [ -76.501566974783216, 41.627054047287167 ], [ -76.501258634719719, 41.626375405518885 ], [ -76.501217629094043, 41.625169079595501 ], [ -76.501360527247584, 41.62404377636237 ], [ -76.501986192643059, 41.623309386375908 ], [ -76.502085692527999, 41.623028107575017 ], [ -76.501815781288911, 41.622389877437321 ], [ -76.501124673072539, 41.621641183784782 ], [ -76.499964685700647, 41.620816798038597 ], [ -76.499418572574172, 41.620152915694071 ], [ -76.498910810714776, 41.619563035232325 ], [ -76.498933403030264, 41.618394564905344 ], [ -76.49934338757528, 41.617327701821793 ], [ -76.499997416328654, 41.616687685826385 ], [ -76.500428802579975, 41.61626883958936 ], [ -76.500532384575806, 41.615775840456315 ], [ -76.500452650134136, 41.615033786388793 ], [ -76.500184146818199, 41.614324974924237 ], [ -76.499999325365565, 41.6140790840359 ], [ -76.499817032056114, 41.614008186454789 ], [ -76.499266489110965, 41.613777932331068 ], [ -76.498754917112436, 41.613740329297045 ], [ -76.498413456161146, 41.613736613393755 ], [ -76.49802249724938, 41.614084775848518 ], [ -76.497667397783587, 41.614785746117263 ], [ -76.497137216591682, 41.615709075961846 ], [ -76.49630326206028, 41.616885395323706 ], [ -76.49542473151206, 41.618157333484753 ], [ -76.494713799487343, 41.619591289143315 ], [ -76.494037443544585, 41.621442108199098 ], [ -76.493845548971706, 41.622529305655846 ], [ -76.493784825665472, 41.62345774549501 ], [ -76.493901698349532, 41.624035705532648 ], [ -76.494150994789379, 41.624390847253245 ], [ -76.494403400866076, 41.624585831216493 ], [ -76.494786365912205, 41.624654090353168 ], [ -76.495170572619514, 41.624658283718084 ], [ -76.495557885898165, 41.624502318638839 ], [ -76.495948301611108, 41.624186198639698 ], [ -76.496339955695547, 41.623806011877285 ], [ -76.496516918703392, 41.623487561128535 ], [ -76.496694499039677, 41.623137079128661 ], [ -76.496829390671365, 41.622786130584629 ], [ -76.497006347380221, 41.62246767804713 ], [ -76.497182682356666, 41.622181257042357 ], [ -76.497313848560097, 41.622022497057287 ], [ -76.497571838070073, 41.621929192321147 ], [ -76.497954168944389, 41.622029470248208 ], [ -76.49829009537406, 41.622321470480443 ], [ -76.49866437775286, 41.622838151890321 ], [ -76.498741081983709, 41.623287519719653 ], [ -76.498819646123508, 41.62364079374025 ], [ -76.498838493841262, 41.623912219665115 ], [ -76.49840177281591, 41.625990138474577 ], [ -76.497679755949562, 41.631028250310429 ], [ -76.497447576429565, 41.632575549752161 ], [ -76.496540301303355, 41.634730496571414 ], [ -76.49570523273988, 41.636232907895788 ], [ -76.495326920735891, 41.636785340921946 ], [ -76.494815691255155, 41.637219816582771 ], [ -76.494361530102438, 41.637592048316762 ], [ -76.493651384748702, 41.638084698047855 ], [ -76.491520982263935, 41.638926422432384 ], [ -76.489537443739522, 41.639625545889224 ], [ -76.488279345817119, 41.640080298951638 ], [ -76.487770877310098, 41.640369761753313 ], [ -76.487305233910234, 41.640754415146958 ], [ -76.487189911929704, 41.641297703234372 ], [ -76.487333303662922, 41.641879717002233 ], [ -76.487674636198292, 41.642231729393735 ], [ -76.4877497338137, 41.642597466733008 ], [ -76.487550539764811, 41.642955705553454 ], [ -76.487447232497232, 41.643970548578935 ], [ -76.487277767334319, 41.644723258003559 ], [ -76.486958667653411, 41.645213125312459 ], [ -76.48660201320142, 41.645644535248664 ], [ -76.48628800794242, 41.645873260478872 ], [ -76.48566112634137, 41.646272675240759 ], [ -76.484489821042033, 41.646811205282035 ], [ -76.482566299379414, 41.64758253723339 ], [ -76.481993552927449, 41.647828489536543 ], [ -76.481405881637329, 41.648199291211888 ], [ -76.480813074167571, 41.648831231143575 ], [ -76.479065853976664, 41.651104658213868 ], [ -76.478468432608722, 41.651968709927317 ], [ -76.478107116832334, 41.652632216133824 ], [ -76.477716242967333, 41.652831044497418 ], [ -76.477351988272261, 41.652869591526745 ], [ -76.476989532668938, 41.652603597357974 ], [ -76.476835002927587, 41.652385960222652 ], [ -76.47652721955383, 41.652295485868422 ], [ -76.476059540848752, 41.65246443635025 ], [ -76.475590717712151, 41.652691415127528 ], [ -76.47517871515015, 41.653066128589494 ], [ -76.474895659834573, 41.65343527849798 ], [ -76.474780750525738, 41.653668407572582 ], [ -76.474794780644316, 41.653889178584798 ], [ -76.474922632078645, 41.653931962662334 ], [ -76.475179693766876, 41.65394860110402 ], [ -76.475455407276797, 41.65395165770326 ], [ -76.475563826842745, 41.65405514444857 ], [ -76.475559247625981, 41.654287269386622 ], [ -76.475321964303333, 41.654545835393726 ], [ -76.473836333027677, 41.655312943489442 ], [ -76.473366331803533, 41.655597943982812 ], [ -76.472738130556024, 41.656055317770608 ], [ -76.472611165092559, 41.656605322597549 ], [ -76.472800024657985, 41.656839594640175 ], [ -76.473263730465007, 41.656873767580073 ], [ -76.473729731465653, 41.656791877746656 ], [ -76.474112617849642, 41.656999278679145 ], [ -76.474341893028068, 41.657146932806128 ], [ -76.474843719906701, 41.65721054406194 ], [ -76.475348410253005, 41.657129074019608 ], [ -76.475660220866459, 41.657016443906471 ], [ -76.476320237406384, 41.656907671512315 ], [ -76.47740127119674, 41.657035729311303 ], [ -76.479906435263558, 41.657556803105358 ], [ -76.480755914717449, 41.657653252184737 ], [ -76.481333995539899, 41.657775719621398 ], [ -76.481522891953574, 41.658009979269949 ], [ -76.481554177926938, 41.658387607362243 ], [ -76.481392007659565, 41.658763104266797 ], [ -76.480679395637949, 41.659612456699477 ], [ -76.479968897292139, 41.660285550956537 ], [ -76.479028302595196, 41.660884615475716 ], [ -76.477544280104198, 41.661564722374884 ], [ -76.47590201912125, 41.662417188309576 ], [ -76.473945578178629, 41.663498319341997 ], [ -76.473118097323109, 41.664243698257323 ], [ -76.472366838277395, 41.665047963174409 ], [ -76.472320109489928, 41.665453748377722 ], [ -76.472430454583602, 41.665745193025117 ], [ -76.472927185456939, 41.666069952266149 ], [ -76.473735201804175, 41.666311100106626 ], [ -76.474695716759882, 41.666670020802421 ], [ -76.475307409703561, 41.667054088380205 ], [ -76.475222000270378, 41.667459447376338 ], [ -76.475020500636148, 41.667863518689785 ], [ -76.474851968287325, 41.66855817187092 ], [ -76.474950878031251, 41.669429922939294 ], [ -76.474711245335399, 41.669804547331708 ], [ -76.474123902622537, 41.670146292677693 ], [ -76.473641712226254, 41.670429701962767 ], [ -76.473020857562389, 41.67112078460098 ], [ -76.472694630663725, 41.671958794439675 ], [ -76.472757111049262, 41.672714052659657 ], [ -76.472976684526429, 41.673354972467578 ], [ -76.473430185365061, 41.673911421864879 ], [ -76.474354405077989, 41.674153856524846 ], [ -76.478555603379405, 41.675071053713417 ], [ -76.479171391269276, 41.675251992816072 ], [ -76.479588539257747, 41.675691929265327 ], [ -76.479374480871201, 41.676734348636437 ], [ -76.478995896497779, 41.678268316793087 ], [ -76.47871012364547, 41.679019721896324 ], [ -76.478116429111068, 41.679680655113437 ] ] ], [ [ [ -77.154786533561449, 41.374654770532551 ], [ -77.155758555642663, 41.375314614400544 ], [ -77.156189127867179, 41.375767033042877 ], [ -77.156511567326277, 41.376338076054807 ], [ -77.15704017174366, 41.376741709499022 ], [ -77.157684908890062, 41.376916838987221 ], [ -77.158520769218143, 41.376978395295254 ], [ -77.159207406026923, 41.376724172570036 ], [ -77.159761383405666, 41.376282002572182 ], [ -77.160357724953656, 41.375641836381817 ], [ -77.161047432060357, 41.375043972265317 ], [ -77.161278619868185, 41.374701504452737 ], [ -77.161435062155419, 41.374215469634152 ], [ -77.161637753903648, 41.372813280183586 ], [ -77.161832974057361, 41.372241530666059 ], [ -77.162459162457637, 41.371391937218235 ], [ -77.162830084649229, 41.37127293680367 ], [ -77.16568445401559, 41.370915119731286 ], [ -77.167422948441455, 41.370973845551603 ], [ -77.168421255148814, 41.37059398243693 ], [ -77.169419423602534, 41.370089585233195 ], [ -77.17028823151405, 41.369157560172361 ], [ -77.170627013750419, 41.368691064066375 ], [ -77.170777440072456, 41.367899492787942 ], [ -77.170401375746181, 41.367177309802578 ], [ -77.169783750112288, 41.366742031170013 ], [ -77.168972998712192, 41.366521869422805 ], [ -77.168497199488826, 41.366267372562405 ], [ -77.168452272689677, 41.365943012502285 ], [ -77.168942772026568, 41.364540898446066 ], [ -77.169475303783045, 41.363787261679278 ], [ -77.169531086600657, 41.362887169713161 ], [ -77.169345309235311, 41.362273981774308 ], [ -77.168538451922757, 41.361621657880818 ], [ -77.168347838831039, 41.361530561250127 ], [ -77.167776849779244, 41.361257674440374 ], [ -77.167492292279675, 41.361004136988292 ], [ -77.167499018009423, 41.360247856864973 ], [ -77.167647860903429, 41.359636353674404 ], [ -77.169858089180096, 41.35835092965506 ], [ -77.170090189332441, 41.358042772028448 ], [ -77.170054062449054, 41.357811689414085 ], [ -77.169932568377334, 41.357427654597387 ], [ -77.169675832070013, 41.357341596645902 ], [ -77.166619918549998, 41.357083340598166 ], [ -77.166094261561241, 41.356963410449048 ], [ -77.165753917394383, 41.356669414908168 ], [ -77.165485807994358, 41.356258506770061 ], [ -77.165490194203926, 41.355767065004414 ], [ -77.165602551938704, 41.355358082977212 ], [ -77.166752692310354, 41.354380965737981 ], [ -77.167026999774805, 41.354095664304303 ], [ -77.167307132093711, 41.353155105867501 ], [ -77.167527445246961, 41.352828573541458 ], [ -77.168240174137225, 41.35213592427052 ], [ -77.1691130302804, 41.351771716508964 ], [ -77.171186246628793, 41.350881101065511 ], [ -77.17228007006878, 41.350108423136767 ], [ -77.172772444991111, 41.349742285355937 ], [ -77.173048869483708, 41.349211246822833 ], [ -77.173052474525676, 41.348801711745644 ], [ -77.172459357788284, 41.348266331624622 ], [ -77.172356080923535, 41.347651486466269 ], [ -77.172524169975262, 41.347078952277293 ], [ -77.17312845509997, 41.346344774448824 ], [ -77.17351462892313, 41.345691416298443 ], [ -77.173627278581591, 41.345241470641639 ], [ -77.173684863937098, 41.344873159069245 ], [ -77.173578699511509, 41.344585943608486 ], [ -77.173308065500521, 41.344461727540661 ], [ -77.172692019309281, 41.344336451795158 ], [ -77.169509515860597, 41.343828385721309 ], [ -77.168262189859036, 41.343535428416573 ], [ -77.167340561556486, 41.34328505450334 ], [ -77.166221055497232, 41.343267996009196 ], [ -77.165710310526265, 41.343276826887937 ], [ -77.165219040317496, 41.343520074557681 ], [ -77.164837550381833, 41.343641009187941 ], [ -77.16467159793558, 41.343967811969335 ], [ -77.164776991601627, 41.344336942892411 ], [ -77.165155561235238, 41.344543634842601 ], [ -77.165533404366812, 41.344832233714584 ], [ -77.165907599280942, 41.345530363946338 ], [ -77.166173479907755, 41.346186992409841 ], [ -77.166278153979249, 41.346638028911066 ], [ -77.166108915427259, 41.347333413122925 ], [ -77.165779193469064, 41.347741299744634 ], [ -77.164906740059706, 41.348064530261439 ], [ -77.164633913308279, 41.348186013828517 ], [ -77.164250563695916, 41.348511715135864 ], [ -77.164028417663332, 41.349043005944182 ], [ -77.163646159965538, 41.349245843577151 ], [ -77.162993999825261, 41.349242533818135 ], [ -77.161909272995331, 41.348991289265072 ], [ -77.161039729233252, 41.348986862137117 ], [ -77.160604588692706, 41.349025599237841 ], [ -77.160167972925464, 41.349228148024913 ], [ -77.159946897153048, 41.349636572060753 ], [ -77.159508060151026, 41.350084839581442 ], [ -77.15885441513197, 41.350245318950712 ], [ -77.157876159316658, 41.350240310786845 ], [ -77.156899390069498, 41.350071482990806 ], [ -77.156029088125493, 41.350148923613077 ], [ -77.155646798220772, 41.350351735747076 ], [ -77.155480412088693, 41.350719476421425 ], [ -77.155303238818874, 41.352274863034374 ], [ -77.15540747449306, 41.352766861027554 ], [ -77.155676249303383, 41.353095886797014 ], [ -77.157841727937623, 41.354048971630633 ], [ -77.158437737504187, 41.354256798449555 ], [ -77.159196061472826, 41.354547364273266 ], [ -77.159787956541024, 41.355181276315392 ], [ -77.159892221088441, 41.355964704574831 ], [ -77.159625920611759, 41.356690319007434 ], [ -77.159139741503537, 41.357107243365142 ], [ -77.158625192552364, 41.357189266023148 ], [ -77.15721141655645, 41.356957566566159 ], [ -77.156764860799598, 41.357095077624734 ], [ -77.156355156900716, 41.357260737632792 ], [ -77.15624155313742, 41.35751179885073 ], [ -77.156201402754064, 41.357847119162983 ], [ -77.158114110058975, 41.361442483064003 ], [ -77.158244833158065, 41.36168819214452 ], [ -77.15842811129157, 41.3619407740591 ], [ -77.158410933539244, 41.363842002358801 ], [ -77.158110250541228, 41.364259868896085 ], [ -77.157550791926141, 41.364564569103123 ], [ -77.15694162016392, 41.36469734954705 ], [ -77.156251372645073, 41.364613821828307 ], [ -77.155587422078383, 41.364163041023744 ], [ -77.155077769312854, 41.36306995856873 ], [ -77.154747839152634, 41.362620892042131 ], [ -77.154195759540741, 41.362114756834607 ], [ -77.153345022173582, 41.361802802482202 ], [ -77.151702461967304, 41.361745713416482 ], [ -77.150856596213899, 41.362013612569555 ], [ -77.150260012982059, 41.362318084159931 ], [ -77.149551580178155, 41.362677892017636 ], [ -77.14899363716853, 41.362814794050458 ], [ -77.148480820419366, 41.362894357972969 ], [ -77.147583687780283, 41.362779492793784 ], [ -77.146806681872164, 41.362523794745151 ], [ -77.146291773992004, 41.362017816993607 ], [ -77.145927380793154, 41.361288940193056 ], [ -77.145672258011714, 41.360784316472071 ], [ -77.145118714288941, 41.360445895081568 ], [ -77.144230159771283, 41.360217556005416 ], [ -77.143303985436077, 41.360044934861357 ], [ -77.142639392247744, 41.359677957148328 ], [ -77.142532477316422, 41.359202065761679 ], [ -77.142647692701686, 41.358783263518809 ], [ -77.143511546491581, 41.357669380050524 ], [ -77.144404719153215, 41.357394459030054 ], [ -77.14545853303926, 41.357306787177109 ], [ -77.146151097840587, 41.35715195185238 ], [ -77.146749195774518, 41.356679746989428 ], [ -77.147310435858756, 41.356179385438629 ], [ -77.14791443059525, 41.355064112040132 ], [ -77.148019523911259, 41.354743680475124 ], [ -77.147768562432319, 41.354397681122684 ], [ -77.147465723801005, 41.35416631074898 ], [ -77.146926695045835, 41.354110866313228 ], [ -77.145939185320984, 41.354349836290091 ], [ -77.144356500837134, 41.355107532851719 ], [ -77.142825317393289, 41.355788880191554 ], [ -77.141723924711002, 41.356025504759884 ], [ -77.138824038936363, 41.355949363571504 ], [ -77.138384542840313, 41.356479098237784 ], [ -77.13803071716255, 41.359464947815162 ], [ -77.137972572469181, 41.359873916224082 ], [ -77.137533043375015, 41.360403647902331 ], [ -77.137256085338834, 41.360975167465824 ], [ -77.137248038735351, 41.361834606336402 ], [ -77.137455362522829, 41.3628998247639 ], [ -77.138096889952791, 41.364008269770636 ], [ -77.138797347444495, 41.364625892904257 ], [ -77.139823759101446, 41.36524523135374 ], [ -77.143934910086344, 41.367149538452757 ], [ -77.145016873639634, 41.367646339429797 ], [ -77.145718192366644, 41.368182068556592 ], [ -77.145875125535071, 41.368837732388521 ], [ -77.145544253232259, 41.369368060784517 ], [ -77.144997579209104, 41.369733547612114 ], [ -77.142057825280816, 41.37037296063346 ], [ -77.141238340320157, 41.370859778971308 ], [ -77.141341667348684, 41.371433308896712 ], [ -77.141770209103839, 41.372090407870282 ], [ -77.142308560513925, 41.372625299818189 ], [ -77.143767499651887, 41.373492441600064 ], [ -77.145554731600427, 41.374115717749333 ], [ -77.149083612583468, 41.374420617387571 ], [ -77.151202531334732, 41.374431616701955 ], [ -77.153648930105604, 41.374280557135911 ], [ -77.154786533561449, 41.374654770532551 ] ] ], [ [ [ -76.878910105323286, 41.694556684083935 ], [ -76.878139517008577, 41.695253002396427 ], [ -76.877958541916612, 41.695646599138755 ], [ -76.878126477342576, 41.696218376672185 ], [ -76.878934892964679, 41.697058315682007 ], [ -76.879445260095849, 41.698290965667667 ], [ -76.879614397809121, 41.69877498281528 ], [ -76.880015968919963, 41.699392408561835 ], [ -76.880766487215624, 41.700188013806915 ], [ -76.881577939696299, 41.700808538850225 ], [ -76.882334984443688, 41.70112144693185 ], [ -76.883973852995922, 41.701177687771832 ], [ -76.88567246361383, 41.701146582452701 ], [ -76.886260336835107, 41.700975459931023 ], [ -76.886556028173118, 41.700758254814204 ], [ -76.886445387063816, 41.700274691950007 ], [ -76.885985784229177, 41.699612958937557 ], [ -76.885640358356142, 41.699171513308599 ], [ -76.884721199439781, 41.697848050993642 ], [ -76.884150427516232, 41.696746627685862 ], [ -76.88409952730359, 41.696175738975043 ], [ -76.884050987264303, 41.695429326512361 ], [ -76.884119541868117, 41.694683797475854 ], [ -76.884358439814278, 41.694334517087647 ], [ -76.884772378090261, 41.69403043868904 ], [ -76.88524133591676, 41.693990079462885 ], [ -76.885649390879266, 41.694124801496031 ], [ -76.886114234949204, 41.694391605098495 ], [ -76.886633518105157, 41.694966011426366 ], [ -76.886979523894055, 41.695363573839899 ], [ -76.888201389121448, 41.695943242706541 ], [ -76.889481836417858, 41.696523336552303 ], [ -76.890182073874655, 41.696704118548936 ], [ -76.890938527993498, 41.697060850756401 ], [ -76.891401667113541, 41.697459275523045 ], [ -76.891977240932135, 41.698209615967407 ], [ -76.892439806320979, 41.698651917490956 ], [ -76.892905876061477, 41.698830935831737 ], [ -76.893551677535612, 41.698704090009414 ], [ -76.895023574004227, 41.698100653561305 ], [ -76.896025888993947, 41.697581478534623 ], [ -76.896356299365777, 41.697087734077115 ], [ -76.89656559334243, 41.696620014649781 ], [ -76.897544804131712, 41.696393058505386 ], [ -76.89860772366805, 41.696094281724207 ], [ -76.899213871624809, 41.69575604146128 ], [ -76.899796161765295, 41.695854016066903 ], [ -76.900730614203056, 41.696036460574625 ], [ -76.901807690491324, 41.696172045342109 ], [ -76.903060032244994, 41.696109122004522 ], [ -76.904290195203359, 41.69590171645104 ], [ -76.90494515283612, 41.695509689603192 ], [ -76.905142157923478, 41.695168409023069 ], [ -76.905196661328731, 41.69468177661151 ], [ -76.905305509539161, 41.694405976528678 ], [ -76.905393429007347, 41.694358532543902 ], [ -76.905513988164941, 41.694341379911606 ], [ -76.905705795284661, 41.69439690307965 ], [ -76.905991506089904, 41.694633498014056 ], [ -76.906180721934476, 41.694887422357127 ], [ -76.906470095385046, 41.695173850693045 ], [ -76.906847469187383, 41.695433461793129 ], [ -76.907278756113456, 41.695580929600382 ], [ -76.908023832083558, 41.695658540662372 ], [ -76.908818451515145, 41.695628279878903 ], [ -76.909855834350338, 41.69543744216876 ], [ -76.910437150200465, 41.695153076018215 ], [ -76.91152827415435, 41.694529696022109 ], [ -76.912207704600291, 41.694101728827519 ], [ -76.91317426293476, 41.693802116324271 ], [ -76.914163475689506, 41.69361089052429 ], [ -76.914959001033878, 41.693508439711991 ], [ -76.915682798259098, 41.693369386865022 ], [ -76.916262671258821, 41.69319320934698 ], [ -76.916986926680778, 41.693018075157639 ], [ -76.917347889346928, 41.693020689466735 ], [ -76.917853005017406, 41.693042384879249 ], [ -76.918287322981797, 41.692955334795663 ], [ -76.918746517557082, 41.692805329739961 ], [ -76.919207218188532, 41.69253808411996 ], [ -76.919767417738115, 41.692019019590788 ], [ -76.920761915301043, 41.691412892941472 ], [ -76.921705950443226, 41.690986777026204 ], [ -76.922770984649205, 41.690507408749369 ], [ -76.924343634341824, 41.689851293464642 ], [ -76.925456986815561, 41.68935420932241 ], [ -76.926114970830085, 41.688709545717856 ], [ -76.926782832996423, 41.687289300608107 ], [ -76.926747358176158, 41.686296939272999 ], [ -76.926272689609874, 41.685865374174313 ], [ -76.925695702832598, 41.685202960931413 ], [ -76.925468833500886, 41.68463082848978 ], [ -76.925908057315596, 41.683978129539319 ], [ -76.926299561532758, 41.683759079819993 ], [ -76.927180415383518, 41.683545958488757 ], [ -76.928410808976054, 41.683466986241193 ], [ -76.929528588033648, 41.683036113864539 ], [ -76.930295689980184, 41.68255884569647 ], [ -76.931716128628722, 41.681340176420925 ], [ -76.932550063013039, 41.68020509214039 ], [ -76.932969240064196, 41.67946202266274 ], [ -76.93297701294938, 41.678847684511361 ], [ -76.932217196105412, 41.678754512766503 ], [ -76.931161938196468, 41.678878660445434 ], [ -76.9306323602611, 41.679094314775277 ], [ -76.929691372821736, 41.67943868812938 ], [ -76.928399731907646, 41.679736662210303 ], [ -76.926931919473361, 41.680077250333497 ], [ -76.925580039727237, 41.680506417225025 ], [ -76.924520253322214, 41.680981552321363 ], [ -76.92358313730503, 41.681018705851507 ], [ -76.922824997277743, 41.680793828290149 ], [ -76.922181681765423, 41.680745315030833 ], [ -76.9213019758473, 41.680870635728873 ], [ -76.920654715330699, 41.681129281598061 ], [ -76.919889815800317, 41.681430956819469 ], [ -76.919007838254316, 41.681731783796465 ], [ -76.918596962199302, 41.681816584479613 ], [ -76.91830541629669, 41.681726705082028 ], [ -76.917727417314111, 41.681152017192488 ], [ -76.917085233090987, 41.681015711812208 ], [ -76.916439653551748, 41.681142689601486 ], [ -76.915908308965541, 41.681489917134797 ], [ -76.915551996393802, 41.681882300691555 ], [ -76.915135438409266, 41.68240590007111 ], [ -76.914663748517057, 41.682665784503833 ], [ -76.91419716309295, 41.682530738651785 ], [ -76.913440177262288, 41.682218038169609 ], [ -76.912796852359151, 41.682169471420906 ], [ -76.91203589037508, 41.682163929794214 ], [ -76.911329474033181, 41.682465976163876 ], [ -76.910625335313796, 41.682592494916449 ], [ -76.909982013657071, 41.682543910914369 ], [ -76.909337545533319, 41.682583087230235 ], [ -76.908690221030298, 41.682841663900305 ], [ -76.908042892597678, 41.68310023876608 ], [ -76.907510341525949, 41.683535188051273 ], [ -76.907446649632718, 41.683929688028613 ], [ -76.90703345351173, 41.684189971111778 ], [ -76.906565154066584, 41.684186538350943 ], [ -76.905398426912853, 41.683870778070045 ], [ -76.904171451527162, 41.68368621828489 ], [ -76.903175175887725, 41.683766655470407 ], [ -76.902529541199712, 41.683893555307193 ], [ -76.901536719499759, 41.683710694334117 ], [ -76.900776320686177, 41.683661195230854 ], [ -76.899777153394894, 41.683961007921944 ], [ -76.89906892618562, 41.684394622365097 ], [ -76.898478343807909, 41.684785216713365 ], [ -76.89753420958067, 41.685348729007949 ], [ -76.897003308705337, 41.685651988502798 ], [ -76.896180872547674, 41.685865311110923 ], [ -76.895419286751689, 41.685903538983702 ], [ -76.894131437835355, 41.685893961874335 ], [ -76.892257037541626, 41.685967763733764 ], [ -76.891198085191149, 41.686354827190343 ], [ -76.890252114236546, 41.687049920643481 ], [ -76.889599990694762, 41.687659434316096 ], [ -76.888773404308566, 41.688179869159804 ], [ -76.888011205964659, 41.688261928225536 ], [ -76.887603176587731, 41.688127214951571 ], [ -76.886902453157063, 41.687990300848824 ], [ -76.886139663596637, 41.688116229857854 ], [ -76.885607510920096, 41.68850719522937 ], [ -76.885074768511586, 41.68894204031708 ], [ -76.883956005992559, 41.689416356526813 ], [ -76.883132888431064, 41.689673464530628 ], [ -76.88201646272482, 41.689972238926032 ], [ -76.88118919632322, 41.690536498099682 ], [ -76.880824946178009, 41.691499216260368 ], [ -76.880634537725726, 41.692594904878121 ], [ -76.880449448316909, 41.693295665053093 ], [ -76.8800313547126, 41.693906894446343 ], [ -76.878910105323286, 41.694556684083935 ] ] ], [ [ [ -76.52803288763333, 41.653362451140779 ], [ -76.527235020827334, 41.654340336235855 ], [ -76.526920005538329, 41.65554254797037 ], [ -76.527146929363099, 41.656421735474353 ], [ -76.52844706306, 41.657221001226958 ], [ -76.529407334089584, 41.657961845253638 ], [ -76.52948818546561, 41.658839476495871 ], [ -76.528993547485285, 41.659236076434844 ], [ -76.52815313064292, 41.659884725558193 ], [ -76.526628589748512, 41.661403454731719 ], [ -76.525615864944868, 41.662670704150507 ], [ -76.525026103198002, 41.66372380400653 ], [ -76.524451248016348, 41.66499635082446 ], [ -76.524186914693345, 41.666089496498337 ], [ -76.524468781249411, 41.666640485244308 ], [ -76.524804904135067, 41.666899791046966 ], [ -76.525582890241125, 41.666981146239522 ], [ -76.525871690997533, 41.667166882927219 ], [ -76.526012978295896, 41.667424112991689 ], [ -76.525610141370819, 41.668113932042466 ], [ -76.525444617910878, 41.669135066802269 ], [ -76.525716124275988, 41.670233923877035 ], [ -76.525949303487451, 41.670784391081497 ], [ -76.526476164047708, 41.671264916334231 ], [ -76.526273693353815, 41.67166461286191 ], [ -76.525749063074443, 41.671845753092114 ], [ -76.524657115208598, 41.67212230887079 ], [ -76.524263934091522, 41.672300777592959 ], [ -76.523867976817556, 41.672625342542467 ], [ -76.523764998105861, 41.672916500351796 ], [ -76.523513097646443, 41.67335219933392 ], [ -76.523605674985845, 41.673608912888454 ], [ -76.52374488714733, 41.67397571631917 ], [ -76.524229966178908, 41.674090487743541 ], [ -76.525443714093527, 41.674322619154047 ], [ -76.526172377943226, 41.674439973831703 ], [ -76.526807077380326, 41.674373665586302 ], [ -76.52754473655844, 41.674016191161279 ], [ -76.528038117075639, 41.673692648657088 ], [ -76.528582277471529, 41.673260048325062 ], [ -76.528548761410121, 41.672455987337194 ], [ -76.5286099067918, 41.671799056166151 ], [ -76.529156812345093, 41.67122035419078 ], [ -76.529699565590889, 41.670860797118202 ], [ -76.529902700110767, 41.670424568219296 ], [ -76.529920637349832, 41.669474921209485 ], [ -76.529888483456318, 41.668597810317358 ], [ -76.530045655027138, 41.668014963918445 ], [ -76.530248089118189, 41.667615259312242 ], [ -76.530501296358054, 41.667106496559249 ], [ -76.530512328898354, 41.666522098827464 ], [ -76.530672937609367, 41.665756628410364 ], [ -76.53376446470449, 41.661990035438606 ], [ -76.534557520602803, 41.661267779472738 ], [ -76.535499419874654, 41.660400965180301 ], [ -76.536047873480683, 41.659730910090715 ], [ -76.537185922899681, 41.658793087215201 ], [ -76.538121938789217, 41.65823671089958 ], [ -76.539161154168198, 41.65737088948395 ], [ -76.540608759469407, 41.65550472175206 ], [ -76.541302552059349, 41.654872703942118 ], [ -76.541844071846171, 41.654567872348601 ], [ -76.542337912259356, 41.654207739259235 ], [ -76.542544999200928, 41.653552336521557 ], [ -76.54226439964377, 41.652928340602472 ], [ -76.541832921825787, 41.652558484158618 ], [ -76.541498850206366, 41.652189649565173 ], [ -76.541404184273304, 41.652042524161743 ], [ -76.541554379451384, 41.651824910894454 ], [ -76.542147649843969, 41.651356227121553 ], [ -76.542790288862221, 41.650851525196927 ], [ -76.54333143063856, 41.650564949558458 ], [ -76.543967240252499, 41.650425493130534 ], [ -76.544699759827481, 41.650323579760851 ], [ -76.545485062694269, 41.650003020456474 ], [ -76.546125623112943, 41.649607877226835 ], [ -76.546474668563988, 41.649173145309902 ], [ -76.546875127004, 41.648592820839696 ], [ -76.547082149814287, 41.647937405825381 ], [ -76.54777816886002, 41.647177509339805 ], [ -76.548116287217482, 41.646910337697491 ], [ -76.549211509765328, 41.646519927619579 ], [ -76.55274754747623, 41.646025658973862 ], [ -76.555620070733582, 41.645604990653787 ], [ -76.557332536526545, 41.645449481395254 ], [ -76.558400801940152, 41.645148639771101 ], [ -76.55868308878938, 41.644874301954438 ], [ -76.558277543763026, 41.644315575856552 ], [ -76.558148536007167, 41.643794371500938 ], [ -76.558294149751319, 41.643414644771134 ], [ -76.55885167927633, 41.643247133664147 ], [ -76.559459230951447, 41.642872195681292 ], [ -76.559982679518285, 41.642045828695409 ], [ -76.560408624701324, 41.641495711016759 ], [ -76.560463106637926, 41.641045724607615 ], [ -76.560520133931931, 41.640457130460263 ], [ -76.56016143092657, 41.639864237036853 ], [ -76.559707797798907, 41.639408990836579 ], [ -76.558997347537399, 41.639059485947925 ], [ -76.557173628728009, 41.639036143988029 ], [ -76.556991415898977, 41.638895622825466 ], [ -76.557189607210418, 41.638169865479696 ], [ -76.557204307614086, 41.637372889167352 ], [ -76.556990614568605, 41.636434910287335 ], [ -76.557014904254487, 41.635118165655662 ], [ -76.557073872624798, 41.634425621934909 ], [ -76.557354791491676, 41.634082270091326 ], [ -76.557824385529216, 41.633809564823537 ], [ -76.558445956029061, 41.633687012366465 ], [ -76.560509413508129, 41.633464437265452 ], [ -76.562128941993933, 41.633806442498091 ], [ -76.563687102911345, 41.63404350445807 ], [ -76.564334375551383, 41.634015526069724 ], [ -76.564838122465602, 41.633834405390978 ], [ -76.565408765242807, 41.633368102731545 ], [ -76.565374639000041, 41.632709252382178 ], [ -76.56520829615198, 41.631702460868297 ], [ -76.564360367018011, 41.630332949648107 ], [ -76.563951282575033, 41.629714000949612 ], [ -76.563643874399446, 41.628844381841617 ], [ -76.563311060294424, 41.628451884536574 ], [ -76.562964457323559, 41.628109553989383 ], [ -76.561808581190334, 41.628166928065191 ], [ -76.560548868922183, 41.628847059098497 ], [ -76.558724081915685, 41.630355996492675 ], [ -76.558112154925595, 41.630728003738824 ], [ -76.557371267417821, 41.630824291197825 ], [ -76.556083176810048, 41.630533659286776 ], [ -76.555344848659331, 41.630491330338813 ], [ -76.554817071057585, 41.630640701823936 ], [ -76.554362133192242, 41.631174271533794 ], [ -76.554355089048698, 41.631555433792116 ], [ -76.554438496624456, 41.63204151016037 ], [ -76.554755401425126, 41.632391384201526 ], [ -76.554654061757091, 41.632875540166232 ], [ -76.55423517543889, 41.633044473284698 ], [ -76.553678360201914, 41.633177311279951 ], [ -76.553169658662725, 41.633206674110156 ], [ -76.552569854039675, 41.633165769927786 ], [ -76.551464568138073, 41.632980962227677 ], [ -76.551173037150278, 41.632910561904254 ], [ -76.550721697850676, 41.632905853996071 ], [ -76.550184125448126, 41.633009842058058 ], [ -76.549887271027387, 41.633262469170759 ], [ -76.549495749901666, 41.633367979050128 ], [ -76.54876410905274, 41.633433400834569 ], [ -76.548177162175847, 41.633573395581983 ], [ -76.547732200893378, 41.633934066066423 ], [ -76.547578670440203, 41.634334318046335 ], [ -76.547424461188669, 41.634771091294219 ], [ -76.547268212530895, 41.635317442268935 ], [ -76.547211374722039, 41.635755235459534 ], [ -76.547155213327073, 41.636156503431387 ], [ -76.546808963028269, 41.63644513942122 ], [ -76.546366690062939, 41.636659703026332 ], [ -76.5447950521216, 41.637373883697116 ], [ -76.544102517360898, 41.637951137654021 ], [ -76.543799480448001, 41.638532475824618 ], [ -76.543743976129676, 41.638897216663104 ], [ -76.543931926697681, 41.639264511715496 ], [ -76.544070503057299, 41.639667821179344 ], [ -76.544063690949613, 41.640033073101129 ], [ -76.543717403026577, 41.640321699417981 ], [ -76.543128338287005, 41.640571242475758 ], [ -76.542585917247123, 41.640930868363697 ], [ -76.542136778520188, 41.641510666276425 ], [ -76.542079898724751, 41.641948456732848 ], [ -76.542117674011493, 41.642533370796983 ], [ -76.541715847545092, 41.643186730310653 ], [ -76.541266685728743, 41.643766523440611 ], [ -76.540866205979285, 41.644346828901305 ], [ -76.540757889641199, 41.644930204547151 ], [ -76.540743542933882, 41.645697233067587 ], [ -76.540830683200753, 41.646246131481597 ], [ -76.540961056428003, 41.64708774751535 ], [ -76.541098266116208, 41.647564109888862 ], [ -76.541091435457375, 41.647929360442497 ], [ -76.540843854762485, 41.648145947723542 ], [ -76.540453593658896, 41.648178375047017 ], [ -76.539968676349091, 41.648063676072702 ], [ -76.539481712450154, 41.64805854970961 ], [ -76.538848653532298, 41.648051880614894 ], [ -76.538360321876695, 41.648119797502396 ], [ -76.538015337026494, 41.6483353553608 ], [ -76.537617539534011, 41.648769548309616 ], [ -76.53736309024913, 41.649351379139617 ], [ -76.536870634720046, 41.649638443220113 ], [ -76.536571585150213, 41.650000607245488 ], [ -76.536225212954889, 41.650289209269161 ], [ -76.535975548217948, 41.650615364013717 ], [ -76.535672037297118, 41.651214938655201 ], [ -76.534388005488921, 41.652151203576146 ], [ -76.533696568100396, 41.652943271998794 ], [ -76.532613488848199, 41.653264923536014 ], [ -76.531743870311502, 41.653003910116958 ], [ -76.530868541005518, 41.652808045652669 ], [ -76.529065258368121, 41.652861969574971 ], [ -76.52803288763333, 41.653362451140779 ] ] ], [ [ [ -76.974493400004619, 41.64681740945958 ], [ -76.974008026382677, 41.648412759799058 ], [ -76.973849055867475, 41.649254220488267 ], [ -76.973922838808377, 41.649960848947664 ], [ -76.974108851593229, 41.651111112763346 ], [ -76.974693896143009, 41.652314025693165 ], [ -76.975343168126216, 41.653717197824029 ], [ -76.975798041187659, 41.654669438607861 ], [ -76.976132409506661, 41.655314646197127 ], [ -76.976717778895505, 41.65562083682245 ], [ -76.97807981025332, 41.655792736336643 ], [ -76.979580917900805, 41.655843849670617 ], [ -76.980648426298359, 41.655701126068045 ], [ -76.981583310400225, 41.655507549460459 ], [ -76.982521156699647, 41.655064199120261 ], [ -76.983241452008713, 41.654502007293338 ], [ -76.983535662431109, 41.653772086153069 ], [ -76.98360878438298, 41.653223045953112 ], [ -76.983416673358548, 41.652572326897953 ], [ -76.983292349316841, 41.651822141595829 ], [ -76.983405981495451, 41.651085330272217 ], [ -76.983601062433294, 41.65031937443802 ], [ -76.983886371068664, 41.649786522241577 ], [ -76.984201020196693, 41.649393364095125 ], [ -76.984576283037043, 41.649116860681595 ], [ -76.985167688901171, 41.648911543291263 ], [ -76.985726444547367, 41.648845507450297 ], [ -76.986318392891292, 41.648593687235874 ], [ -76.986879616595743, 41.648318411314001 ], [ -76.98722523651881, 41.647925449883296 ], [ -76.98760625259581, 41.647504561664022 ], [ -76.988013502001763, 41.646857820543438 ], [ -76.988285780397604, 41.6463600560256 ], [ -76.98882150826725, 41.646113817072333 ], [ -76.989105508301691, 41.646194141434307 ], [ -76.989216983213311, 41.646466132743399 ], [ -76.989209927868444, 41.647065567561036 ], [ -76.989396037596549, 41.647846825644791 ], [ -76.989759510618654, 41.648569984405249 ], [ -76.990182250722597, 41.649526034240075 ], [ -76.990480470892862, 41.650527761694235 ], [ -76.990777880282181, 41.651599233366333 ], [ -76.990923311520191, 41.652413947997999 ], [ -76.991073849834748, 41.65282293400962 ], [ -76.991735210866565, 41.653226951894176 ], [ -76.992598736541126, 41.65343246914702 ], [ -76.99332964156433, 41.653587149153296 ], [ -76.994528546318051, 41.653595030292692 ], [ -76.99540444856612, 41.653605943539183 ], [ -76.996521752777738, 41.653497019044551 ], [ -76.997503719574397, 41.653179374412787 ], [ -76.998535343093465, 41.65272205758572 ], [ -76.999690347481675, 41.652113885903638 ], [ -77.00046962119346, 41.651732066897068 ], [ -77.001068240068506, 41.651227822047439 ], [ -77.001520367519447, 41.651188416681968 ], [ -77.002195572299129, 41.651383355295692 ], [ -77.002645741045612, 41.651513313049684 ], [ -77.003633899490367, 41.651498549740737 ], [ -77.004567556453836, 41.651314044375887 ], [ -77.005955526502333, 41.650899570814147 ], [ -77.006923964645182, 41.650143683025235 ], [ -77.007427850522191, 41.649108354095553 ], [ -77.007643691741606, 41.648920389567436 ], [ -77.008127583211134, 41.648877575900904 ], [ -77.00868462134801, 41.649223510326841 ], [ -77.009273253563137, 41.649587159733159 ], [ -77.010231217063094, 41.6497415263389 ], [ -77.011445886539732, 41.649664632257085 ], [ -77.012395040647448, 41.649597209634024 ], [ -77.013974518764954, 41.649648182922817 ], [ -77.015839813382314, 41.649867664239686 ], [ -77.017011068806823, 41.65029020476274 ], [ -77.018457902385833, 41.650818237360632 ], [ -77.019905885340506, 41.651242577086329 ], [ -77.021496892090596, 41.651252652018954 ], [ -77.023159441191012, 41.651055581649146 ], [ -77.024408713966167, 41.650700220593542 ], [ -77.025052630246705, 41.650161738862671 ], [ -77.025335580786319, 41.649797536483277 ], [ -77.025234243085819, 41.649509345566209 ], [ -77.024748331520058, 41.649323260488288 ], [ -77.023045042978964, 41.648927547107263 ], [ -77.020222508493191, 41.64885025815726 ], [ -77.017314271237069, 41.647957246998608 ], [ -77.015522262742323, 41.647375088328587 ], [ -77.012760718539155, 41.646890451718328 ], [ -77.010141139172262, 41.646095333157156 ], [ -77.007856222998058, 41.645189696669725 ], [ -77.00685038097447, 41.644764895207743 ], [ -77.006726270892287, 41.644727799054422 ], [ -77.005498161542434, 41.644212217075747 ], [ -77.004705704412359, 41.644074711444574 ], [ -77.003645581072817, 41.644200226553586 ], [ -77.002625745485034, 41.644656876369673 ], [ -77.0018713285301, 41.645048980016917 ], [ -77.001422318040923, 41.645308924858114 ], [ -77.001249593787293, 41.645408951912664 ], [ -77.000411523698006, 41.645403500892549 ], [ -76.999690415926239, 41.64521657438997 ], [ -76.998962398143519, 41.644631813596355 ], [ -76.998497963815041, 41.644478909618684 ], [ -76.998033532863175, 41.64432600289345 ], [ -76.998038181397575, 41.643926375885037 ], [ -76.998448210057433, 41.643029830439325 ], [ -76.998323150455164, 41.642329614327885 ], [ -76.997929394491933, 41.641827469549085 ], [ -76.997602239831238, 41.641325758471297 ], [ -76.997277996233848, 41.640574282747032 ], [ -76.997285556307475, 41.639924891473513 ], [ -76.997026753091575, 41.639273755044663 ], [ -76.996428597815466, 41.63916992325202 ], [ -76.995894122504623, 41.63931629181112 ], [ -76.995221216952999, 41.639911363487109 ], [ -76.994812913727202, 41.640658038446119 ], [ -76.994006213962422, 41.641302179154216 ], [ -76.993203590329301, 41.641596643909331 ], [ -76.992201762218187, 41.64183983264175 ], [ -76.991001904632114, 41.641931835286698 ], [ -76.990003587710163, 41.641875284828046 ], [ -76.989272235717763, 41.641770535756926 ], [ -76.988809606709736, 41.641467733782235 ], [ -76.989082445652258, 41.640920011122432 ], [ -76.989621648634682, 41.640374050203185 ], [ -76.989828472087311, 41.63977593156622 ], [ -76.989835521017511, 41.639176494024767 ], [ -76.989708211745764, 41.638676083183526 ], [ -76.989246191317491, 41.638323326413222 ], [ -76.988313935774713, 41.638317157445378 ], [ -76.987850750500925, 41.638064304727521 ], [ -76.987120620292941, 41.63785963598459 ], [ -76.985986238833732, 41.638051935177245 ], [ -76.98458194797864, 41.638542166931181 ], [ -76.982906529325078, 41.639430233449609 ], [ -76.98250283303112, 41.639777240216716 ], [ -76.982165132278638, 41.640174642846908 ], [ -76.981758458791688, 41.640771411955157 ], [ -76.981222157985655, 41.64106756971438 ], [ -76.980621637260185, 41.641163468628591 ], [ -76.980022894971455, 41.641109503477395 ], [ -76.979426538615456, 41.64085572370287 ], [ -76.978430036556801, 41.640649218679279 ], [ -76.977630934360434, 41.64064385458088 ], [ -76.976826449602413, 41.641088060458031 ], [ -76.976084966140618, 41.641832429837152 ], [ -76.975540255405903, 41.642827903928733 ], [ -76.975255317763896, 41.644374651628212 ], [ -76.974907371224845, 41.645621233064119 ], [ -76.974493400004619, 41.64681740945958 ] ] ], [ [ [ -76.599672079568705, 41.474659667753741 ], [ -76.602261827389427, 41.475856778905865 ], [ -76.60321244702547, 41.475974464013369 ], [ -76.603847251417548, 41.475906972728978 ], [ -76.604235274847568, 41.475739504806832 ], [ -76.604663983153372, 41.475200262439849 ], [ -76.604978660991932, 41.473938679144993 ], [ -76.605068671121145, 41.472376937377888 ], [ -76.604871450845536, 41.472007243607301 ], [ -76.60350256570463, 41.471074281969052 ], [ -76.603278491084581, 41.470842421826021 ], [ -76.603551402705946, 41.470615103867566 ], [ -76.604897341133892, 41.470536577963152 ], [ -76.605998611494854, 41.469989698202539 ], [ -76.606578869544364, 41.469909776860952 ], [ -76.608043413689245, 41.470119993296137 ], [ -76.60857227625911, 41.470082795175529 ], [ -76.609063266821124, 41.469965088665219 ], [ -76.609438057595014, 41.469803902136235 ], [ -76.609653453107953, 41.468837101882336 ], [ -76.610352944316347, 41.468445659252183 ], [ -76.611008722133576, 41.467784912271298 ], [ -76.610983292676053, 41.467348708342158 ], [ -76.610664427605286, 41.466571767457189 ], [ -76.610597406583778, 41.466119116901204 ], [ -76.610682630634699, 41.465905451848847 ], [ -76.611190747194541, 41.464807287641001 ], [ -76.611076592643869, 41.464346493249799 ], [ -76.610510620696559, 41.464095733492805 ], [ -76.610514375157095, 41.463881261441919 ], [ -76.610803261125852, 41.463669610561176 ], [ -76.612053489363234, 41.463380427560338 ], [ -76.613519338688349, 41.463360469136809 ], [ -76.615262324924061, 41.463205433901322 ], [ -76.616565588804221, 41.463550734877764 ], [ -76.618040471246019, 41.46409401341193 ], [ -76.619174435119973, 41.464725237159669 ], [ -76.620357203308501, 41.465184686012236 ], [ -76.621135640674936, 41.465192327086662 ], [ -76.621861887421417, 41.464973719945966 ], [ -76.622435878405923, 41.464764837273769 ], [ -76.62305829290878, 41.464329367018806 ], [ -76.624293806710895, 41.463342750576928 ], [ -76.625403400111097, 41.461843227000656 ], [ -76.625966440765538, 41.461581377569878 ], [ -76.626828131407635, 41.461666179416319 ], [ -76.628137501058802, 41.462290046193935 ], [ -76.629150188605465, 41.462452689905504 ], [ -76.629812776424188, 41.46230637076448 ], [ -76.63022416032031, 41.462004830960311 ], [ -76.630548311780885, 41.461289447034694 ], [ -76.630555033955844, 41.460480325060892 ], [ -76.62921267459285, 41.458824948936169 ], [ -76.628616672551587, 41.458055277674056 ], [ -76.628069158672176, 41.457419754432465 ], [ -76.627716063977104, 41.457277053165917 ], [ -76.627307067084658, 41.457450513247259 ], [ -76.626894039461376, 41.457847508293256 ], [ -76.626685716993947, 41.458151019813876 ], [ -76.626374546151439, 41.458529912553274 ], [ -76.626058431978507, 41.458911878062146 ], [ -76.625789423122427, 41.459084356940451 ], [ -76.625348731445882, 41.459130979205696 ], [ -76.623928381893691, 41.459016123807025 ], [ -76.621699013418834, 41.459094341735579 ], [ -76.621322553435505, 41.459033498809177 ], [ -76.620746119795115, 41.45860886133179 ], [ -76.619929151927053, 41.458187457838179 ], [ -76.618828150564028, 41.457815388197325 ], [ -76.618249216944307, 41.457185218725307 ], [ -76.617401733759067, 41.456061250688933 ], [ -76.617046853944487, 41.455403235994474 ], [ -76.616413682556384, 41.45494916975845 ], [ -76.615475459172728, 41.454796893110149 ], [ -76.613119707895308, 41.454778873211204 ], [ -76.611199408047383, 41.455001191334553 ], [ -76.610409468751087, 41.455268784045018 ], [ -76.610176933746928, 41.455473170962733 ], [ -76.610302222648414, 41.456163380497472 ], [ -76.610155822791683, 41.456678657002129 ], [ -76.609532194940371, 41.45716042419383 ], [ -76.608627853512317, 41.457643527388093 ], [ -76.605909163377262, 41.458600059574941 ], [ -76.60452589841266, 41.459137468920403 ], [ -76.602487025468889, 41.46049508450669 ], [ -76.601002994887679, 41.461548170002729 ], [ -76.600521173032064, 41.462249627009989 ], [ -76.600134825605465, 41.46256285602859 ], [ -76.599423076749204, 41.462841414805105 ], [ -76.598646501029521, 41.462730300524349 ], [ -76.598032740406509, 41.462439245184967 ], [ -76.597344848874414, 41.462175031584977 ], [ -76.595910811659053, 41.462048369978213 ], [ -76.595038925146383, 41.462177410983628 ], [ -76.593948559764115, 41.462472548865122 ], [ -76.593462612987679, 41.462853053915538 ], [ -76.593249793757096, 41.463318647811391 ], [ -76.592943861706175, 41.464533270986813 ], [ -76.59271078409563, 41.464852888795015 ], [ -76.592204669608535, 41.4648629203908 ], [ -76.591596946205598, 41.464672936441609 ], [ -76.590927290561709, 41.464559271699038 ], [ -76.59048425070516, 41.464682344447674 ], [ -76.589795400030667, 41.465175733483164 ], [ -76.589500973853035, 41.465693715943125 ], [ -76.589246731137365, 41.466242746315309 ], [ -76.589075047447437, 41.466731321428426 ], [ -76.589080713804705, 41.467320967629227 ], [ -76.589445497489251, 41.467783784312758 ], [ -76.590068826437388, 41.468120335545507 ], [ -76.590756956183441, 41.468372425455726 ], [ -76.591730242060663, 41.468627384568101 ], [ -76.592540050289784, 41.468911334499886 ], [ -76.593631204432484, 41.469412616634926 ], [ -76.594230897448597, 41.469817077570724 ], [ -76.594759842331925, 41.470098127900663 ], [ -76.596044672581328, 41.470605117083302 ], [ -76.596453935658843, 41.47106509975346 ], [ -76.59661093676894, 41.471655566350179 ], [ -76.596430571529794, 41.472382566100066 ], [ -76.596000315425627, 41.472976734034539 ], [ -76.595718629643883, 41.47356058007616 ], [ -76.595910122132864, 41.474068000381173 ], [ -76.596273032552403, 41.47437286031267 ], [ -76.596778573669496, 41.474571601654048 ], [ -76.598804987651036, 41.474478752591132 ], [ -76.599672079568705, 41.474659667753741 ] ] ], [ [ [ -76.949825325692558, 41.654191927955601 ], [ -76.949553949471763, 41.654589695195945 ], [ -76.948877368427858, 41.655434249494597 ], [ -76.947599434162086, 41.656424479874751 ], [ -76.946591622517715, 41.657116840437816 ], [ -76.946046327119433, 41.658112165978224 ], [ -76.94569835733644, 41.659308697578432 ], [ -76.945820391722393, 41.660208773360367 ], [ -76.946279836589611, 41.66076151158034 ], [ -76.946205767664992, 41.661360473939318 ], [ -76.945861511734549, 41.66225729434376 ], [ -76.94558013755703, 41.66345428998271 ], [ -76.945760083720884, 41.665054165543459 ], [ -76.946273746579308, 41.666606414831264 ], [ -76.946997236299353, 41.667360821005516 ], [ -76.947528953391938, 41.667464448498464 ], [ -76.948133485913914, 41.667069008704665 ], [ -76.948813843549786, 41.666355670998087 ], [ -76.950073724816477, 41.665465462193694 ], [ -76.951301008145407, 41.664143600593874 ], [ -76.95211150558913, 41.663250000315131 ], [ -76.9531884304632, 41.662358245049568 ], [ -76.95481841431851, 41.661626396308854 ], [ -76.956204473774022, 41.660880396076912 ], [ -76.957341790724428, 41.660488589498847 ], [ -76.958729711722199, 41.66024383916421 ], [ -76.959931151974146, 41.660027354650154 ], [ -76.961879475082256, 41.660003263533021 ], [ -76.963132670762093, 41.659637269443479 ], [ -76.964437616922851, 41.659121783174029 ], [ -76.965695615252187, 41.658297801617195 ], [ -76.966504022312947, 41.657553959828228 ], [ -76.966841909635818, 41.657156605374524 ], [ -76.966984809904105, 41.656358268690681 ], [ -76.966793460504604, 41.65565756655856 ], [ -76.96647071842122, 41.654806102901716 ], [ -76.965809504195704, 41.654401940426219 ], [ -76.964812233241261, 41.654245265188955 ], [ -76.963615151490188, 41.654087216357212 ], [ -76.962416250025854, 41.654079012408637 ], [ -76.961736294037195, 41.654098237993523 ], [ -76.961755065677977, 41.653674826826489 ], [ -76.961627339621586, 41.65322434051194 ], [ -76.961431788633575, 41.652873301547309 ], [ -76.961899848040744, 41.652726637999891 ], [ -76.96263614885504, 41.652431940296708 ], [ -76.962907428520097, 41.652034141320897 ], [ -76.963508686544671, 41.651888382779759 ], [ -76.964676204293482, 41.651819195776319 ], [ -76.965146351192857, 41.651676698520447 ], [ -76.965581469580883, 41.65130096662525 ], [ -76.965735832503327, 41.650927444052094 ], [ -76.965793039652652, 41.650328512610479 ], [ -76.965649588752584, 41.649803129272783 ], [ -76.964713061034587, 41.648785383425938 ], [ -76.963225906716275, 41.647459084486719 ], [ -76.962701858351664, 41.647037040342191 ], [ -76.962582656565488, 41.645887212449182 ], [ -76.962863638319575, 41.644690169828067 ], [ -76.963545397957233, 41.643395950987369 ], [ -76.963888090127867, 41.642598980583259 ], [ -76.96423805673777, 41.641202575239674 ], [ -76.964251411099028, 41.640103614049117 ], [ -76.964127334291206, 41.63935340996629 ], [ -76.963668789180147, 41.638725814726541 ], [ -76.963141850934008, 41.638247617436676 ], [ -76.962279226391161, 41.637991927709173 ], [ -76.961545528692142, 41.638086814429634 ], [ -76.961075141778323, 41.638433287105656 ], [ -76.960072633368526, 41.638726148252758 ], [ -76.959339538153216, 41.638771069616951 ], [ -76.958206285685947, 41.638863186772298 ], [ -76.957470733625939, 41.63910790584324 ], [ -76.957264840242004, 41.639606057129413 ], [ -76.957456040097412, 41.640306774077708 ], [ -76.95784641064067, 41.641058817255953 ], [ -76.957972253016848, 41.641659168727841 ], [ -76.957700982757117, 41.642056955193077 ], [ -76.956893284954546, 41.64275078761704 ], [ -76.955876585310094, 41.644192526207831 ], [ -76.954667421963308, 41.645033439859034 ], [ -76.953460075797793, 41.645724479581673 ], [ -76.952723194813345, 41.646069073334083 ], [ -76.951651472514428, 41.646561208422732 ], [ -76.950917043357009, 41.646705980148795 ], [ -76.949984055157785, 41.64674944911085 ], [ -76.949647348886458, 41.647046850277555 ], [ -76.949773750270396, 41.647597254300926 ], [ -76.949832925849094, 41.648197150486212 ], [ -76.950019746663259, 41.649247545629123 ], [ -76.950004292491727, 41.650496362704288 ], [ -76.949661382245495, 41.65129328697779 ], [ -76.949716857326564, 41.652192896542637 ], [ -76.949974616328944, 41.652894087213824 ], [ -76.950036269778636, 41.653294170238453 ], [ -76.949825325692558, 41.654191927955601 ] ] ], [ [ [ -76.681964315784029, 41.648628168510953 ], [ -76.681955850243739, 41.649140575518409 ], [ -76.682479685577093, 41.649600985183355 ], [ -76.68315911349255, 41.649835064067723 ], [ -76.683840418145749, 41.649955269504083 ], [ -76.684597637666485, 41.650076175205676 ], [ -76.685477944120336, 41.649963955791527 ], [ -76.686195482143191, 41.649863200798173 ], [ -76.687491560470676, 41.649533530774818 ], [ -76.688483982555866, 41.649201039954789 ], [ -76.689933717312556, 41.648758875488404 ], [ -76.691151045031603, 41.64859926553941 ], [ -76.69191198645737, 41.648492386448119 ], [ -76.692821953665685, 41.648557701971505 ], [ -76.693503263967827, 41.648677850185521 ], [ -76.69410680930919, 41.648911166065645 ], [ -76.694865894416026, 41.648918136493215 ], [ -76.695778653205082, 41.648812624474601 ], [ -76.696995040806485, 41.648709887518613 ], [ -76.698132740831156, 41.648777244401067 ], [ -76.700023048410969, 41.649250069154228 ], [ -76.701155219770584, 41.649659004747711 ], [ -76.702060597296295, 41.650008917939914 ], [ -76.702741018741108, 41.650185949727764 ], [ -76.703425134228553, 41.650135233653408 ], [ -76.703955223643547, 41.649912060891765 ], [ -76.704118457376936, 41.649515172035976 ], [ -76.704587719832489, 41.648665298532798 ], [ -76.705283775664753, 41.647874424855004 ], [ -76.706360268597706, 41.647030054567338 ], [ -76.708048560150189, 41.64590651310516 ], [ -76.709970915753658, 41.644386458433715 ], [ -76.710819577044418, 41.643539987835311 ], [ -76.712301013845661, 41.641104818535958 ], [ -76.713086166759552, 41.639939807829833 ], [ -76.713704599440831, 41.638374442596117 ], [ -76.713858027541377, 41.637511807401474 ], [ -76.71362507663423, 41.636802782956224 ], [ -76.713490944511932, 41.636461202804242 ], [ -76.713431219367365, 41.635832286378651 ], [ -76.713441706605536, 41.635177823223934 ], [ -76.713523662885308, 41.634419273154435 ], [ -76.713706944303965, 41.633871094798458 ], [ -76.713791263788153, 41.633374004702631 ], [ -76.713724493571576, 41.632803970563607 ], [ -76.713578184336725, 41.632460995032979 ], [ -76.713142586069281, 41.632182314359468 ], [ -76.712598012087938, 41.632053552764631 ], [ -76.712064962262133, 41.632162626647634 ], [ -76.711680945768435, 41.63244387645522 ], [ -76.711062859930365, 41.633121607947594 ], [ -76.710293887564632, 41.633741030235882 ], [ -76.709215844011709, 41.63469930846005 ], [ -76.708589563079997, 41.635238701122496 ], [ -76.707655707709648, 41.636879726756213 ], [ -76.706362690478457, 41.639145863523737 ], [ -76.705364842735136, 41.640419734445629 ], [ -76.704786956176065, 41.641036747467361 ], [ -76.704380498304559, 41.64085588658515 ], [ -76.704280459059191, 41.640566969919526 ], [ -76.70439785275309, 41.639782567030103 ], [ -76.704453910891502, 41.638473959717729 ], [ -76.704686985846095, 41.637009866381035 ], [ -76.70480394206821, 41.636251641008911 ], [ -76.704604297404003, 41.635647632593404 ], [ -76.704120951606427, 41.635279444118375 ], [ -76.703589703544182, 41.635274609622478 ], [ -76.703130662995903, 41.635498203887742 ], [ -76.702820636696913, 41.635893982137205 ], [ -76.70228292876017, 41.636287682577823 ], [ -76.701447175221205, 41.636337008640055 ], [ -76.700761359848329, 41.636501579279184 ], [ -76.70029860320787, 41.636952899265481 ], [ -76.699839539761896, 41.637176478632398 ], [ -76.698924175122201, 41.637452829190813 ], [ -76.698235565921777, 41.637788189371953 ], [ -76.697240583561495, 41.638291570794657 ], [ -76.6965463916613, 41.63896852592633 ], [ -76.696081733526128, 41.639533697948949 ], [ -76.695696677625378, 41.639871826652758 ], [ -76.695319973236508, 41.639697539642306 ], [ -76.694947915942961, 41.639238583407824 ], [ -76.694272276914461, 41.638776837379503 ], [ -76.693893721230793, 41.638716416673738 ], [ -76.693360591095924, 41.638825403975474 ], [ -76.692672869632247, 41.639103796109104 ], [ -76.692218413832109, 41.639042670978135 ], [ -76.691684342095002, 41.639208584682102 ], [ -76.691373300093161, 41.639661264259949 ], [ -76.690909524601864, 41.640169481432871 ], [ -76.690374506669059, 41.640392323142962 ], [ -76.689844151254405, 41.640330492000679 ], [ -76.689545228412413, 41.640043019011223 ], [ -76.689099175299816, 41.63946947315516 ], [ -76.688528635443021, 41.638920458196878 ], [ -76.688191258121506, 41.638789997200782 ], [ -76.687638582576412, 41.638848563651521 ], [ -76.687210588681793, 41.63906746376388 ], [ -76.68681926998697, 41.639636900456615 ], [ -76.686678362031884, 41.640463344917386 ], [ -76.686668417915115, 41.641068145217027 ], [ -76.686782016393536, 41.641896615707843 ], [ -76.686923522924573, 41.642524296188256 ], [ -76.687270935412059, 41.643143083847001 ], [ -76.687135308639185, 41.643494286301369 ], [ -76.686746443026465, 41.644060118159096 ], [ -76.686212319026637, 41.644226008310355 ], [ -76.685833735766892, 41.64416556065558 ], [ -76.685561969447363, 41.643827674701861 ], [ -76.684706456398047, 41.643471804983733 ], [ -76.684101116015498, 41.643352308787698 ], [ -76.683258239214354, 41.643246017043872 ], [ -76.682208272735593, 41.643050026926439 ], [ -76.681679788624763, 41.642874287284691 ], [ -76.680835410391168, 41.642191993139363 ], [ -76.680247633314494, 41.641804487788072 ], [ -76.679648368185866, 41.641773475207735 ], [ -76.678935840348402, 41.641569418874994 ], [ -76.678509381702924, 41.641692790723617 ], [ -76.67820548098527, 41.642103831869811 ], [ -76.677966302959561, 41.642498059433073 ], [ -76.677806009494844, 41.64300905307487 ], [ -76.678027109419318, 41.64340971610946 ], [ -76.678401893715105, 41.643697925484567 ], [ -76.678936626129783, 41.644084503494092 ], [ -76.679684692903805, 41.644165419529699 ], [ -76.680135392267573, 41.644454327916463 ], [ -76.68020376204322, 41.644910507991042 ], [ -76.67997699562379, 41.645335811363744 ], [ -76.679969619455647, 41.645781453214752 ], [ -76.680171799850982, 41.646388226244838 ], [ -76.680674212799261, 41.646806773702316 ], [ -76.681231595551324, 41.647026958883544 ], [ -76.681683262702251, 41.647258928017841 ], [ -76.682133054716729, 41.64760476219967 ], [ -76.682125531559393, 41.648060238309505 ], [ -76.681964315784029, 41.648628168510953 ] ] ], [ [ [ -77.070216084729012, 41.515605762124757 ], [ -77.070790603580349, 41.51550138099816 ], [ -77.071227988261597, 41.514803623597736 ], [ -77.072528241636931, 41.513841522996699 ], [ -77.073893362658637, 41.513526235212183 ], [ -77.074822862343922, 41.513747208613474 ], [ -77.075820698723305, 41.514291796726859 ], [ -77.076466879955746, 41.514187805910126 ], [ -77.076614157992537, 41.513811558892719 ], [ -77.076261376486784, 41.513270745186389 ], [ -77.075763557650205, 41.512890731048877 ], [ -77.075479673261739, 41.512619658842375 ], [ -77.075195789001967, 41.512348657933913 ], [ -77.074983030003679, 41.512131883286131 ], [ -77.074340790885572, 41.511858781954885 ], [ -77.074052989926798, 41.511964861327428 ], [ -77.073692384689835, 41.512178207521686 ], [ -77.073258411773082, 41.512552770135699 ], [ -77.072538920853802, 41.51281795977205 ], [ -77.071679950167237, 41.51270514874421 ], [ -77.071611128387829, 41.512435401727849 ], [ -77.071613379463784, 41.512219885998448 ], [ -77.071694018187515, 41.511358381256358 ], [ -77.071845817929727, 41.510551177501192 ], [ -77.071719900472303, 41.508880291841763 ], [ -77.071879005591981, 41.507372729091927 ], [ -77.07139026239706, 41.506130769334355 ], [ -77.070472716318662, 41.504778518016792 ], [ -77.068976841647256, 41.50390771929419 ], [ -77.067837057570713, 41.503254468433141 ], [ -77.067343892797894, 41.502443454308548 ], [ -77.066146744245728, 41.500083542440471 ], [ -77.065528112899088, 41.498007899213079 ], [ -77.064960969150874, 41.497391060062732 ], [ -77.06410560294718, 41.497005903995486 ], [ -77.062437823957666, 41.496957971618741 ], [ -77.060943695782257, 41.497319581678511 ], [ -77.058838617944062, 41.497886658936437 ], [ -77.057022070360105, 41.498618167961858 ], [ -77.056198589298816, 41.498935025083028 ], [ -77.055135364490766, 41.499080658091238 ], [ -77.054176493830155, 41.498922850273068 ], [ -77.053372132768644, 41.498499914832159 ], [ -77.052816466961715, 41.498458551458782 ], [ -77.052410829072414, 41.498570123030404 ], [ -77.052202097666225, 41.499176980258476 ], [ -77.052478143342952, 41.500084593808062 ], [ -77.053026335884581, 41.501011012926654 ], [ -77.053586313879009, 41.502253480120714 ], [ -77.05357822988222, 41.503007644806061 ], [ -77.053141359754392, 41.503651526708829 ], [ -77.052845470354839, 41.504511717356174 ], [ -77.053263858007227, 41.505591752003888 ], [ -77.053686925428082, 41.506240825449574 ], [ -77.054040636197698, 41.506673947826087 ], [ -77.053963766186115, 41.5071583556823 ], [ -77.053530868593938, 41.507425085339115 ], [ -77.053237276209416, 41.508069831203869 ], [ -77.053581751103835, 41.509364877647812 ], [ -77.054501892955145, 41.510447935285846 ], [ -77.056217363861776, 41.510889252121025 ], [ -77.058367440000097, 41.510902161169916 ], [ -77.061310428383706, 41.510488776008579 ], [ -77.062602186527144, 41.510334831514243 ], [ -77.063530464881836, 41.510663582448124 ], [ -77.063814290424844, 41.51093468305988 ], [ -77.064306904487523, 41.511799588719214 ], [ -77.064868325770874, 41.512934315072947 ], [ -77.06557483619487, 41.513908250429786 ], [ -77.066641965879327, 41.514668788414234 ], [ -77.068213132662123, 41.51521683792204 ], [ -77.068786519291635, 41.515220223919222 ], [ -77.069432155275635, 41.515170151243531 ], [ -77.070216084729012, 41.515605762124757 ] ] ], [ [ [ -76.794925483619522, 41.373495051733713 ], [ -76.794539445484219, 41.374116466907637 ], [ -76.79379920315192, 41.375234184456197 ], [ -76.793763354647893, 41.375559009819639 ], [ -76.793631720485976, 41.375830656455619 ], [ -76.793150279053279, 41.376185374954964 ], [ -76.792881055140853, 41.376501997926184 ], [ -76.792717649798547, 41.376819499748166 ], [ -76.792871738916219, 41.376949659596576 ], [ -76.793085099517057, 41.377021840388032 ], [ -76.794192130105699, 41.377310035293583 ], [ -76.795090444447212, 41.377397200287987 ], [ -76.795726537518163, 41.377322757737019 ], [ -76.795936737743546, 41.377174811671175 ], [ -76.796437039730975, 41.376636851599073 ], [ -76.796637658281227, 41.376533153308628 ], [ -76.797327233186166, 41.376419286713308 ], [ -76.797966220905167, 41.376145567676701 ], [ -76.799620345694592, 41.37520264792316 ], [ -76.799623457302829, 41.375196096440305 ], [ -76.800101167142543, 41.374971980352377 ], [ -76.801057541863926, 41.374669782290347 ], [ -76.801655890961925, 41.373981194470801 ], [ -76.802128061069908, 41.373593310400125 ], [ -76.803033223951275, 41.373429917647293 ], [ -76.803987035588918, 41.373469010731434 ], [ -76.804936775675571, 41.373789367556476 ], [ -76.806161655568474, 41.373994654805387 ], [ -76.807085264261133, 41.374176641514325 ], [ -76.807494639405775, 41.374335032078832 ], [ -76.807930861086462, 41.374416121384456 ], [ -76.808522556785121, 41.374420958601711 ], [ -76.809039031949794, 41.374289518140948 ], [ -76.809502656494914, 41.374254545746993 ], [ -76.809950768205482, 41.374267981546325 ], [ -76.810574473973347, 41.374179303202581 ], [ -76.811118791529438, 41.373839924035806 ], [ -76.81170773927883, 41.373282114077419 ], [ -76.812004902418266, 41.372815693932253 ], [ -76.812385041013883, 41.37234994982979 ], [ -76.813057836817777, 41.37173030273982 ], [ -76.813986273218859, 41.370643889971952 ], [ -76.814404736491568, 41.370397241225405 ], [ -76.815112715888446, 41.370215453044025 ], [ -76.815614595459238, 41.369938220890482 ], [ -76.816050869921156, 41.369743798953607 ], [ -76.816669636299295, 41.36965191230788 ], [ -76.817494191477849, 41.369561690551251 ], [ -76.817854605694208, 41.369545227298538 ], [ -76.818087504850752, 41.369450210698695 ], [ -76.818220272508597, 41.369160581558695 ], [ -76.81814614361771, 41.368946800853159 ], [ -76.817942012113733, 41.368828868971086 ], [ -76.817581878747419, 41.368825953679774 ], [ -76.816652776172518, 41.36903161112982 ], [ -76.815957676039503, 41.369064738023489 ], [ -76.814980447522586, 41.369037429198777 ], [ -76.814287569435081, 41.368915521912569 ], [ -76.813442713526626, 41.368627643968267 ], [ -76.812777234491648, 41.368389668787465 ], [ -76.812238850785661, 41.368259316391658 ], [ -76.811364388308078, 41.36824250425672 ], [ -76.809668869087389, 41.368073632955031 ], [ -76.808563878810688, 41.367987088243169 ], [ -76.807613791463126, 41.367863037638337 ], [ -76.806767856627317, 41.36767819535298 ], [ -76.805637578053975, 41.367536770515457 ], [ -76.805123676322424, 41.367493796906516 ], [ -76.804791238181039, 41.367355408043103 ], [ -76.804870351317447, 41.366912496981946 ], [ -76.805422890724117, 41.366372200393464 ], [ -76.806251572875084, 41.366079908471932 ], [ -76.806742586711493, 41.365840369992895 ], [ -76.807256690652309, 41.365431760567247 ], [ -76.807511462303552, 41.365027516449338 ], [ -76.807196936336993, 41.364661900401991 ], [ -76.806711856122888, 41.364405986609441 ], [ -76.805686899665361, 41.364126267293443 ], [ -76.805370095115194, 41.363916014856322 ], [ -76.805290292775936, 41.363696567396573 ], [ -76.805875128832113, 41.36342005676061 ], [ -76.806472555783998, 41.36316369629882 ], [ -76.806526798088868, 41.362970338195318 ], [ -76.80655671841896, 41.362679881160432 ], [ -76.80668588452491, 41.362642178602506 ], [ -76.807019141633361, 41.362722427550473 ], [ -76.807456402943956, 41.362726006292007 ], [ -76.808024507817535, 41.362575611737654 ], [ -76.808626999522318, 41.362473639875368 ], [ -76.810121281676871, 41.362423328440769 ], [ -76.810910354736507, 41.36236725233767 ], [ -76.811575876792304, 41.362247652355713 ], [ -76.811910430368115, 41.362062839640188 ], [ -76.811830159079591, 41.361874648680846 ], [ -76.811584857178588, 41.36162260318153 ], [ -76.81089851885676, 41.36128122380034 ], [ -76.809978742355526, 41.360796850247624 ], [ -76.809318184073106, 41.360572665734779 ], [ -76.808199533254566, 41.360469756057007 ], [ -76.807158953952879, 41.360165388335169 ], [ -76.806235263356129, 41.360002783859557 ], [ -76.805257615728905, 41.360014150031944 ], [ -76.804178088455572, 41.360280528400217 ], [ -76.803427798206641, 41.360524415003752 ], [ -76.802841165234625, 41.36092592116551 ], [ -76.801835622166521, 41.361605283063867 ], [ -76.800665943498927, 41.362158259232537 ], [ -76.799122442929871, 41.362739394166674 ], [ -76.798497469813597, 41.362921769493788 ], [ -76.797833285483449, 41.36294753742731 ], [ -76.797294007975609, 41.36294307828225 ], [ -76.796835869633369, 41.363064312864701 ], [ -76.794726864739644, 41.364210320600492 ], [ -76.794468228916685, 41.364305075939676 ], [ -76.794108688833433, 41.364263333025328 ], [ -76.793545081945652, 41.364103613250805 ], [ -76.792776836050578, 41.363864670222178 ], [ -76.792291251433369, 41.363647451982132 ], [ -76.791685554338358, 41.363459167077615 ], [ -76.790649390791543, 41.363388029491858 ], [ -76.78977111021122, 41.363587712183104 ], [ -76.789461027130315, 41.363682027790638 ], [ -76.789355137675628, 41.363939852022462 ], [ -76.789558418013314, 41.364222852409775 ], [ -76.790094489602311, 41.364446112584083 ], [ -76.790920494394513, 41.36470303979727 ], [ -76.791499694249552, 41.364997479179536 ], [ -76.791618634845648, 41.365657392529648 ], [ -76.791580967650773, 41.36647104620986 ], [ -76.791801502705567, 41.366867037870009 ], [ -76.792251422847045, 41.36730836402338 ], [ -76.792329353701064, 41.36765282912615 ], [ -76.792280990053229, 41.368121265419511 ], [ -76.792193892815618, 41.368401845841255 ], [ -76.792269529708761, 41.368902571713356 ], [ -76.792214747714723, 41.36980854014606 ], [ -76.792040088643191, 41.370400950667623 ], [ -76.792075156139191, 41.37083882761344 ], [ -76.792106638449269, 41.370971608301446 ], [ -76.792279844513402, 41.371028065786653 ], [ -76.793186496231314, 41.371019344171259 ], [ -76.793903942544688, 41.371219103254489 ], [ -76.79429179842748, 41.371086659829359 ], [ -76.794804586662536, 41.371207194481208 ], [ -76.794801472422776, 41.371674122835941 ], [ -76.794961027152112, 41.372113030051679 ], [ -76.795042557477785, 41.372527016883318 ], [ -76.795086922533386, 41.373011888258226 ], [ -76.794925483619522, 41.373495051733713 ] ] ] ] } }
]
}
