{
"type": "FeatureCollection",
"name": "Coal_Fields_in_Pennsylvania_-_Anthracite",
"crs": { "type": "name", "properties": { "name": "urn:ogc:def:crs:OGC:1.3:CRS84" } },
"features": [
{ "type": "Feature", "properties": { "OBJECTID": 16, "Coal_Field": "Eastern Middle Anthracite", "Coal_Type": "Anthracite", "Status": "Final", "Feature_Source": "Map 1", "Comp_Scale": 250000, "Shape_Length": 1077906.9890087545, "Shape_Area": 2647121432.4789534 }, "geometry": { "type": "MultiPolygon", "coordinates": [ [ [ [ -75.834588075315054, 41.027135993313344 ], [ -75.835019380920002, 41.027266717153964 ], [ -75.83553222969546, 41.027398792478614 ], [ -75.836046869082651, 41.027469116880745 ], [ -75.836412017191492, 41.027536957060804 ], [ -75.836670230586591, 41.027541242340355 ], [ -75.837014456664491, 41.027392507033241 ], [ -75.837401536286507, 41.027172405250624 ], [ -75.837806670882784, 41.026798152707343 ], [ -75.83812262621754, 41.026216488979436 ], [ -75.838381239939807, 41.025736839644431 ], [ -75.838487085215704, 41.025367918309399 ], [ -75.838697481457544, 41.025144882881975 ], [ -75.838943883512457, 41.025087188211742 ], [ -75.840669041374483, 41.025141512102699 ], [ -75.841566560943534, 41.025135778879019 ], [ -75.842316377023224, 41.025065816537705 ], [ -75.843447299952132, 41.024981557114053 ], [ -75.845352983931221, 41.024904942702385 ], [ -75.846144155934553, 41.02481504460696 ], [ -75.847523536730719, 41.024600992786326 ], [ -75.848629931514992, 41.024423609516838 ], [ -75.849764388125578, 41.024215788743525 ], [ -75.851081269884375, 41.023810178086983 ], [ -75.852779973355652, 41.023364501535305 ], [ -75.854687807629318, 41.022736898922069 ], [ -75.858141658219864, 41.021769114756566 ], [ -75.85930410432141, 41.021530767725402 ], [ -75.862631998861758, 41.020684341494253 ], [ -75.864108134231401, 41.02040989450952 ], [ -75.867702124769707, 41.019763307838886 ], [ -75.869339529664032, 41.019553205749915 ], [ -75.870854917721999, 41.019330793723626 ], [ -75.872070904095693, 41.019118933258305 ], [ -75.873093863307929, 41.019001733265689 ], [ -75.87410294005727, 41.018894596334633 ], [ -75.874424097857272, 41.018908518457401 ], [ -75.874740143033392, 41.018897355421423 ], [ -75.875124857934424, 41.018802969320134 ], [ -75.875963545144387, 41.018514676494434 ], [ -75.876595512548661, 41.018487205435669 ], [ -75.877407255924737, 41.018563293686398 ], [ -75.877884456597258, 41.018722006326186 ], [ -75.878684456423528, 41.019213043741644 ], [ -75.879371808003199, 41.019576445795153 ], [ -75.879798144912897, 41.019772067578728 ], [ -75.880146449682243, 41.019790297292985 ], [ -75.880795741467566, 41.01973792346395 ], [ -75.881530180034332, 41.019611443464704 ], [ -75.882133925560737, 41.01940736104136 ], [ -75.88321249173066, 41.018858714405852 ], [ -75.88470050242988, 41.017926693093386 ], [ -75.885411819014138, 41.017441275512944 ], [ -75.886055476294786, 41.016998790107763 ], [ -75.887014919385962, 41.016548824833194 ], [ -75.887919939110375, 41.016261516117595 ], [ -75.888819639420177, 41.016162818982771 ], [ -75.88988252816992, 41.01616739030387 ], [ -75.891254668837604, 41.016397092742515 ], [ -75.892342283714527, 41.016703967634847 ], [ -75.893297444313134, 41.016996120359089 ], [ -75.893956594804322, 41.017182857600986 ], [ -75.894666967567943, 41.017320093493048 ], [ -75.895312169465726, 41.017412245334818 ], [ -75.896739628967765, 41.017447778467776 ], [ -75.897886081861273, 41.017434748828407 ], [ -75.899134087623324, 41.017354144990279 ], [ -75.900050391893231, 41.017255627196221 ], [ -75.901354177772021, 41.016962029575168 ], [ -75.902975154274088, 41.016610596024158 ], [ -75.904544378491408, 41.016327503323332 ], [ -75.905408047369605, 41.016328742859329 ], [ -75.906340231176998, 41.016255589472713 ], [ -75.907960465593717, 41.015929234489683 ], [ -75.908997333675174, 41.015675315774345 ], [ -75.910378813837355, 41.015571561326695 ], [ -75.911960215027563, 41.015445816371859 ], [ -75.913475552216738, 41.015306416652315 ], [ -75.914543499339104, 41.015128424792692 ], [ -75.91556076242378, 41.01498106920004 ], [ -75.916892762542503, 41.014863868348947 ], [ -75.917476274469379, 41.014785080827174 ], [ -75.918629479476664, 41.014526633396002 ], [ -75.920453190739025, 41.014046078632276 ], [ -75.921371511909712, 41.013871939832207 ], [ -75.922237241182415, 41.013797603460418 ], [ -75.923603105934518, 41.013655700690265 ], [ -75.924835457806211, 41.013536828441651 ], [ -75.925947431554135, 41.013567005025216 ], [ -75.92785161122795, 41.013779526674234 ], [ -75.928695881336594, 41.013880927013254 ], [ -75.929575436054137, 41.013907398081493 ], [ -75.930539732313221, 41.013872294946282 ], [ -75.931722272377172, 41.013752563721127 ], [ -75.934371127894948, 41.013460922189267 ], [ -75.935854560901845, 41.01327040326612 ], [ -75.936824018311796, 41.013046623138941 ], [ -75.937779973978138, 41.012709400641619 ], [ -75.939753610203269, 41.012205732788061 ], [ -75.940994515137689, 41.011772311887064 ], [ -75.94238894468053, 41.011190319637265 ], [ -75.943616306335144, 41.010643434009019 ], [ -75.946139605604529, 41.00946892276508 ], [ -75.947029402518666, 41.009118005375711 ], [ -75.947883932525016, 41.008842013514325 ], [ -75.948452128659042, 41.008712507867322 ], [ -75.949186331581615, 41.008585589929147 ], [ -75.949839582475448, 41.008381922218057 ], [ -75.950446108347109, 41.008064297473574 ], [ -75.950937108569306, 41.007719707031704 ], [ -75.951262612717514, 41.007353661794802 ], [ -75.951573394265196, 41.006918193419629 ], [ -75.952150800177165, 41.00644914034973 ], [ -75.95265461984124, 41.006243125902138 ], [ -75.953289187993349, 41.006114629689058 ], [ -75.954285539044946, 41.006117569057679 ], [ -75.955480412352543, 41.006148749181513 ], [ -75.956462553567789, 41.006063386252698 ], [ -75.958264406306895, 41.005758013389126 ], [ -75.960522784878137, 41.005151477798513 ], [ -75.962261086362247, 41.004738122352364 ], [ -75.96406559766902, 41.00433205628083 ], [ -75.965367513370779, 41.004088021537171 ], [ -75.967690139631216, 41.003557821124332 ], [ -75.969412435453734, 41.003118949571842 ], [ -75.973317185197644, 41.002418052910365 ], [ -75.975218635360008, 41.002107658423519 ], [ -75.979643907913442, 41.001188108138223 ], [ -75.982199219718098, 41.00064231367373 ], [ -75.98303454922484, 41.000453827943765 ], [ -75.983704220496122, 41.000250217808372 ], [ -75.983970139569806, 41.000241708735039 ], [ -75.984467438647684, 41.000274484331143 ], [ -75.984543810913493, 41.000287277728667 ], [ -75.985424598842968, 41.000343881896768 ], [ -75.986169472128267, 41.000236928838866 ], [ -75.986676041013936, 41.000092334245679 ], [ -75.98667638763574, 41.000092234897423 ], [ -75.989549113018512, 40.999477970835699 ], [ -75.993281692245432, 40.998196164615948 ], [ -75.997221164486277, 40.996855113540867 ], [ -75.999650075839469, 40.995854221428843 ], [ -76.008746634074413, 40.992245445590953 ], [ -76.010272039911129, 40.991885623774166 ], [ -76.012121156848679, 40.991971775481041 ], [ -76.015232377749456, 40.990371420878766 ], [ -76.019552921134959, 40.989632480253725 ], [ -76.021229494904176, 40.988317614538985 ], [ -76.02418929967935, 40.985273502780807 ], [ -76.026135048596672, 40.984275292410331 ], [ -76.030197898253036, 40.983474557906035 ], [ -76.032762900439621, 40.981981343661531 ], [ -76.034029499081072, 40.980575614017212 ], [ -76.037620242113221, 40.979756425763533 ], [ -76.041603100070375, 40.979428497290776 ], [ -76.044712818795929, 40.979000161917561 ], [ -76.046997734745403, 40.978555370301216 ], [ -76.049052252631569, 40.977245676623156 ], [ -76.049185883413372, 40.976960496695561 ], [ -76.051611690370066, 40.97594338868555 ], [ -76.055135177319301, 40.975267958786965 ], [ -76.057575877212926, 40.974819346407891 ], [ -76.067045937174242, 40.974925528597559 ], [ -76.067679617166675, 40.974839063654635 ], [ -76.069214052424755, 40.974095716117219 ], [ -76.070372144503708, 40.973251145425188 ], [ -76.071386971481161, 40.973074498246632 ], [ -76.072392087591496, 40.973280571433499 ], [ -76.07370149401936, 40.974182993315402 ], [ -76.074883102821161, 40.974656859568881 ], [ -76.076398094115589, 40.974678874580412 ], [ -76.07972301165286, 40.973689047428373 ], [ -76.082525603037894, 40.97208761442964 ], [ -76.084045360913123, 40.971918161409 ], [ -76.084798012178453, 40.972120476567888 ], [ -76.08528614001078, 40.972797555206597 ], [ -76.085271694401811, 40.973371652575416 ], [ -76.086371286564969, 40.973688332297037 ], [ -76.088804225377046, 40.97351835366122 ], [ -76.096959657081442, 40.972899701456235 ], [ -76.101583938622369, 40.972553272142321 ], [ -76.106021611302026, 40.971850927185301 ], [ -76.107550817097717, 40.971298425676395 ], [ -76.110317154804406, 40.970836926559606 ], [ -76.113126914225035, 40.970516308503001 ], [ -76.116659383214468, 40.970662153808028 ], [ -76.120687423549086, 40.97119777077134 ], [ -76.121438562179719, 40.972008781252107 ], [ -76.121997008294287, 40.973481534211203 ], [ -76.122629673743731, 40.974383920289711 ], [ -76.124121175884738, 40.975362158317864 ], [ -76.125252759511753, 40.975569556383867 ], [ -76.128832440934659, 40.973801329444782 ], [ -76.131783034949606, 40.971928438313817 ], [ -76.134336036627886, 40.970815642677913 ], [ -76.13687728671168, 40.970181216586774 ], [ -76.140928759884858, 40.96975927036658 ], [ -76.143462940422793, 40.969411755711754 ], [ -76.144801229561779, 40.969469009775501 ], [ -76.145754950277919, 40.96998936015256 ], [ -76.144921147420291, 40.970653839938805 ], [ -76.144025329877479, 40.970810382442437 ], [ -76.143421109241956, 40.971134106178269 ], [ -76.14378590901967, 40.971713504083233 ], [ -76.144658033252298, 40.97220424988015 ], [ -76.149226162768315, 40.971310616378034 ], [ -76.154039740951347, 40.970707357390424 ], [ -76.161619159750572, 40.970620647985768 ], [ -76.16567969944073, 40.969815080230177 ], [ -76.169242028346616, 40.968715377902797 ], [ -76.172772403223476, 40.968559417751727 ], [ -76.174805885606176, 40.96840869352804 ], [ -76.17582266749919, 40.968135432635066 ], [ -76.175588401621511, 40.967366479739347 ], [ -76.175730586247056, 40.966698389906043 ], [ -76.178284956317569, 40.965488910369835 ], [ -76.178513535828003, 40.964693967666157 ], [ -76.179187625267815, 40.96447779113744 ], [ -76.179461996153037, 40.963782016014655 ], [ -76.179142745595612, 40.963237670552985 ], [ -76.178215559857236, 40.963094988924297 ], [ -76.176960048097357, 40.962790700403566 ], [ -76.176342539811856, 40.962207954596053 ], [ -76.17599571567176, 40.960863151359149 ], [ -76.174629978091716, 40.959887297996083 ], [ -76.173296202528803, 40.957571799717691 ], [ -76.172692460184962, 40.956414909387441 ], [ -76.172922861663224, 40.955890151917693 ], [ -76.173017657590236, 40.955153547476044 ], [ -76.17337144182855, 40.954414098420429 ], [ -76.172871135479696, 40.954215814701477 ], [ -76.170977885192443, 40.954189890038457 ], [ -76.16985107706752, 40.953791569396884 ], [ -76.169362211581969, 40.953114831189147 ], [ -76.169511278913021, 40.952159684362215 ], [ -76.170798521165182, 40.951124420344897 ], [ -76.172714487330268, 40.950193466589063 ], [ -76.173733276771756, 40.949824527903232 ], [ -76.174742945010038, 40.949838332263411 ], [ -76.176902137785774, 40.949293508865694 ], [ -76.17830860177645, 40.948546943825122 ], [ -76.179325064058645, 40.948273642898222 ], [ -76.182347209247794, 40.948601948385139 ], [ -76.186890656455475, 40.948663658868327 ], [ -76.196115033325725, 40.948309799629421 ], [ -76.205100324721215, 40.94737767868147 ], [ -76.212187874678307, 40.946610988820481 ], [ -76.214727509974068, 40.945974809338523 ], [ -76.222332881124373, 40.944640070566031 ], [ -76.223342494755542, 40.944653448419473 ], [ -76.22685632262754, 40.945561416842999 ], [ -76.228368566091973, 40.945677112820761 ], [ -76.235969279285868, 40.944532849137524 ], [ -76.239502942763309, 40.944579214034519 ], [ -76.241400794535508, 40.944913317158139 ], [ -76.243164387432174, 40.945781514687297 ], [ -76.245021039159283, 40.946182922062533 ], [ -76.246289620357757, 40.945912319974362 ], [ -76.247312303261765, 40.945351338039636 ], [ -76.248474199997588, 40.944217839940023 ], [ -76.249368467386631, 40.943750885536289 ], [ -76.250891562288388, 40.943387820975843 ], [ -76.259719359435323, 40.943179628954574 ], [ -76.266184572419178, 40.943150335246195 ], [ -76.268067901277178, 40.943035560869824 ], [ -76.270602632499774, 40.942589511994775 ], [ -76.273795463627209, 40.941726797966638 ], [ -76.274673071595316, 40.941205862887173 ], [ -76.273165095131461, 40.940899395476677 ], [ -76.26761239776468, 40.940828135150653 ], [ -76.261047991338359, 40.940839266306952 ], [ -76.254994868290495, 40.940569494037071 ], [ -76.251470045024803, 40.940140853128156 ], [ -76.248463889669992, 40.940266249248374 ], [ -76.246193371093014, 40.940017857245913 ], [ -76.244157291613078, 40.939758392172365 ], [ -76.242843340566992, 40.940332591911762 ], [ -76.24110683173879, 40.940675699604213 ], [ -76.239561957233036, 40.940832615572525 ], [ -76.237039844439636, 40.940523293369765 ], [ -76.232044947857219, 40.939503792624258 ], [ -76.229014134041279, 40.939559556307877 ], [ -76.227001662881761, 40.939245823235645 ], [ -76.226501301307664, 40.939047769362666 ], [ -76.226390529589779, 40.938376266397221 ], [ -76.226651717765066, 40.937996838214062 ], [ -76.226281960619943, 40.937609070362413 ], [ -76.224758426294116, 40.937649947311613 ], [ -76.221987139633441, 40.937743654946303 ], [ -76.220984262664842, 40.937443196008893 ], [ -76.220611110894765, 40.936605268322005 ], [ -76.220347047323941, 40.935797764563915 ], [ -76.220025627663915, 40.935228916570054 ], [ -76.220164784015296, 40.934508947167366 ], [ -76.220556889288432, 40.934087326605486 ], [ -76.220322213793381, 40.933318452903407 ], [ -76.2190559887907, 40.933493082202418 ], [ -76.217526321245543, 40.934142795210811 ], [ -76.216009927777179, 40.934218344251242 ], [ -76.214477995200937, 40.934963705889324 ], [ -76.211451833911383, 40.93482763245423 ], [ -76.2109426562061, 40.935012275170315 ], [ -76.21067424197976, 40.935347393374172 ], [ -76.210927083394054, 40.935682106197326 ], [ -76.211994346012204, 40.93632981270715 ], [ -76.212666996453152, 40.936853963703399 ], [ -76.213027782306241, 40.937624533865964 ], [ -76.212128907472604, 40.938282582722806 ], [ -76.210860344822933, 40.938552809170048 ], [ -76.20876727344438, 40.938323502921961 ], [ -76.207327045911683, 40.938505573427989 ], [ -76.206412956628085, 40.939256793459499 ], [ -76.205389555581903, 40.94039402003385 ], [ -76.204238182072658, 40.941048622019899 ], [ -76.203224160715607, 40.9412264582677 ], [ -76.199164803049328, 40.941010455830373 ], [ -76.196650860993955, 40.941616654542202 ], [ -76.194647491260994, 40.940919600807405 ], [ -76.193640197313698, 40.940810283602062 ], [ -76.192867286543674, 40.941469881042238 ], [ -76.191600843563236, 40.941644203675018 ], [ -76.190091025427094, 40.941432340535933 ], [ -76.188569931751758, 40.941698902562983 ], [ -76.187673024056764, 40.94226106584059 ], [ -76.186027968790086, 40.942430193218911 ], [ -76.183510859539098, 40.942108851783935 ], [ -76.179472642289383, 40.942053896806549 ], [ -76.175934660843282, 40.942197071993824 ], [ -76.161282432028273, 40.942570350229246 ], [ -76.155968472346288, 40.943071292388943 ], [ -76.150402049678291, 40.94356848715671 ], [ -76.145840481689035, 40.94427084026767 ], [ -76.142788545671934, 40.945185511393838 ], [ -76.138708304102622, 40.946851479548606 ], [ -76.135663158426013, 40.94747889727018 ], [ -76.134146403728337, 40.947553361485433 ], [ -76.131631728170035, 40.947135202784501 ], [ -76.12911005733848, 40.947004046286331 ], [ -76.126074210047719, 40.947248466232011 ], [ -76.121509811522969, 40.948045529912875 ], [ -76.117978521522545, 40.947899860898389 ], [ -76.116457024209225, 40.948165460411602 ], [ -76.114542725930377, 40.948999779343893 ], [ -76.109399761480162, 40.952755420796514 ], [ -76.108878316061208, 40.953418025308473 ], [ -76.109228489887684, 40.954571631538371 ], [ -76.108707030865787, 40.95523423507791 ], [ -76.108071209379005, 40.95541661453931 ], [ -76.106942400513049, 40.955113371632038 ], [ -76.10491108438157, 40.95556298457268 ], [ -76.10437054178449, 40.956991041299666 ], [ -76.103984749842496, 40.957272686334498 ], [ -76.10082929842072, 40.957227572673624 ], [ -76.097895242568583, 40.95842988417418 ], [ -76.095839854928045, 40.959836172233317 ], [ -76.095203958832428, 40.960018478060412 ], [ -76.093191578390346, 40.959702410088894 ], [ -76.091524319440595, 40.960731326982319 ], [ -76.088864013935165, 40.961075881015041 ], [ -76.085834630433638, 40.961032173054228 ], [ -76.082285892591102, 40.96155517863 ], [ -76.080268708672037, 40.961430249474517 ], [ -76.079499287796494, 40.961897688262823 ], [ -76.078739518677239, 40.961982390240308 ], [ -76.077232069069169, 40.96167336374176 ], [ -76.076217430692253, 40.961850066258961 ], [ -76.074807161506342, 40.962691035822075 ], [ -76.073661429184384, 40.963057245013538 ], [ -76.071634515796077, 40.963314895398099 ], [ -76.068073402558852, 40.964315869108447 ], [ -76.066558652844179, 40.964293749417507 ], [ -76.065556124955862, 40.963991946768623 ], [ -76.065187182199679, 40.963603682131605 ], [ -76.065199359984135, 40.963125271621699 ], [ -76.06584266677919, 40.962656086095727 ], [ -76.067857420510933, 40.962876949922538 ], [ -76.07395507206202, 40.961434313057261 ], [ -76.07650616818529, 40.960418491860878 ], [ -76.078811995259883, 40.959111902599858 ], [ -76.079819341245297, 40.959222224114292 ], [ -76.080814627193419, 40.959810953873976 ], [ -76.081834045585026, 40.959442842616703 ], [ -76.082736873864107, 40.958690164714618 ], [ -76.08615923648513, 40.958165318802052 ], [ -76.089993794873067, 40.956306256383897 ], [ -76.094056631524253, 40.955407526596304 ], [ -76.094568666622138, 40.955127727234895 ], [ -76.094704451573364, 40.954746805344058 ], [ -76.093080448284539, 40.9540534408357 ], [ -76.091471221372245, 40.953739865198457 ], [ -76.090353873238797, 40.95318779009839 ], [ -76.089113998830129, 40.953153985716853 ], [ -76.086185512340649, 40.95307408723712 ], [ -76.086875072158946, 40.952360455225737 ], [ -76.089140103119661, 40.950072275379668 ], [ -76.090614593225453, 40.94986574077155 ], [ -76.092599361227755, 40.950222904727319 ], [ -76.094823440559466, 40.950254867393888 ], [ -76.095033839195381, 40.949929286131763 ], [ -76.094214579708449, 40.94909239080426 ], [ -76.09356104617828, 40.948395400165062 ], [ -76.093549474469924, 40.948383058130055 ], [ -76.087393286877102, 40.94861600686216 ], [ -76.08824093346955, 40.945656274310686 ], [ -76.093491539072033, 40.942668871702445 ], [ -76.09670122986617, 40.940513434564103 ], [ -76.097848839041973, 40.94005129784157 ], [ -76.101270137426766, 40.939525979057812 ], [ -76.109872036835824, 40.938787236524327 ], [ -76.11998325003168, 40.938260642717985 ], [ -76.123011653031398, 40.938303431443316 ], [ -76.124530553643609, 40.938133424255582 ], [ -76.129103606059459, 40.936953480406977 ], [ -76.137697943731126, 40.936499705998855 ], [ -76.143273135907549, 40.935620366681725 ], [ -76.150880909319099, 40.934194658888984 ], [ -76.152408889392603, 40.933641530904175 ], [ -76.152560453695614, 40.932590720587385 ], [ -76.152188855763598, 40.93229841307263 ], [ -76.151184082829005, 40.932093042060878 ], [ -76.148658298832117, 40.932153699265633 ], [ -76.143085781839375, 40.932937620385069 ], [ -76.1400389859418, 40.93366085723369 ], [ -76.132952130275726, 40.934423125256714 ], [ -76.128407428555207, 40.934454996050171 ], [ -76.12484631357276, 40.935553467899886 ], [ -76.120296832910114, 40.935776388767458 ], [ -76.113707194626144, 40.936831654341887 ], [ -76.109905190124351, 40.937204243664326 ], [ -76.100163473656337, 40.938421795448441 ], [ -76.09318956495288, 40.939601542427503 ], [ -76.090939669085074, 40.939355283258365 ], [ -76.090049352601696, 40.938982048879112 ], [ -76.089558820874359, 40.938366408382322 ], [ -76.089395614369096, 40.934681915596101 ], [ -76.091099773238852, 40.932962279882588 ], [ -76.091914859448337, 40.930011362869337 ], [ -76.091429357303738, 40.929238629446601 ], [ -76.090034357392241, 40.929505704176485 ], [ -76.087829548102121, 40.931866894350712 ], [ -76.086296296431556, 40.932610521460859 ], [ -76.083770481782054, 40.932669756151938 ], [ -76.08074721663246, 40.932434575648863 ], [ -76.079982962853592, 40.932710660996925 ], [ -76.07970167525248, 40.933855205544347 ], [ -76.079692066965649, 40.934437099034255 ], [ -76.079890517113057, 40.934975963499312 ], [ -76.079913016153981, 40.935485479362455 ], [ -76.078382011712733, 40.936133314562632 ], [ -76.076860642347782, 40.93639839589374 ], [ -76.069268193399736, 40.937149396866673 ], [ -76.062578340331214, 40.937147368704323 ], [ -76.061616706940143, 40.93670081170248 ], [ -76.063505425241132, 40.935438010865859 ], [ -76.06503655274264, 40.934790376370692 ], [ -76.073936482956682, 40.932240025236247 ], [ -76.07674603358636, 40.930940787535221 ], [ -76.082859829442853, 40.928732131548848 ], [ -76.085909369894466, 40.927914730087075 ], [ -76.088956439795425, 40.927192931109239 ], [ -76.098094884328916, 40.925122723841092 ], [ -76.104150439886183, 40.925209342902285 ], [ -76.105290608929039, 40.925034179495938 ], [ -76.105804734963201, 40.92465863883892 ], [ -76.10620219452727, 40.923898556534247 ], [ -76.106211687356378, 40.923515816053758 ], [ -76.105466633782584, 40.923026595818818 ], [ -76.10194385400311, 40.922593409508636 ], [ -76.095883765457359, 40.922698048587996 ], [ -76.094386670184974, 40.922006525212758 ], [ -76.094153492721674, 40.921237426406279 ], [ -76.094415351641345, 40.920858312505423 ], [ -76.095693559043596, 40.92020663148228 ], [ -76.101767698073715, 40.919527888613402 ], [ -76.112390075332911, 40.918626368236424 ], [ -76.117459485632722, 40.917741080262836 ], [ -76.118973218294158, 40.917762506937294 ], [ -76.121482004818787, 40.918372289138809 ], [ -76.122603220423883, 40.918962437878804 ], [ -76.123341315063641, 40.919738607967126 ], [ -76.123686886213449, 40.921083551429227 ], [ -76.124189143196475, 40.921186354701383 ], [ -76.125707650737823, 40.921016322487645 ], [ -76.129389438386809, 40.920110950268096 ], [ -76.130284179299906, 40.91964492934504 ], [ -76.1303169202601, 40.918305320202883 ], [ -76.132337597116631, 40.918237974310443 ], [ -76.133844353055224, 40.918546265776051 ], [ -76.137376471877488, 40.918595730559552 ], [ -76.141420158786104, 40.918365066646373 ], [ -76.142943205662704, 40.918003431794723 ], [ -76.145599235171531, 40.917753269472648 ], [ -76.146608715795637, 40.916656839749791 ], [ -76.146476517374239, 40.916279801257041 ], [ -76.146344322752199, 40.915902765325541 ], [ -76.145998925569188, 40.915576362358202 ], [ -76.146035571736007, 40.915366355449024 ], [ -76.148579217589202, 40.914540243874505 ], [ -76.148597713511037, 40.913774744780731 ], [ -76.147354835694287, 40.91299171756949 ], [ -76.144313634885094, 40.913523716093017 ], [ -76.143804444738038, 40.913708061758108 ], [ -76.14225828847718, 40.915026581445325 ], [ -76.140996880932391, 40.915008983094936 ], [ -76.140013323969143, 40.913942338240275 ], [ -76.139265793335269, 40.91354901867836 ], [ -76.135761901195394, 40.912351377034227 ], [ -76.135021407788784, 40.911670971390564 ], [ -76.135301646401174, 40.910526264063051 ], [ -76.13510066470684, 40.908417623321427 ], [ -76.134357887735518, 40.907832900011172 ], [ -76.128306155014272, 40.907652214337283 ], [ -76.125272098663231, 40.907896654550875 ], [ -76.11919215781387, 40.908863724272841 ], [ -76.113616568079053, 40.909837631120205 ], [ -76.108547716576254, 40.910722763436361 ], [ -76.107022293661998, 40.91117962981599 ], [ -76.105508718381856, 40.911158049137022 ], [ -76.104630548388585, 40.910954080962405 ], [ -76.102514858385391, 40.909775238264807 ], [ -76.099383089980407, 40.908868971372797 ], [ -76.09889764591999, 40.908096268850784 ], [ -76.099297458182207, 40.907240523232772 ], [ -76.099813858416326, 40.906769319748349 ], [ -76.10236484363277, 40.90565717637034 ], [ -76.10439227456358, 40.905303256245929 ], [ -76.106919422235535, 40.905147860406146 ], [ -76.1129708318079, 40.905329663506194 ], [ -76.118139437028702, 40.905498654801242 ], [ -76.123560318997221, 40.905670975022637 ], [ -76.134701062517053, 40.904104650126314 ], [ -76.143052822327149, 40.903072723694677 ], [ -76.151628895504871, 40.903191935220768 ], [ -76.155664713042611, 40.9032478138082 ], [ -76.169815249434251, 40.902389703729277 ], [ -76.180468160338492, 40.900046493390406 ], [ -76.185037667436262, 40.89886424402323 ], [ -76.187690551983778, 40.898708781213145 ], [ -76.19161130204337, 40.898283239001131 ], [ -76.193385861653667, 40.897924328894597 ], [ -76.194282115642238, 40.897362103858448 ], [ -76.192908383018377, 40.896769238795017 ], [ -76.191397318817423, 40.896653101739254 ], [ -76.189875002342987, 40.897015395904809 ], [ -76.188361685330349, 40.89699490931693 ], [ -76.186348446705011, 40.896776184271495 ], [ -76.184846432314629, 40.896277204525163 ], [ -76.18287619542717, 40.894240318930649 ], [ -76.181248162018022, 40.89373958042313 ], [ -76.180642557146967, 40.892678418001069 ], [ -76.175075941236756, 40.893368279825424 ], [ -76.172680004377469, 40.893335530564961 ], [ -76.171561030573272, 40.892650178025214 ], [ -76.173252663539586, 40.890471759469058 ], [ -76.17465336111151, 40.889916582540543 ], [ -76.182232682231898, 40.889445561262967 ], [ -76.186549245065834, 40.888259805031623 ], [ -76.187571515286464, 40.887699338653434 ], [ -76.187846237457194, 40.886745857086858 ], [ -76.186837515216041, 40.886732186798312 ], [ -76.18531314688191, 40.887190115381742 ], [ -76.180246870150256, 40.888078461496015 ], [ -76.174685180288662, 40.888576935502982 ], [ -76.171131804033564, 40.889485537331595 ], [ -76.167592030848311, 40.88981989479398 ], [ -76.165256555800582, 40.890329161793474 ], [ -76.164294961830507, 40.890854571866583 ], [ -76.164261051699924, 40.890873100728186 ], [ -76.163897750998828, 40.891296903034458 ], [ -76.161711398883526, 40.891159608507905 ], [ -76.1583259769004, 40.890952127405392 ], [ -76.154794203848013, 40.890956921796572 ], [ -76.152173906016287, 40.891242239867502 ], [ -76.149052852911709, 40.891788547891259 ], [ -76.147100062990674, 40.892217013360046 ], [ -76.142023472593877, 40.893298726462262 ], [ -76.136442682964031, 40.894748520941505 ], [ -76.135344252920177, 40.894920580316729 ], [ -76.134425048380223, 40.894720268655171 ], [ -76.128638399023089, 40.894064725180982 ], [ -76.127808323956685, 40.894010807154864 ], [ -76.126741286194331, 40.894317391023044 ], [ -76.127230321293823, 40.894538671348876 ], [ -76.128284273318826, 40.894767900675888 ], [ -76.128987775455442, 40.894884990246602 ], [ -76.129238505225132, 40.895317516505145 ], [ -76.12895823700002, 40.896462211553782 ], [ -76.129063295421147, 40.897325164106327 ], [ -76.130058125094436, 40.897913462469639 ], [ -76.134607336528219, 40.897594409093237 ], [ -76.138652081926267, 40.897268127861871 ], [ -76.140163244970381, 40.897185552586841 ], [ -76.141073455346685, 40.897519859858164 ], [ -76.14014910886273, 40.897959077028695 ], [ -76.138115092856765, 40.898600697418317 ], [ -76.132538276271418, 40.899671233160809 ], [ -76.126956605192987, 40.900932866260021 ], [ -76.121977889299771, 40.901325382740687 ], [ -76.116601210299081, 40.901360943575398 ], [ -76.111075875006378, 40.900325341762546 ], [ -76.106321600283707, 40.898726155348292 ], [ -76.104315009732488, 40.898555446500218 ], [ -76.102790583150224, 40.898675763825452 ], [ -76.096692119273797, 40.900407139663685 ], [ -76.094157969202598, 40.900849368345433 ], [ -76.091180121883895, 40.90120799319017 ], [ -76.089338685209441, 40.901395884388414 ], [ -76.087581022124539, 40.901520476695708 ], [ -76.08404027855741, 40.901852244214815 ], [ -76.076434930167608, 40.903273600510786 ], [ -76.071084846701837, 40.905301628056421 ], [ -76.066479026620271, 40.907818866938527 ], [ -76.064955833342665, 40.908179487619535 ], [ -76.058926337513483, 40.907134019660639 ], [ -76.055382739874702, 40.907560579179069 ], [ -76.05335011468317, 40.9081049941259 ], [ -76.045288158537488, 40.907603194122792 ], [ -76.041232582421785, 40.908308901103517 ], [ -76.036679849208355, 40.908719923417785 ], [ -76.034145031076989, 40.909160815232774 ], [ -76.033126141356348, 40.909528518411165 ], [ -76.032094848374072, 40.910374619297187 ], [ -76.03107344925975, 40.910837985612289 ], [ -76.029550011444002, 40.911198132720799 ], [ -76.026280675140356, 40.910766423428186 ], [ -76.020194230680431, 40.91191959421127 ], [ -76.015277782892383, 40.911750000428071 ], [ -76.014654660645689, 40.911453468869965 ], [ -76.014538549346511, 40.911068848729748 ], [ -76.014924434070466, 40.910787504345549 ], [ -76.017469423411256, 40.909964316757353 ], [ -76.022433099067186, 40.908315880736865 ], [ -76.026397539662383, 40.906269420757134 ], [ -76.028709854186005, 40.904676758068184 ], [ -76.030754959022431, 40.903654372071195 ], [ -76.037871592811641, 40.90165447321202 ], [ -76.044980437999868, 40.899941171444894 ], [ -76.047527117609647, 40.899021619064932 ], [ -76.048548225220543, 40.898558099013123 ], [ -76.049964790260105, 40.897430372768412 ], [ -76.050110502362912, 40.89666677195396 ], [ -76.049875464737468, 40.895993276440649 ], [ -76.048379453203609, 40.8953011774015 ], [ -76.046871193594782, 40.89508747127968 ], [ -76.043338016251383, 40.895130946032943 ], [ -76.041075663558033, 40.894810281090564 ], [ -76.038338569877425, 40.893333903506111 ], [ -76.036073834430539, 40.893108824929165 ], [ -76.033547031917948, 40.893262674947209 ], [ -76.026411297438784, 40.896027775790948 ], [ -76.022850684000389, 40.897123113427277 ], [ -76.014238407083951, 40.898429552493276 ], [ -75.999651353709709, 40.900513895078397 ], [ -75.993315889676694, 40.901535906547075 ], [ -75.987627859182979, 40.902814627032363 ], [ -75.983178407697835, 40.904086644352731 ], [ -75.973926282378727, 40.905667551165898 ], [ -75.966550040023321, 40.907851019340519 ], [ -75.958679182767909, 40.909643464160744 ], [ -75.956151626999457, 40.909795638522716 ], [ -75.953608515458185, 40.910521818208238 ], [ -75.951864471859139, 40.910695105174682 ], [ -75.950069358835322, 40.910753824627683 ], [ -75.94961499020738, 40.910410965560438 ], [ -75.949590841353967, 40.909789188723813 ], [ -75.949729124556384, 40.909229678436347 ], [ -75.950121273098389, 40.90884029102213 ], [ -75.951313257796784, 40.908320378886948 ], [ -75.952919177988022, 40.908022437748905 ], [ -75.956465941706398, 40.907503309149725 ], [ -75.962313650291989, 40.905871126800307 ], [ -75.966652908668991, 40.904023911164586 ], [ -75.970654662836409, 40.900639845338667 ], [ -75.971646476240679, 40.899949252526611 ], [ -75.972834288043387, 40.899333382039011 ], [ -75.975464094027984, 40.898357935295856 ], [ -75.978943312458014, 40.897321497727312 ], [ -75.982151730441458, 40.896841621568271 ], [ -75.988005578124415, 40.89581032563629 ], [ -75.990100820337148, 40.89519493595806 ], [ -75.990612805286801, 40.894915587821075 ], [ -75.990754116353187, 40.894343434895504 ], [ -75.990397023129475, 40.89382312481272 ], [ -75.989649736465424, 40.893177982378276 ], [ -75.988898272098751, 40.892975083099103 ], [ -75.986973422467543, 40.892961407946885 ], [ -75.984606136484928, 40.893100950418095 ], [ -75.982071600994558, 40.893540746103213 ], [ -75.978639105611848, 40.894701818871319 ], [ -75.976467389891056, 40.895560559472699 ], [ -75.971809615952978, 40.896765912224566 ], [ -75.971011988389691, 40.89690741127756 ], [ -75.968008866647793, 40.897517106672019 ], [ -75.965121936502157, 40.898188158937153 ], [ -75.964401999475911, 40.898654130395144 ], [ -75.963828756384956, 40.899510018783332 ], [ -75.96334530689299, 40.899949823077328 ], [ -75.962748008134938, 40.900238768013082 ], [ -75.961917401778194, 40.900434636846313 ], [ -75.961403482430327, 40.900545951888766 ], [ -75.960926438446705, 40.900747292418714 ], [ -75.960563226817669, 40.901099492252584 ], [ -75.960119027443355, 40.90153989085227 ], [ -75.95955937914556, 40.901889041176972 ], [ -75.958574817178501, 40.901963221216135 ], [ -75.95779795610386, 40.901623147659272 ], [ -75.957178243545002, 40.901285513645504 ], [ -75.956593794304865, 40.901097516449553 ], [ -75.955691844284701, 40.901023859804909 ], [ -75.954470778392405, 40.901124146433418 ], [ -75.953911909430246, 40.90144346070219 ], [ -75.953813340363055, 40.901506237079865 ], [ -75.953795788066785, 40.901509693726311 ], [ -75.951545830280381, 40.902832312150458 ], [ -75.94698523143785, 40.903526891256796 ], [ -75.939829308011653, 40.906860691546754 ], [ -75.933728775279405, 40.908487747893076 ], [ -75.929903328106406, 40.909958950351999 ], [ -75.924561641141324, 40.911501764880605 ], [ -75.924175381629354, 40.9117828053434 ], [ -75.924042834017754, 40.912063980290782 ], [ -75.92441182716027, 40.912360847315512 ], [ -75.925018817173537, 40.912390750988237 ], [ -75.925804431067419, 40.912191434269857 ], [ -75.926127295806509, 40.912377142995247 ], [ -75.926158054327914, 40.912751228151635 ], [ -75.926414000013324, 40.912966803967137 ], [ -75.926725537066361, 40.913009262069622 ], [ -75.927301571594967, 40.912956094687722 ], [ -75.927796101164375, 40.913180070203374 ], [ -75.928138279931744, 40.913872172436385 ], [ -75.928704926787589, 40.914161316794925 ], [ -75.9291519499956, 40.914350074003281 ], [ -75.929559601215487, 40.914423867777245 ], [ -75.930034832261939, 40.914364001908808 ], [ -75.934112779544122, 40.912896772306119 ], [ -75.935127003611825, 40.912721293475549 ], [ -75.936130760058717, 40.912928509023708 ], [ -75.936571190313458, 40.913164399563698 ], [ -75.936616947751858, 40.913606168858209 ], [ -75.935658624349571, 40.915018052950259 ], [ -75.934281226321332, 40.915962364336792 ], [ -75.933328848227234, 40.916164463339669 ], [ -75.931973303269018, 40.916205381949467 ], [ -75.930986123552117, 40.91648477191729 ], [ -75.929186159387655, 40.91770070349844 ], [ -75.928643415453038, 40.917896335446223 ], [ -75.927914323958632, 40.918063495257783 ], [ -75.927451084265115, 40.917970909983055 ], [ -75.927039281354368, 40.91776252527044 ], [ -75.926622037747649, 40.916774750951689 ], [ -75.926077577087895, 40.916024426301348 ], [ -75.925539164775714, 40.915854769336029 ], [ -75.924945048776408, 40.915910802804284 ], [ -75.923917583297197, 40.916564566549333 ], [ -75.922798935493915, 40.916994476675988 ], [ -75.921497383384732, 40.917387693429148 ], [ -75.916004454748929, 40.918534428883049 ], [ -75.911291353906094, 40.91855603553504 ], [ -75.902970606421434, 40.920065499263423 ], [ -75.899814377416135, 40.92115787984973 ], [ -75.897781099319971, 40.923460227517346 ], [ -75.895993263019875, 40.923624734846008 ], [ -75.894183802981573, 40.92456173417839 ], [ -75.891697099211711, 40.926936930509946 ], [ -75.889398724722028, 40.928073404483662 ], [ -75.888719228511164, 40.928237742906141 ], [ -75.888608300685135, 40.927987000133733 ], [ -75.888364796729533, 40.927436579929712 ], [ -75.888112085359595, 40.927526213743107 ], [ -75.877826313858179, 40.93096346633132 ], [ -75.871781646486951, 40.932990607816265 ], [ -75.867982627202906, 40.935076770072001 ], [ -75.868356424972689, 40.935087165310023 ], [ -75.868860632575021, 40.93510118507119 ], [ -75.862030460236426, 40.938578530754135 ], [ -75.859538554656822, 40.939583565638891 ], [ -75.859482164720461, 40.939246620644951 ], [ -75.859309612069424, 40.938215551953846 ], [ -75.859322057095, 40.938037212641994 ], [ -75.858106420226136, 40.938010123033784 ], [ -75.856949382194429, 40.938271338208502 ], [ -75.855952930361042, 40.938659711288828 ], [ -75.855326694320695, 40.939023022615551 ], [ -75.854946338678857, 40.939360350402666 ], [ -75.854647700149485, 40.939114095982028 ], [ -75.85396871245797, 40.938554199322297 ], [ -75.853719140037342, 40.938648160393825 ], [ -75.853013963359658, 40.939125969212817 ], [ -75.852515647256141, 40.939692880145685 ], [ -75.851876018254117, 40.940522944988849 ], [ -75.851550003970473, 40.941213120895441 ], [ -75.851708801672501, 40.941236895474766 ], [ -75.852268272395634, 40.941289356951955 ], [ -75.85245632495517, 40.941306990874317 ], [ -75.850596714698568, 40.942183061887704 ], [ -75.849133561586001, 40.943092947584312 ], [ -75.847398983646073, 40.944159324206588 ], [ -75.847755714458174, 40.944142219669992 ], [ -75.848095495881282, 40.944125924985656 ], [ -75.847246559836236, 40.944462817019662 ], [ -75.845957311658879, 40.945033068451465 ], [ -75.843178905790154, 40.945983427460682 ], [ -75.840485198579202, 40.946841722228676 ], [ -75.835974761629785, 40.948043418269869 ], [ -75.83266793561566, 40.948797955181732 ], [ -75.830393438009111, 40.949351651206975 ], [ -75.829389690892498, 40.949436163407661 ], [ -75.828681526708124, 40.95020440006617 ], [ -75.82823425138352, 40.950798858375038 ], [ -75.827623183540098, 40.951610988987738 ], [ -75.824725656824569, 40.952214802967298 ], [ -75.822238510844883, 40.95301384805159 ], [ -75.819253317303804, 40.953991299779247 ], [ -75.818082253033765, 40.954718875706071 ], [ -75.817119122555354, 40.955356524904055 ], [ -75.816492571201039, 40.955609445447031 ], [ -75.815492261652423, 40.955861513692703 ], [ -75.813847647593647, 40.956317828328075 ], [ -75.808758193094576, 40.958239514555096 ], [ -75.807717741153112, 40.959274861464422 ], [ -75.803078888141627, 40.962450956057346 ], [ -75.801519373547634, 40.963956055449245 ], [ -75.801508117990096, 40.964338724108323 ], [ -75.802136360496263, 40.964445049773865 ], [ -75.80979033742905, 40.961798325913549 ], [ -75.813859728446502, 40.960813842115442 ], [ -75.823974633949746, 40.9560060018336 ], [ -75.831092104478316, 40.953541219868221 ], [ -75.841207058228008, 40.949496659215974 ], [ -75.845286267554073, 40.948128353150913 ], [ -75.852401893330708, 40.946522740814572 ], [ -75.859028853356534, 40.944334383083529 ], [ -75.868689003962089, 40.942003709672321 ], [ -75.872769930089262, 40.940538731766054 ], [ -75.883424959812601, 40.938701576716291 ], [ -75.885207473030448, 40.938156105415807 ], [ -75.889754897242057, 40.938038084584427 ], [ -75.892264854660723, 40.938557106392601 ], [ -75.894611189392222, 40.940413468834542 ], [ -75.895497091496864, 40.941929142557029 ], [ -75.897893096517976, 40.941350299514262 ], [ -75.899007072864947, 40.941099150444209 ], [ -75.89991572894543, 40.940894282555149 ], [ -75.897946726476377, 40.942245724348837 ], [ -75.895003097369795, 40.944269690416462 ], [ -75.8928847787124, 40.945951039309818 ], [ -75.892512722714613, 40.946689125757295 ], [ -75.89256288430289, 40.948009398744603 ], [ -75.892861237603782, 40.948905177217384 ], [ -75.894427123995158, 40.950216784395501 ], [ -75.894469676693845, 40.950252426211364 ], [ -75.894411356782484, 40.950278353723448 ], [ -75.88653537590352, 40.953779250842018 ], [ -75.881156827583979, 40.956467997295292 ], [ -75.876430532376915, 40.958401359415554 ], [ -75.869297851970458, 40.96058246190929 ], [ -75.867761594674576, 40.961323128852968 ], [ -75.866208977057696, 40.962637799858285 ], [ -75.862024870962031, 40.963239399680219 ], [ -75.857945046303371, 40.964608280617334 ], [ -75.852951387218837, 40.96701485651905 ], [ -75.846011745724809, 40.971207689866887 ], [ -75.841395866156248, 40.973619990354123 ], [ -75.834490802094209, 40.976568393859161 ], [ -75.830541407812646, 40.977747025649577 ], [ -75.82503804713771, 40.98023959917392 ], [ -75.820830211733636, 40.98160501034311 ], [ -75.818810286709876, 40.981571204717781 ], [ -75.813726909366395, 40.982634544923002 ], [ -75.806687864474128, 40.985770437728931 ], [ -75.796903380554284, 40.988642388367516 ], [ -75.794867070552186, 40.990874574141955 ], [ -75.794578922546577, 40.991196329673379 ], [ -75.791798692789229, 40.991157343343815 ], [ -75.789103551217949, 40.991187406744899 ], [ -75.787547180886421, 40.991635797689099 ], [ -75.786317530553717, 40.992575523079466 ], [ -75.786098141574087, 40.994156098523653 ], [ -75.785827710002238, 40.994960932425059 ], [ -75.78541696227839, 40.995338071341337 ], [ -75.783186629125467, 40.996721591170839 ], [ -75.782342068088042, 40.997485489508719 ], [ -75.781880222468473, 40.997956769476261 ], [ -75.781577779101681, 40.998313016629638 ], [ -75.781012754327293, 40.998985428179182 ], [ -75.780661622141821, 40.999653062161407 ], [ -75.780545528676328, 41.000092314569152 ], [ -75.780566869790434, 41.000391183541737 ], [ -75.780750483418544, 41.000802361367441 ], [ -75.781286612146431, 41.000885705892479 ], [ -75.781922826378462, 41.000896566530457 ], [ -75.783600000107043, 41.000480043557829 ], [ -75.784337611745613, 41.000092559535886 ], [ -75.785048949641023, 40.999585671121743 ], [ -75.785377051919667, 40.999483519226793 ], [ -75.785777934690771, 40.999439043427827 ], [ -75.786076217732202, 40.999428731498092 ], [ -75.786514670354919, 40.999487504263335 ], [ -75.786870982964956, 40.999575659879262 ], [ -75.787023471818841, 40.999685997837609 ], [ -75.786672334072449, 41.000092712334734 ], [ -75.786225224361175, 41.000629521289824 ], [ -75.786190834014178, 41.000679464056027 ], [ -75.786275155088163, 41.001082053112746 ], [ -75.786414267966322, 41.001344084711 ], [ -75.786799188261867, 41.001573207301057 ], [ -75.78792371418308, 41.001629441957199 ], [ -75.788707861167964, 41.001605688694561 ], [ -75.789544240663503, 41.001471533551637 ], [ -75.790212589613773, 41.001441707376415 ], [ -75.790914565261758, 41.001494822904149 ], [ -75.791524645010412, 41.001906999026666 ], [ -75.791773538572528, 41.002251307699353 ], [ -75.791864348522964, 41.002706206478329 ], [ -75.792284438684831, 41.002956227837899 ], [ -75.79331086647818, 41.002941266245529 ], [ -75.794364608989156, 41.002752945385893 ], [ -75.795481682232122, 41.002443454176209 ], [ -75.796214407318857, 41.002044861069812 ], [ -75.796454472159155, 41.00185584514611 ], [ -75.796479640146885, 41.001694081146162 ], [ -75.796435987591465, 41.001446195216595 ], [ -75.796156293785756, 41.000560996850659 ], [ -75.796161081882047, 41.000398887374459 ], [ -75.796205488934646, 41.000276066226149 ], [ -75.796361789038414, 41.000092840248513 ], [ -75.799074609513383, 40.999712766985418 ], [ -75.800098931675777, 40.999251521970237 ], [ -75.800242125547754, 40.998679658972861 ], [ -75.799633303364701, 40.997903651481082 ], [ -75.799902769839818, 40.997333924191864 ], [ -75.799293964008129, 40.996557913791655 ], [ -75.799681241426256, 40.996277322323245 ], [ -75.80054699662513, 40.996150518962629 ], [ -75.80169436152913, 40.996311352398429 ], [ -75.802818330730148, 40.997000335541017 ], [ -75.803705058162024, 40.996919591338887 ], [ -75.811185901478169, 40.99168561146557 ], [ -75.811589914063887, 40.990830974725313 ], [ -75.810487198000416, 40.989663861752717 ], [ -75.810498412031407, 40.989281193416261 ], [ -75.8112643748414, 40.989006929568106 ], [ -75.812263215637984, 40.988659259422299 ], [ -75.813800746550399, 40.988666684277845 ], [ -75.815311431358154, 40.988764204800638 ], [ -75.816314736422996, 40.989091723101808 ], [ -75.816432610647411, 40.989380842526984 ], [ -75.815383380876895, 40.990703247310215 ], [ -75.815498457270209, 40.991088034306728 ], [ -75.816749909113057, 40.991491878606581 ], [ -75.81776281402351, 40.991413138823276 ], [ -75.818930571437036, 40.991190628238542 ], [ -75.819300309545582, 40.990673175523931 ], [ -75.81953249071212, 40.990017822186232 ], [ -75.819605854672446, 40.988859716246232 ], [ -75.820493712122996, 40.988689726753016 ], [ -75.821344818882494, 40.988703963642706 ], [ -75.822829567556866, 40.988890085172173 ], [ -75.823541951837612, 40.988794452474764 ], [ -75.824176245915822, 40.98807469772612 ], [ -75.825180744480875, 40.988282896563057 ], [ -75.826440550486794, 40.989165440481401 ], [ -75.828160946367021, 40.990055460746667 ], [ -75.829601053659644, 40.990293463134137 ], [ -75.830933165105463, 40.990293055126806 ], [ -75.836080367847742, 40.989540896487043 ], [ -75.841347453749862, 40.988360162872127 ], [ -75.844915780893814, 40.987270585197486 ], [ -75.846461145314933, 40.986243240448381 ], [ -75.850548023100941, 40.984683470839087 ], [ -75.856157939060282, 40.982861429117555 ], [ -75.858851982156366, 40.98233531604297 ], [ -75.861229807163127, 40.982178881091237 ], [ -75.862607641909179, 40.982584297171208 ], [ -75.863161295587332, 40.982997340879393 ], [ -75.863208893305668, 40.983647001106213 ], [ -75.862179773278015, 40.98430016500236 ], [ -75.858631008851034, 40.984720596543561 ], [ -75.857352132662797, 40.985160400113031 ], [ -75.855609976686793, 40.986529757440159 ], [ -75.854017352434454, 40.987037715349828 ], [ -75.843584305637151, 40.989641451939406 ], [ -75.840010306605279, 40.990922320776818 ], [ -75.834932049802077, 40.99179524847618 ], [ -75.83034208558621, 40.993250367994428 ], [ -75.828063700728322, 40.993403847512717 ], [ -75.825518859858335, 40.994031407797678 ], [ -75.823260852075762, 40.993575056957518 ], [ -75.821997260718405, 40.99349401350932 ], [ -75.820462517166973, 40.994138344536736 ], [ -75.820053016944229, 40.995184349676883 ], [ -75.81902051251987, 40.995932780016261 ], [ -75.816876676862506, 40.995801147854763 ], [ -75.81537819565078, 40.995201732874136 ], [ -75.815013371229782, 40.994717040407878 ], [ -75.814437144185518, 40.994395105748879 ], [ -75.8141381098323, 40.994469905658065 ], [ -75.813879741490865, 40.994602299286591 ], [ -75.812064337477636, 40.996198946880668 ], [ -75.810781987516918, 40.996847389161786 ], [ -75.809757803345377, 40.996964515988935 ], [ -75.808506256512914, 40.996904811344173 ], [ -75.807986681396869, 40.99691114018475 ], [ -75.807641988487319, 40.996999581778638 ], [ -75.80743302465963, 40.997231678546832 ], [ -75.807346671389567, 40.997524744809986 ], [ -75.807140455320166, 40.998192778539149 ], [ -75.807266261614416, 40.999249989642173 ], [ -75.807751091693149, 41.000091949300511 ], [ -75.808283640900413, 41.000286270224777 ], [ -75.80873958095691, 41.000517347542683 ], [ -75.808900274005921, 41.000964360024916 ], [ -75.808596937453146, 41.001425553317929 ], [ -75.80841561409126, 41.001919787314925 ], [ -75.808321657178752, 41.002327126335693 ], [ -75.80881851372159, 41.00241627217784 ], [ -75.810182521758861, 41.002321349875757 ], [ -75.812195639785315, 41.002132630118467 ], [ -75.813773704097727, 41.001751095834166 ], [ -75.815211437153394, 41.001144616537559 ], [ -75.817241871668884, 41.000091879492345 ], [ -75.821639577009961, 40.998661542768836 ], [ -75.825405337532487, 40.998315895556175 ], [ -75.828107199820863, 40.99812749590388 ], [ -75.829147209685388, 40.998117185837387 ], [ -75.829715459850249, 40.998615483668367 ], [ -75.830214357785863, 40.999052958072063 ], [ -75.830738393845323, 40.999046798337545 ], [ -75.831575385647966, 40.99907310879712 ], [ -75.832545438459832, 40.999164408132579 ], [ -75.833214067441475, 40.999406661947539 ], [ -75.833668568988188, 40.999620818108873 ], [ -75.834322416225632, 41.000092166390225 ], [ -75.834299864578995, 41.000097261923557 ], [ -75.834787792217881, 41.00051746438497 ], [ -75.835432180727764, 41.000662170665301 ], [ -75.836221833920703, 41.000541273691162 ], [ -75.836976847061194, 41.000091974091475 ], [ -75.837432395952433, 40.999756038592736 ], [ -75.838467134050518, 40.999352445438838 ], [ -75.841258046008136, 40.998867198892341 ], [ -75.842924023958219, 40.998872616763627 ], [ -75.843185057617092, 40.9989433681978 ], [ -75.843355892723125, 40.999101206317128 ], [ -75.843319659462651, 40.999344200464968 ], [ -75.843108762640128, 40.99956216114083 ], [ -75.842456419284673, 40.999883545131851 ], [ -75.842394792861143, 40.999993248970924 ], [ -75.842342171310449, 41.000091416094193 ], [ -75.842949655421108, 41.000336336107317 ], [ -75.843858114502837, 41.000912003835069 ], [ -75.844490452977809, 41.001190959736768 ], [ -75.84514795381105, 41.001273238571336 ], [ -75.846625698391762, 41.000930360869916 ], [ -75.848413012824821, 41.000869237112155 ], [ -75.84918372975973, 41.000684547914808 ], [ -75.849840015925011, 41.000379999508034 ], [ -75.850671160836427, 41.00042873338208 ], [ -75.851220902829397, 41.000612989549197 ], [ -75.852133460109584, 41.001048498411059 ], [ -75.853080800011654, 41.001220367330042 ], [ -75.854953844375956, 41.00117974909184 ], [ -75.856576669271675, 41.000946337297599 ], [ -75.858487147742409, 41.000867410099062 ], [ -75.859455019874545, 41.000573075676336 ], [ -75.86015348891722, 41.000409322085069 ], [ -75.860985645448878, 41.000422957173321 ], [ -75.861811803111991, 41.00064673254019 ], [ -75.862462037453454, 41.000552255193647 ], [ -75.863529349285884, 41.000429558512415 ], [ -75.864636895574932, 41.000517751885212 ], [ -75.865511294643127, 41.000672207630267 ], [ -75.866671066310815, 41.000550990979114 ], [ -75.86750721491606, 41.000424483852839 ], [ -75.868289676128541, 41.000092762137164 ], [ -75.869188531367897, 40.999828210204853 ], [ -75.869801049619142, 40.999827407245149 ], [ -75.872170362025841, 40.999909176762252 ], [ -75.874833081172213, 40.999941714583876 ], [ -75.877661673676855, 40.9999013455217 ], [ -75.879701913491928, 40.999783377462428 ], [ -75.881461050894572, 40.999531326234717 ], [ -75.88287939275402, 40.999241358149767 ], [ -75.884718455901137, 40.99918479044856 ], [ -75.886192160094808, 40.999456812606709 ], [ -75.886249477138577, 40.999488505665745 ], [ -75.886350053363032, 40.999507152326437 ], [ -75.886614173148203, 40.999620465281978 ], [ -75.886896653547737, 40.999811964000415 ], [ -75.886953051325051, 40.99999981036062 ], [ -75.887025614054437, 41.000343701197998 ], [ -75.886974419225524, 41.000701172518497 ], [ -75.886763181838617, 41.000900275966892 ], [ -75.886268140689438, 41.000954589538431 ], [ -75.88552338458544, 41.001113910073521 ], [ -75.88469992314154, 41.001147327249626 ], [ -75.884001101339678, 41.001136022246193 ], [ -75.883398016333274, 41.001375512135255 ], [ -75.882932647793808, 41.001835324182473 ], [ -75.882583561397354, 41.002546268375532 ], [ -75.882289208943732, 41.002775174335376 ], [ -75.881834380457974, 41.002861274959933 ], [ -75.881195883112142, 41.002897663626484 ], [ -75.880780402282554, 41.003046711936506 ], [ -75.880564735354625, 41.003401512801815 ], [ -75.880511301496497, 41.003836836337669 ], [ -75.880399723866631, 41.004146591297186 ], [ -75.87991992555321, 41.004388061177949 ], [ -75.879089814805951, 41.004655003403933 ], [ -75.878172628742831, 41.005091885123228 ], [ -75.87752264559667, 41.005533098853014 ], [ -75.877046355856535, 41.005649988908964 ], [ -75.875663440307363, 41.005830035320386 ], [ -75.873850189301734, 41.005956328867271 ], [ -75.872610262012898, 41.006169820717197 ], [ -75.871409222327401, 41.006461823336117 ], [ -75.871239473476322, 41.006645994545906 ], [ -75.871192612167391, 41.006847746382348 ], [ -75.871290965516025, 41.007005131090978 ], [ -75.871492535519494, 41.007148619137546 ], [ -75.871608346003626, 41.007415333871265 ], [ -75.87130552939918, 41.007940057546854 ], [ -75.870752056553584, 41.008600899019292 ], [ -75.86986701884905, 41.009349799410927 ], [ -75.869772132173964, 41.009410008608477 ], [ -75.869416972715925, 41.009729284706658 ], [ -75.86881448907954, 41.010038005848479 ], [ -75.868014725793515, 41.01032476705403 ], [ -75.866767216017763, 41.01069790235487 ], [ -75.865715365929248, 41.011149173321805 ], [ -75.865039209158041, 41.011437932353289 ], [ -75.864230863379674, 41.012024338721766 ], [ -75.863324132289748, 41.012590388826496 ], [ -75.862068264204979, 41.01325377771775 ], [ -75.860938416358749, 41.013834894526958 ], [ -75.859810691091184, 41.014341083173399 ], [ -75.859109746844581, 41.014629401596437 ], [ -75.858262575407608, 41.014840362729068 ], [ -75.857341485682952, 41.015040736795335 ], [ -75.856073931308501, 41.015244781724384 ], [ -75.854801538355261, 41.015617375664888 ], [ -75.853256047270278, 41.016022940384758 ], [ -75.852651820786619, 41.016387762089458 ], [ -75.852269605447361, 41.016774973739494 ], [ -75.852154560429852, 41.017335225023722 ], [ -75.852192722824128, 41.017729354693017 ], [ -75.85208628167679, 41.017989936642223 ], [ -75.851859955676346, 41.018117378618683 ], [ -75.851361615596062, 41.018240339894916 ], [ -75.85054448527714, 41.018264358385039 ], [ -75.848959954560158, 41.018303826514348 ], [ -75.847746623490849, 41.018340029000711 ], [ -75.84675423619602, 41.018436081330293 ], [ -75.846615542224839, 41.018447763840008 ], [ -75.845943865014064, 41.018567882940609 ], [ -75.84479462041044, 41.018908474610463 ], [ -75.843206872246853, 41.019637336829987 ], [ -75.842484685660892, 41.019984967676706 ], [ -75.841761795312266, 41.020254716247479 ], [ -75.84008703682548, 41.020808256646177 ], [ -75.840071605712396, 41.020817939056656 ], [ -75.839977397741947, 41.020846687125285 ], [ -75.839493455008821, 41.02112697387895 ], [ -75.838925893278741, 41.021477947173274 ], [ -75.838327871066184, 41.021941673167078 ], [ -75.837865733867261, 41.022407651796094 ], [ -75.837480657652861, 41.023029355209623 ], [ -75.837330467083774, 41.023521097795985 ], [ -75.837265386307507, 41.023890694590911 ], [ -75.837322015310789, 41.024282902142147 ], [ -75.837273798706818, 41.024539516394668 ], [ -75.83706846456235, 41.024587592670066 ], [ -75.836538767141789, 41.02456850552943 ], [ -75.836048943495172, 41.024580969341073 ], [ -75.835609603776135, 41.024728122370867 ], [ -75.835179080419451, 41.025040166440469 ], [ -75.83452932481957, 41.025410345249959 ], [ -75.834087290083545, 41.025650116775871 ], [ -75.833730222738183, 41.025772890682852 ], [ -75.832988309899861, 41.026038564084253 ], [ -75.832424552893059, 41.026255712943836 ], [ -75.832090030034209, 41.026538450979153 ], [ -75.832002814194936, 41.026732634319266 ], [ -75.832012819025508, 41.02685635936588 ], [ -75.832117955517518, 41.026981665997582 ], [ -75.832400362062273, 41.027089330290337 ], [ -75.832725330050593, 41.027135920541674 ], [ -75.833051493134221, 41.027141343851795 ], [ -75.833568217064482, 41.027139638502121 ], [ -75.834167078454442, 41.027118702322561 ], [ -75.834588075315054, 41.027135993313344 ] ], [ [ -75.973465352484112, 40.935757321866028 ], [ -75.970984845142311, 40.935904961347461 ], [ -75.968762582695291, 40.93568052586587 ], [ -75.967759385732421, 40.935318075968681 ], [ -75.967051072737604, 40.934902864582071 ], [ -75.966856431240089, 40.934244156038758 ], [ -75.967106934738595, 40.933395824669532 ], [ -75.967958899104573, 40.932229585789905 ], [ -75.968916754201487, 40.931360477580156 ], [ -75.971452874325962, 40.929705843244029 ], [ -75.973296321283684, 40.928646171589541 ], [ -75.97573526378666, 40.927708778329503 ], [ -75.980573339231086, 40.926549718198324 ], [ -75.986962697580523, 40.925447023719762 ], [ -75.993108457246322, 40.923782162342022 ], [ -75.999651086712561, 40.921990703712531 ], [ -76.004570105078784, 40.920681564451364 ], [ -76.009136368882224, 40.919793436265373 ], [ -76.01420958147628, 40.918817042860525 ], [ -76.024093349878186, 40.917242522458707 ], [ -76.030677323261969, 40.916383726914177 ], [ -76.035732678449989, 40.916076140645821 ], [ -76.038267752187238, 40.915635219961835 ], [ -76.051905142558908, 40.915262598259915 ], [ -76.059490373110719, 40.914704050600989 ], [ -76.065569175302599, 40.913835845459538 ], [ -76.071155412506528, 40.912481554355729 ], [ -76.07469918788685, 40.912054512973519 ], [ -76.075831953044982, 40.912166687516837 ], [ -76.076326816063855, 40.912556746676124 ], [ -76.076695552400935, 40.912944974345656 ], [ -76.076797538594093, 40.913903641263019 ], [ -76.076407059689785, 40.914376566484826 ], [ -76.074495683703958, 40.915114550576867 ], [ -76.072310199054229, 40.916709981684157 ], [ -76.071786262301941, 40.917468103787364 ], [ -76.071504909946825, 40.918612629153913 ], [ -76.070461824576554, 40.919937496378438 ], [ -76.068431362043, 40.920386487277966 ], [ -76.063375780710942, 40.920695501980923 ], [ -76.059324456974736, 40.921210465584984 ], [ -76.052230821290564, 40.922254827775568 ], [ -76.047417517252441, 40.92294958199745 ], [ -76.044375155376741, 40.923478914862528 ], [ -76.042339494153467, 40.924118803105422 ], [ -76.035757355755024, 40.924882567593798 ], [ -76.032712345612808, 40.925507269702756 ], [ -76.027386552126956, 40.926480700219656 ], [ -76.017254165051042, 40.927860317467797 ], [ -76.012182809304605, 40.928741147938815 ], [ -76.006107084014118, 40.929415128159057 ], [ -75.999650959741686, 40.930753688348503 ], [ -75.998400177654759, 40.931082430922508 ], [ -75.993911765989921, 40.933024971753461 ], [ -75.989362516988407, 40.934513930040296 ], [ -75.984847352116873, 40.934432453452807 ], [ -75.979697563971712, 40.934545962487668 ], [ -75.976263672971783, 40.93527245881095 ], [ -75.973465352484112, 40.935757321866028 ] ], [ [ -75.962357385642562, 40.971791453011022 ], [ -75.961161556433737, 40.97208845642858 ], [ -75.950497832844448, 40.974124064484258 ], [ -75.943407490383763, 40.974778960333367 ], [ -75.939346836629952, 40.975481018762615 ], [ -75.932216850999083, 40.977570341427992 ], [ -75.928279536527668, 40.978369665722695 ], [ -75.924615738394067, 40.978407456612977 ], [ -75.921567315922303, 40.979029182612983 ], [ -75.914406257658044, 40.97969330294665 ], [ -75.907393009768768, 40.98004791746272 ], [ -75.903050512466635, 40.979196323531809 ], [ -75.90122998995416, 40.978034719501736 ], [ -75.899846721961111, 40.976200639126716 ], [ -75.898912346984744, 40.975415589874288 ], [ -75.897845841566976, 40.975081386368885 ], [ -75.89845834503349, 40.974353331802014 ], [ -75.900025676861731, 40.97407452669411 ], [ -75.907065900955516, 40.972375326798264 ], [ -75.917500027821077, 40.970828790693069 ], [ -75.919414128829146, 40.970931139575988 ], [ -75.921034530237876, 40.970884887485347 ], [ -75.923135189951111, 40.970056145469023 ], [ -75.924348237251706, 40.969788790843879 ], [ -75.925350629529731, 40.970153476708255 ], [ -75.926228519638201, 40.97029711489229 ], [ -75.927624968049869, 40.970032037261447 ], [ -75.930654522487032, 40.970079860975702 ], [ -75.93251704628554, 40.969457158835695 ], [ -75.934212626079727, 40.969274481970636 ], [ -75.936224448358303, 40.969593281314069 ], [ -75.938246765697016, 40.969529346631987 ], [ -75.939777234459854, 40.968979078162782 ], [ -75.941970176939293, 40.967290579963382 ], [ -75.943884463021377, 40.966554838299643 ], [ -75.945904077434236, 40.966586442504337 ], [ -75.950682473379345, 40.967331089819041 ], [ -75.952292763137891, 40.967276406660076 ], [ -75.953714539110791, 40.967282627982009 ], [ -75.956265020621714, 40.966365152744508 ], [ -75.958581101499078, 40.964773963577784 ], [ -75.959601238553034, 40.964406935857596 ], [ -75.961113328654406, 40.964526110157777 ], [ -75.961855164525986, 40.965111910451732 ], [ -75.961861813557675, 40.965806212653014 ], [ -75.960998558753246, 40.966783646362252 ], [ -75.961419300770544, 40.966982411261746 ], [ -75.962233725501207, 40.967244100869195 ], [ -75.963052852384394, 40.96752338201636 ], [ -75.962890465732457, 40.968860896211872 ], [ -75.963506131439445, 40.969444732498971 ], [ -75.963545708912051, 40.970377739457142 ], [ -75.96308094770437, 40.971161041272303 ], [ -75.962357385642562, 40.971791453011022 ] ] ], [ [ [ -75.860144599649402, 41.03170638100945 ], [ -75.859375234246485, 41.03187601581034 ], [ -75.858588029876913, 41.032174001169132 ], [ -75.857884193667999, 41.032526952248617 ], [ -75.856610625205093, 41.033245763084373 ], [ -75.855672970065555, 41.033852153860103 ], [ -75.85496694789623, 41.034280094594166 ], [ -75.854283681561071, 41.034654804043704 ], [ -75.853868057453667, 41.034830218002426 ], [ -75.85312294415337, 41.035139577663038 ], [ -75.851944036878223, 41.035516835675523 ], [ -75.850625749232492, 41.036063314197321 ], [ -75.849100692075851, 41.03665997161098 ], [ -75.847394698110421, 41.037392990110177 ], [ -75.845978504994605, 41.03789491660406 ], [ -75.843182055924046, 41.038877870292474 ], [ -75.842394390958304, 41.03918645583316 ], [ -75.84160857568024, 41.039430744083731 ], [ -75.84045262041775, 41.039743938683273 ], [ -75.838940360783425, 41.040136981384315 ], [ -75.835302869357392, 41.041062912888478 ], [ -75.833264095817583, 41.041543619118862 ], [ -75.831915758294912, 41.041896411155143 ], [ -75.829999953135285, 41.042529192103927 ], [ -75.828547830704494, 41.043041023378215 ], [ -75.827390507528165, 41.043396946507748 ], [ -75.826221516615107, 41.043666897757454 ], [ -75.825402082491507, 41.043846190009489 ], [ -75.824460466490649, 41.044087757473108 ], [ -75.823688061033749, 41.044353586376445 ], [ -75.822869435468448, 41.044747283647688 ], [ -75.822172043278258, 41.045110840566622 ], [ -75.821035447988834, 41.045724337867803 ], [ -75.82059010947728, 41.045942016953767 ], [ -75.820561489400632, 41.045952257166476 ], [ -75.820196497863492, 41.046085514383037 ], [ -75.819369317723329, 41.046286074428963 ], [ -75.818496848208795, 41.046582352765171 ], [ -75.817746561065803, 41.046816351658428 ], [ -75.816972528347691, 41.047135709895919 ], [ -75.816383746388382, 41.047415288942354 ], [ -75.815791020503553, 41.047587593434166 ], [ -75.815106917108182, 41.047736920511738 ], [ -75.814616403327321, 41.04780372904051 ], [ -75.81375174994335, 41.047832090092484 ], [ -75.813196914119999, 41.047919253843602 ], [ -75.812718827929089, 41.048286437835486 ], [ -75.812278794552952, 41.048804347010844 ], [ -75.811763895194915, 41.049460360602531 ], [ -75.81133894602975, 41.049946357704798 ], [ -75.810815222085921, 41.050419971076074 ], [ -75.810566410685027, 41.05069451746315 ], [ -75.810489658605263, 41.050896915760205 ], [ -75.810639693737016, 41.051092408795839 ], [ -75.810864280664177, 41.051160509611393 ], [ -75.811272881182077, 41.051231706835345 ], [ -75.811937210375689, 41.051275038984251 ], [ -75.812984663985532, 41.051292646449333 ], [ -75.813933977395294, 41.051276433678851 ], [ -75.814843339237129, 41.051173777222992 ], [ -75.815555159842688, 41.051046358511741 ], [ -75.816971224415411, 41.050566251665025 ], [ -75.819702336099496, 41.049668613494482 ], [ -75.821223876360989, 41.049211659662156 ], [ -75.823209164915582, 41.048633792204718 ], [ -75.825502793105699, 41.047921671785595 ], [ -75.828031475205449, 41.047159821372212 ], [ -75.830076065707715, 41.046486337684037 ], [ -75.831254038242392, 41.046152174397363 ], [ -75.832553860936031, 41.045766422237051 ], [ -75.833913704136606, 41.045263726431237 ], [ -75.835100888971837, 41.04485463239665 ], [ -75.835700620483721, 41.044682344257062 ], [ -75.836269248271165, 41.044606021222748 ], [ -75.836995734995142, 41.044457271397832 ], [ -75.83796040584177, 41.044151660356434 ], [ -75.839319555975436, 41.043670329610393 ], [ -75.840604205237312, 41.043316396162631 ], [ -75.841658362881375, 41.04309799937883 ], [ -75.842583587119648, 41.04293106290497 ], [ -75.844138661427422, 41.042527961929956 ], [ -75.845686332648683, 41.0421354361007 ], [ -75.847833944505638, 41.041806393746853 ], [ -75.849538786362984, 41.041609380477979 ], [ -75.850831950517815, 41.041448442799208 ], [ -75.852097726068507, 41.041254877309512 ], [ -75.852859220110531, 41.041117323025155 ], [ -75.854004684315626, 41.040675183869624 ], [ -75.855446418349189, 41.040270063210386 ], [ -75.857287789501626, 41.039753560423833 ], [ -75.858221236712055, 41.039543751413369 ], [ -75.859987817762715, 41.039165345601269 ], [ -75.861696852063972, 41.038818130783511 ], [ -75.862287856827635, 41.0386991632001 ], [ -75.862841946752198, 41.038633191058715 ], [ -75.86387072084986, 41.038306968783573 ], [ -75.865069616570253, 41.037972797048418 ], [ -75.866497381661077, 41.037556588727988 ], [ -75.869033829653034, 41.036740353759612 ], [ -75.869533426021334, 41.036598416323585 ], [ -75.870214799343898, 41.036287910275021 ], [ -75.871938322214362, 41.035717511245799 ], [ -75.875005247350728, 41.034826736048998 ], [ -75.876327810548077, 41.034334455327794 ], [ -75.877889455710289, 41.033956138770549 ], [ -75.880079811881487, 41.033624697005614 ], [ -75.881611297335184, 41.033385100166868 ], [ -75.882522508821808, 41.0332425328141 ], [ -75.885189183267613, 41.032900080388949 ], [ -75.887135189155245, 41.032637951146626 ], [ -75.890587042833033, 41.032253287695937 ], [ -75.892660830246356, 41.032255936155657 ], [ -75.901343369239783, 41.032782885470382 ], [ -75.902296953075719, 41.032848065642199 ], [ -75.903357190783836, 41.032956693209059 ], [ -75.905328978977906, 41.033095116410237 ], [ -75.906933733414959, 41.033238324911835 ], [ -75.907960462315359, 41.033361590183574 ], [ -75.908594024145827, 41.033414453310662 ], [ -75.910386630766268, 41.033400329040049 ], [ -75.911729342030299, 41.033325573052281 ], [ -75.912760836908177, 41.033277901192591 ], [ -75.914145565049225, 41.033214474263239 ], [ -75.916132680335934, 41.033310212857302 ], [ -75.917445396980213, 41.03329902842416 ], [ -75.9179246936487, 41.033317331708481 ], [ -75.919433707156173, 41.033351986878642 ], [ -75.920609806424153, 41.033178311456659 ], [ -75.921517595240871, 41.033011055302374 ], [ -75.922641397600103, 41.03268692950801 ], [ -75.924264787424491, 41.032156989855963 ], [ -75.926070931045246, 41.031651289072187 ], [ -75.926896413605448, 41.031397201655231 ], [ -75.927455363127848, 41.031085466176151 ], [ -75.92790883082516, 41.030504918327701 ], [ -75.928616475287754, 41.029917697547759 ], [ -75.929133089864877, 41.02960528387203 ], [ -75.929701409473438, 41.029464657588093 ], [ -75.930025529550093, 41.029480460606322 ], [ -75.930165107686904, 41.029536092277411 ], [ -75.930216231823692, 41.029729242697755 ], [ -75.930207405187801, 41.030049676267964 ], [ -75.930296135525467, 41.030414392313034 ], [ -75.930542674812514, 41.030685426924087 ], [ -75.930904409762235, 41.030872793050996 ], [ -75.931225007807896, 41.031016765392003 ], [ -75.931731623149716, 41.031067499191956 ], [ -75.932324928780758, 41.031044797635836 ], [ -75.933746033297851, 41.030682505794211 ], [ -75.93516536269513, 41.030384282896257 ], [ -75.936413070399027, 41.030168829618106 ], [ -75.937135072255444, 41.030084011969457 ], [ -75.939147666661881, 41.029763009074891 ], [ -75.940947205516522, 41.029492057217297 ], [ -75.942632720455364, 41.029262033298032 ], [ -75.944104899340658, 41.029092757207245 ], [ -75.945424833708827, 41.028814221293651 ], [ -75.946247878189112, 41.028645443242979 ], [ -75.946748547622974, 41.028396816548046 ], [ -75.947495697893046, 41.027906267016299 ], [ -75.948117060493473, 41.027371004774686 ], [ -75.948803112608005, 41.027050464864374 ], [ -75.949556768890176, 41.026837834693829 ], [ -75.951046474062281, 41.026540513660038 ], [ -75.952606978174146, 41.026233591616425 ], [ -75.953429392584567, 41.02608612251403 ], [ -75.954351406009437, 41.02590814076278 ], [ -75.955144154802596, 41.025813625948956 ], [ -75.955603327867891, 41.025532257084556 ], [ -75.955684582842395, 41.025138147185778 ], [ -75.955524324627675, 41.024804393028838 ], [ -75.955163420336831, 41.024585059323186 ], [ -75.954515500544176, 41.024542914453633 ], [ -75.953936652882362, 41.024555271087237 ], [ -75.95330109642569, 41.024577427060485 ], [ -75.952525661114564, 41.024554655479974 ], [ -75.952103991969082, 41.024494651368329 ], [ -75.951629976669238, 41.024284229352261 ], [ -75.951439499405382, 41.024024799043886 ], [ -75.951335391665978, 41.02370260142613 ], [ -75.95137261179039, 41.023371922151291 ], [ -75.951528377196837, 41.022984430762669 ], [ -75.951825928664746, 41.022484204399369 ], [ -75.952049255649939, 41.022080298828641 ], [ -75.952098119027838, 41.021845204965693 ], [ -75.951907314382481, 41.021574210879642 ], [ -75.951544384928113, 41.021386298172921 ], [ -75.951191813545648, 41.021337915985413 ], [ -75.950668282139034, 41.021329746943486 ], [ -75.949718805598678, 41.021368530699938 ], [ -75.949194107529948, 41.021403219375479 ], [ -75.948641983722226, 41.021405315900594 ], [ -75.948006426290391, 41.021352502773617 ], [ -75.94758427954666, 41.021260139597516 ], [ -75.947045079545092, 41.021048015281501 ], [ -75.94651529869229, 41.020750270167625 ], [ -75.945845200477763, 41.020407445386873 ], [ -75.945551284541409, 41.020284918133896 ], [ -75.94511470670848, 41.020203039777385 ], [ -75.944523368050113, 41.020086574693742 ], [ -75.943832694927949, 41.019979271907182 ], [ -75.943451253602859, 41.019951854285999 ], [ -75.943076301491942, 41.019945979062662 ], [ -75.94201276837785, 41.020015073289443 ], [ -75.941105757926138, 41.020054451241442 ], [ -75.940043984516706, 41.020059230960072 ], [ -75.938940937854667, 41.020020468879153 ], [ -75.938077547943578, 41.02001762656564 ], [ -75.936542663728744, 41.019982775422413 ], [ -75.935638885617607, 41.019904234231461 ], [ -75.934945286962929, 41.019904038061625 ], [ -75.934561200683049, 41.019973036082206 ], [ -75.933950435589551, 41.020049183747574 ], [ -75.933454921988456, 41.020052098788163 ], [ -75.932861839430927, 41.019999871311143 ], [ -75.932229551628552, 41.019829095324482 ], [ -75.931751432347596, 41.019714349471421 ], [ -75.931201980760434, 41.019619917878046 ], [ -75.931099284775399, 41.019608783721672 ], [ -75.930404572154444, 41.019617066031557 ], [ -75.929871975518239, 41.019598930861811 ], [ -75.927139750955817, 41.019609372416596 ], [ -75.924987335818258, 41.019639649184818 ], [ -75.923402655577917, 41.019614556449646 ], [ -75.922256890735994, 41.019585679198464 ], [ -75.921209575645577, 41.019579793299044 ], [ -75.920586430599684, 41.019591349474261 ], [ -75.920088549067444, 41.019679935447456 ], [ -75.919407026451481, 41.019754882681667 ], [ -75.918727285237026, 41.019765530721472 ], [ -75.917924900606707, 41.01985999129483 ], [ -75.916402344822146, 41.02014668883232 ], [ -75.915574862426809, 41.020380102289899 ], [ -75.915118819163396, 41.020490773377773 ], [ -75.914225347230555, 41.020551597161194 ], [ -75.913323308132277, 41.020665879342893 ], [ -75.912683621521282, 41.020762895235379 ], [ -75.911797138103509, 41.021081107288246 ], [ -75.91127622187291, 41.021233611043606 ], [ -75.910505902792153, 41.021446458290185 ], [ -75.909893905760683, 41.021565341038873 ], [ -75.909076146863669, 41.021702376225079 ], [ -75.908608923019088, 41.021705637334051 ], [ -75.908023726588254, 41.021878541376822 ], [ -75.907422584451979, 41.022115510983738 ], [ -75.906506266844858, 41.022486808071392 ], [ -75.905727248248894, 41.022868754078289 ], [ -75.905524457795309, 41.022959471869868 ], [ -75.905192749379381, 41.023141202206936 ], [ -75.904763177100094, 41.023316579013141 ], [ -75.904477192399298, 41.023419209215746 ], [ -75.903978963468958, 41.023518440389253 ], [ -75.90336903325327, 41.023562276331582 ], [ -75.90271605565286, 41.023626860851742 ], [ -75.902101929106223, 41.023820711839818 ], [ -75.900443471943134, 41.024405197485947 ], [ -75.899043590724574, 41.024854441803512 ], [ -75.898142540981269, 41.025183034258184 ], [ -75.897490007060938, 41.02548345075558 ], [ -75.896957743602229, 41.025785796163134 ], [ -75.896482074562599, 41.026089049335582 ], [ -75.896066911752413, 41.026253905119113 ], [ -75.895297390915417, 41.026434500762953 ], [ -75.894268195055503, 41.0265358672914 ], [ -75.893360776746093, 41.026585581742339 ], [ -75.892367253508667, 41.026676784944051 ], [ -75.890938830469651, 41.026878895600454 ], [ -75.888906900641047, 41.027146292172198 ], [ -75.887230525602476, 41.027355072903042 ], [ -75.886440952881443, 41.027492402988472 ], [ -75.884602856683898, 41.027912945503694 ], [ -75.883508433863184, 41.028066762408336 ], [ -75.882628688622674, 41.02813828238434 ], [ -75.882005766842425, 41.028138911643914 ], [ -75.881385571710069, 41.028043096688975 ], [ -75.880994515368812, 41.027854507323532 ], [ -75.880654804437327, 41.027602425687832 ], [ -75.88036735188274, 41.027254704131146 ], [ -75.880220191031739, 41.026952140562955 ], [ -75.880146812499788, 41.02654356669656 ], [ -75.880160761440962, 41.026050644278172 ], [ -75.880285483819137, 41.025645282717669 ], [ -75.880385038026077, 41.025378881293669 ], [ -75.88066206979255, 41.025093916451695 ], [ -75.880884318605936, 41.024743738523846 ], [ -75.880975278104017, 41.024530800312583 ], [ -75.881000944538897, 41.024123831804665 ], [ -75.880969711487595, 41.023726662729722 ], [ -75.880780105477967, 41.023423410545547 ], [ -75.880529054709243, 41.023290692765293 ], [ -75.880135903765435, 41.023177111165694 ], [ -75.879571750776392, 41.023103636462132 ], [ -75.878735726976728, 41.023132953685455 ], [ -75.877742543912333, 41.023213315910759 ], [ -75.876714894623277, 41.023260947269925 ], [ -75.875214155460156, 41.023268716559279 ], [ -75.874490716989072, 41.023321274365685 ], [ -75.874220662956702, 41.023359763087363 ], [ -75.874105946537938, 41.023411500659137 ], [ -75.874060457222754, 41.023517966209006 ], [ -75.874100168009846, 41.023615098563141 ], [ -75.874309670976942, 41.023714992478901 ], [ -75.874577291977005, 41.023762227959878 ], [ -75.875098388447952, 41.023856469414774 ], [ -75.875448174123235, 41.024001524287264 ], [ -75.875585413283346, 41.024153843990156 ], [ -75.875567008498606, 41.024303634359086 ], [ -75.875281585236678, 41.024384757873136 ], [ -75.874842036525976, 41.024409771527601 ], [ -75.874318503576262, 41.024401256063207 ], [ -75.873282543158453, 41.024491604792395 ], [ -75.872469165196748, 41.024555995240327 ], [ -75.871135055891585, 41.024611116247407 ], [ -75.870125248444964, 41.024681952793351 ], [ -75.869419676058669, 41.024970549850657 ], [ -75.869302086234214, 41.02524384883003 ], [ -75.869490202349638, 41.025488231867918 ], [ -75.870800332334397, 41.025987433629062 ], [ -75.872389585880256, 41.026315032354773 ], [ -75.87282882150916, 41.026510416629222 ], [ -75.873118666628187, 41.026772429943968 ], [ -75.873280856732109, 41.027043085974675 ], [ -75.873299418240364, 41.02738644729228 ], [ -75.873174954449198, 41.027781084834082 ], [ -75.872993279292444, 41.028196231348595 ], [ -75.872570131126722, 41.028639607400756 ], [ -75.87230628694671, 41.028956928745032 ], [ -75.871744669873451, 41.029290839979716 ], [ -75.870771152661419, 41.029671638279261 ], [ -75.870097231266826, 41.029971549524909 ], [ -75.869566335134024, 41.030220186095079 ], [ -75.869118205406821, 41.030545214930747 ], [ -75.868511970253508, 41.030953426614388 ], [ -75.868151787420217, 41.031172680258045 ], [ -75.867823263022473, 41.031274525008712 ], [ -75.867380614407736, 41.031406664347834 ], [ -75.866981638008184, 41.031496634552788 ], [ -75.866541733411182, 41.031532331109155 ], [ -75.86595446777126, 41.03152273493685 ], [ -75.864781157082092, 41.03146067290082 ], [ -75.862905234282209, 41.031462144148762 ], [ -75.861573207211904, 41.031504657116244 ], [ -75.860934576313952, 41.031558517833872 ], [ -75.860144599649402, 41.03170638100945 ] ] ], [ [ [ -76.196997112510331, 40.957479690404355 ], [ -76.19592487685901, 40.958532319627508 ], [ -76.194566124261712, 40.959336257447923 ], [ -76.192801796171182, 40.959519406366496 ], [ -76.191079939880311, 40.959817516118747 ], [ -76.190505503185733, 40.959939711612947 ], [ -76.189856260748471, 40.96060107595202 ], [ -76.189842553737776, 40.961182283289929 ], [ -76.191124228974175, 40.962036859766556 ], [ -76.192724420633866, 40.962677903287222 ], [ -76.192847887194731, 40.963839218853472 ], [ -76.193861114160669, 40.964240506880373 ], [ -76.196657070926889, 40.964414430637966 ], [ -76.198413035891363, 40.964143989082807 ], [ -76.199903214808131, 40.963486148804215 ], [ -76.201623984736443, 40.963200184661204 ], [ -76.203405323509074, 40.963088513565758 ], [ -76.205096296061953, 40.962736387052274 ], [ -76.206825748147594, 40.962414635370493 ], [ -76.208551962189688, 40.962090571335295 ], [ -76.210192097948934, 40.961597993830921 ], [ -76.211910503625532, 40.961279654255087 ], [ -76.213624646454718, 40.960915819525646 ], [ -76.215310631521675, 40.960517524468322 ], [ -76.21703397377803, 40.960187212573018 ], [ -76.218509803034749, 40.959725738205982 ], [ -76.220567827954795, 40.959171669535472 ], [ -76.222192059836516, 40.959186109890602 ], [ -76.223915866520116, 40.958849976727841 ], [ -76.225633205417992, 40.958504528778057 ], [ -76.227318431216389, 40.958088481226412 ], [ -76.22906370476305, 40.957857577145504 ], [ -76.230821200057562, 40.957630617986723 ], [ -76.232581478399126, 40.957401823902018 ], [ -76.234327004105225, 40.957638303906819 ], [ -76.236040801169025, 40.958017501053362 ], [ -76.237768866282565, 40.957914013111399 ], [ -76.239464784640035, 40.957532215660486 ], [ -76.241171050104668, 40.957145536053922 ], [ -76.242868231009297, 40.956777075748093 ], [ -76.244532352258517, 40.956315931725456 ], [ -76.246238099794994, 40.955927638116087 ], [ -76.24782595950002, 40.955314828200613 ], [ -76.249270472049886, 40.954576796391628 ], [ -76.24996064870399, 40.953392319891229 ], [ -76.250163137790196, 40.952042843508245 ], [ -76.249399369085467, 40.950877543561042 ], [ -76.247870854507255, 40.950400352013162 ], [ -76.246085376778609, 40.950268997520396 ], [ -76.244365080413957, 40.950497193420013 ], [ -76.242819477466767, 40.95109973926359 ], [ -76.241431411791979, 40.951949757073749 ], [ -76.239934941373761, 40.952547090316024 ], [ -76.238500816333996, 40.953331127145312 ], [ -76.236852369912171, 40.953757299438742 ], [ -76.235075447303743, 40.953903711403335 ], [ -76.23329733396308, 40.953975861477552 ], [ -76.231645206764185, 40.953494348512514 ], [ -76.229971460234665, 40.953436700806918 ], [ -76.228212106254162, 40.953650898145867 ], [ -76.226427826329228, 40.953574231856273 ], [ -76.224654813838214, 40.953500666402753 ], [ -76.223097757635088, 40.954157612599992 ], [ -76.222446430312772, 40.954620831815632 ], [ -76.221608203029902, 40.954705325638983 ], [ -76.219944117293153, 40.954284716497099 ], [ -76.218472928116469, 40.954642231062479 ], [ -76.217293869751614, 40.955494923762842 ], [ -76.215528726156293, 40.955674848865975 ], [ -76.21403966646244, 40.956293155611675 ], [ -76.212263963671148, 40.956349721845328 ], [ -76.210461329757678, 40.956336286927339 ], [ -76.208822150369102, 40.955981534447808 ], [ -76.209454863018394, 40.954801408305414 ], [ -76.210057531347289, 40.953626161453862 ], [ -76.210784541931616, 40.952378079299393 ], [ -76.210529817896145, 40.951136338208514 ], [ -76.209714796803269, 40.950724856602811 ], [ -76.208955435240966, 40.950599462036095 ], [ -76.20712216252825, 40.950459420868569 ], [ -76.205751741837773, 40.951300880760094 ], [ -76.204559207496771, 40.952306735747506 ], [ -76.203528795028518, 40.953408986230215 ], [ -76.202537667190043, 40.954531633432403 ], [ -76.201450888208342, 40.955607769427367 ], [ -76.200041941849875, 40.956397481239343 ], [ -76.198481995591763, 40.95680708466282 ], [ -76.196997112510331, 40.957479690404355 ] ] ], [ [ [ -76.249661858315491, 40.975342277085865 ], [ -76.24724331726128, 40.976172236191616 ], [ -76.240013574950666, 40.977513512147318 ], [ -76.230395486728057, 40.978344259432177 ], [ -76.226831383657981, 40.979541550745608 ], [ -76.226186808409452, 40.980107344490982 ], [ -76.226042888728941, 40.980871195368373 ], [ -76.226412875948554, 40.981258964996712 ], [ -76.228298129483377, 40.98166675630263 ], [ -76.228541862958295, 40.982052852529101 ], [ -76.227757779283166, 40.983191127783769 ], [ -76.228752558206949, 40.983874301912195 ], [ -76.233294112764398, 40.984125615812069 ], [ -76.236335719653937, 40.983687018512434 ], [ -76.240901337240018, 40.982885434540947 ], [ -76.247506813556726, 40.981248811576307 ], [ -76.254377546919812, 40.979040917729257 ], [ -76.259954991080107, 40.978155967234564 ], [ -76.263499114373133, 40.977818855330888 ], [ -76.270595827114832, 40.976761532864636 ], [ -76.275663555871731, 40.976060713055226 ], [ -76.280735440717962, 40.975168282020427 ], [ -76.283281949257983, 40.974243516563163 ], [ -76.288896715746233, 40.971634667028361 ], [ -76.293997601779679, 40.96940193047147 ], [ -76.301372737421943, 40.967101849083669 ], [ -76.30442992551491, 40.965895865206363 ], [ -76.306348709418558, 40.964771266770676 ], [ -76.306195004499514, 40.964310093781485 ], [ -76.305225048021597, 40.964182863863897 ], [ -76.303198861637142, 40.964444610973416 ], [ -76.299131748510348, 40.965637855128222 ], [ -76.293911393828679, 40.967582154680279 ], [ -76.288198420677816, 40.968945646048574 ], [ -76.282622092310163, 40.96983199004999 ], [ -76.271969759854215, 40.971801721770198 ], [ -76.268926736788032, 40.972336978323398 ], [ -76.260824715659723, 40.973189778577229 ], [ -76.255356651720518, 40.974841952101634 ], [ -76.25271776960156, 40.97505719993999 ], [ -76.251690731604555, 40.974985792115291 ], [ -76.249661858315491, 40.975342277085865 ] ] ], [ [ [ -75.873485261972945, 41.046924842749057 ], [ -75.873824144179963, 41.047098318390709 ], [ -75.873936282174569, 41.047372524136101 ], [ -75.873891325949373, 41.047641681149251 ], [ -75.873352321616281, 41.04860140480757 ], [ -75.873509976741929, 41.049055936557551 ], [ -75.873729702532032, 41.049366619546873 ], [ -75.874207928391783, 41.049419798986918 ], [ -75.875255580357305, 41.049482239795573 ], [ -75.876139897388711, 41.049550682361662 ], [ -75.876691553803667, 41.049596376273136 ], [ -75.877050549410043, 41.049624908083587 ], [ -75.877193318980545, 41.049876910126102 ], [ -75.876979023083308, 41.050032318319403 ], [ -75.876588124847018, 41.050071362645312 ], [ -75.87629390853364, 41.050134282703446 ], [ -75.875954245674436, 41.050219946665578 ], [ -75.875889154022119, 41.050400475029484 ], [ -75.876064466067049, 41.050562213788787 ], [ -75.877969653210201, 41.051194571000281 ], [ -75.878985371006266, 41.051469329599769 ], [ -75.881062230031887, 41.051959857986695 ], [ -75.881653942648143, 41.052241831628997 ], [ -75.881882155742744, 41.05265409890967 ], [ -75.881602139992893, 41.053012735641211 ], [ -75.880991791084256, 41.05338871360825 ], [ -75.878222828456728, 41.054297870714514 ], [ -75.87811927720864, 41.054941853354336 ], [ -75.879121387811594, 41.055481597318796 ], [ -75.881086837288493, 41.055571102980039 ], [ -75.882573436618813, 41.055133890215693 ], [ -75.884020287741933, 41.05439186383083 ], [ -75.885479172617892, 41.053529482994776 ], [ -75.887074352876269, 41.051977228207178 ], [ -75.888119888527726, 41.051003255276896 ], [ -75.889448890818116, 41.050290739208279 ], [ -75.890961358082635, 41.049948153246156 ], [ -75.89247381095781, 41.049605545699023 ], [ -75.893065596059984, 41.049248093673675 ], [ -75.894001716823269, 41.048712687970919 ], [ -75.89438935813655, 41.048718928905295 ], [ -75.896886307010845, 41.04784162545922 ], [ -75.898118206671057, 41.047452324851612 ], [ -75.898892482766541, 41.047176580722564 ], [ -75.899503895333268, 41.04669977850422 ], [ -75.899843945673496, 41.046090891600279 ], [ -75.899720173602617, 41.045318229686544 ], [ -75.899443851241955, 41.044800009637413 ], [ -75.899604627272168, 41.044252108769818 ], [ -75.900491145060016, 41.043752551819281 ], [ -75.903776379350887, 41.042410655296806 ], [ -75.904935324285248, 41.041913485607026 ], [ -75.905450394713114, 41.041436043049998 ], [ -75.905813054991455, 41.040645009003612 ], [ -75.905673853877062, 41.040422588264505 ], [ -75.905335734530667, 41.040380480779874 ], [ -75.905196534384345, 41.040158059431441 ], [ -75.905251132444789, 41.039938740494037 ], [ -75.905065534440453, 41.039642179398719 ], [ -75.904677943957225, 41.039635976015866 ], [ -75.903368805695422, 41.039651711720389 ], [ -75.902644128031511, 41.03956670510685 ], [ -75.90196995363263, 41.039409102523329 ], [ -75.900919658806544, 41.038780794532258 ], [ -75.899863915336184, 41.038457853668952 ], [ -75.89806929566376, 41.038502435610496 ], [ -75.895293986946982, 41.038690426180061 ], [ -75.893559547275402, 41.03857669970175 ], [ -75.892502984616115, 41.038229390359675 ], [ -75.890892539134484, 41.037521899073056 ], [ -75.890038367182783, 41.037572688523269 ], [ -75.889073564708454, 41.037807094868199 ], [ -75.888052479487726, 41.038444564760859 ], [ -75.886454121626173, 41.039889915016623 ], [ -75.885558247197835, 41.040429310432131 ], [ -75.884003743287948, 41.040550954066177 ], [ -75.881874074293833, 41.040443065257108 ], [ -75.880874517208099, 41.040584915984134 ], [ -75.880118500402389, 41.040818289797244 ], [ -75.878844434525931, 41.041394672117477 ], [ -75.87671726363422, 41.042818200367762 ], [ -75.874816630200414, 41.043823202003132 ], [ -75.874240807691322, 41.044040817890512 ], [ -75.873668208269848, 41.044144991174463 ], [ -75.872466934997334, 41.04421622684557 ], [ -75.871766673382439, 41.044378765345499 ], [ -75.871528910309465, 41.044518722900889 ], [ -75.871331275154873, 41.044694502068801 ], [ -75.8714560671947, 41.044971502698438 ], [ -75.871911464249109, 41.045285053694023 ], [ -75.872099870880703, 41.045526753019537 ], [ -75.871735095122759, 41.045702398604014 ], [ -75.871015216924604, 41.045713364489878 ], [ -75.870684922208781, 41.045730678825571 ], [ -75.870531208656814, 41.045864362657959 ], [ -75.870585978850741, 41.046046841885065 ], [ -75.87102963524373, 41.046303745709878 ], [ -75.870988745420036, 41.046643565748411 ], [ -75.870891737835393, 41.046891666274696 ], [ -75.871096998718599, 41.047053901510978 ], [ -75.871364779768243, 41.047126360746951 ], [ -75.872288136593809, 41.047034481573228 ], [ -75.873020793843864, 41.046880956780164 ], [ -75.873485261972945, 41.046924842749057 ] ] ], [ [ [ -76.043989689821302, 40.879387229915665 ], [ -76.042229479894232, 40.879596197674793 ], [ -76.040690177261922, 40.880190205775747 ], [ -76.039114905603228, 40.880652922216328 ], [ -76.037428271145103, 40.880826617245575 ], [ -76.035656702885888, 40.880972665963284 ], [ -76.034074236929456, 40.881503285948703 ], [ -76.032361642175459, 40.881634936175331 ], [ -76.030708432013256, 40.882129297355149 ], [ -76.029352797432082, 40.882963751809861 ], [ -76.027721780974503, 40.883409917952839 ], [ -76.025980047000374, 40.883694607824339 ], [ -76.024474396884926, 40.88433459748029 ], [ -76.023035471146528, 40.884991282214855 ], [ -76.021514311400736, 40.885685666298428 ], [ -76.020010541983524, 40.886282596277141 ], [ -76.018380727472405, 40.886612276080911 ], [ -76.016720746793553, 40.887081680800797 ], [ -76.015216971896081, 40.887668128372056 ], [ -76.014575507860201, 40.888053481760636 ], [ -76.014509685003162, 40.888319210660924 ], [ -76.015452067458781, 40.88860866930564 ], [ -76.01722491582278, 40.888695905714158 ], [ -76.019009327741401, 40.888746999046667 ], [ -76.020789463500719, 40.888754001614132 ], [ -76.022545910663794, 40.888545054640005 ], [ -76.024287603323842, 40.888280225127261 ], [ -76.025956951352896, 40.887917602928127 ], [ -76.027618743356356, 40.887845538194952 ], [ -76.029553512874827, 40.887716172200406 ], [ -76.031272261385809, 40.887403576780933 ], [ -76.032990466070117, 40.887067848496216 ], [ -76.034660240056922, 40.886624877121662 ], [ -76.036333915563958, 40.88618236629825 ], [ -76.038057866649254, 40.885858067610314 ], [ -76.039753935083041, 40.885447710797692 ], [ -76.041443001634534, 40.885077700565716 ], [ -76.043212531209889, 40.884909045690044 ], [ -76.044967544709365, 40.884702937111861 ], [ -76.046748222621844, 40.884631149823697 ], [ -76.048524638963599, 40.884546946033232 ], [ -76.050241570935626, 40.884212927115165 ], [ -76.051899214822939, 40.88373396919561 ], [ -76.053587824467016, 40.883311412332688 ], [ -76.055345682384157, 40.883097631406265 ], [ -76.057089686505392, 40.882847478244877 ], [ -76.058863711015562, 40.882722254549421 ], [ -76.060638003856042, 40.882603763867323 ], [ -76.062400689495774, 40.882428996051452 ], [ -76.064149409135538, 40.882171305587555 ], [ -76.065867034474536, 40.881835702416772 ], [ -76.067618299770203, 40.881597853356908 ], [ -76.069363574978368, 40.881333663876887 ], [ -76.071022953450594, 40.880862309043749 ], [ -76.072720397026544, 40.880460967185961 ], [ -76.074382317184998, 40.880000246894546 ], [ -76.07606159368936, 40.879609979251519 ], [ -76.077809357903888, 40.879323322035589 ], [ -76.079313655343768, 40.878737813769895 ], [ -76.080962125104321, 40.87823591338045 ], [ -76.082559944627207, 40.877641733967174 ], [ -76.082724799217189, 40.876377428653242 ], [ -76.081208487935697, 40.875681481999706 ], [ -76.079015192299536, 40.875705651948998 ], [ -76.077349983878804, 40.876156165839319 ], [ -76.075633394606626, 40.876461107869709 ], [ -76.073928459595564, 40.876530839496809 ], [ -76.072210042166844, 40.87683217760042 ], [ -76.07078969592429, 40.877242001543983 ], [ -76.069123284998184, 40.877508423945727 ], [ -76.06695395922668, 40.877509083359186 ], [ -76.065215588326538, 40.877783248372914 ], [ -76.063442523780338, 40.877912490146187 ], [ -76.061667916553162, 40.878031336358454 ], [ -76.059900932610915, 40.878181244445841 ], [ -76.058156823684314, 40.878421509058505 ], [ -76.056379448857015, 40.878510239648406 ], [ -76.054603821458812, 40.878615218486111 ], [ -76.0528346209924, 40.878767335136757 ], [ -76.051076946727164, 40.879278848650124 ], [ -76.049415380084056, 40.879351255657667 ], [ -76.047501049070334, 40.87932300832199 ], [ -76.045750798256066, 40.879207752407446 ], [ -76.043989689821302, 40.879387229915665 ] ] ] ] } },
{ "type": "Feature", "properties": { "OBJECTID": 24, "Coal_Field": "Northern Anthracite", "Coal_Type": "Anthracite", "Status": "Final", "Feature_Source": "Map 1", "Comp_Scale": 250000, "Shape_Length": 888345.96728038928, "Shape_Area": 6112807577.5811806 }, "geometry": { "type": "Polygon", "coordinates": [ [ [ -75.457083447185866, 41.700211878993557 ], [ -75.459027000434787, 41.70208817799346 ], [ -75.459748415500783, 41.702217140274158 ], [ -75.460187649461375, 41.702176670127535 ], [ -75.460523097600529, 41.701988903276906 ], [ -75.461065319071452, 41.701268321853497 ], [ -75.461154640574918, 41.700834324878372 ], [ -75.461185212338862, 41.699506806408763 ], [ -75.461293306259876, 41.699393466664098 ], [ -75.461447582675902, 41.69936372691658 ], [ -75.462050242473865, 41.699394953245175 ], [ -75.46267423922032, 41.699338912563661 ], [ -75.463079000677283, 41.699035271646778 ], [ -75.463265606159752, 41.698710885694915 ], [ -75.463238124859714, 41.698251006637598 ], [ -75.462715703351691, 41.697551619172756 ], [ -75.462014824158516, 41.69694710820859 ], [ -75.461719393306751, 41.695774525600498 ], [ -75.461278804309728, 41.695249494526202 ], [ -75.461277497686567, 41.694895560691847 ], [ -75.461487269848789, 41.694672779179683 ], [ -75.461995162789719, 41.694582013861137 ], [ -75.462625932035564, 41.694821515028806 ], [ -75.463463790350175, 41.694913825968598 ], [ -75.464047853646946, 41.694572392106302 ], [ -75.465219527454906, 41.693788716047095 ], [ -75.466139780789959, 41.693453949181432 ], [ -75.467168905202286, 41.692894378091076 ], [ -75.467630033217148, 41.692222660914943 ], [ -75.467669240532729, 41.691113872350158 ], [ -75.468032165471612, 41.690364551894284 ], [ -75.468942777038762, 41.689348699149832 ], [ -75.469687050232565, 41.688279107861661 ], [ -75.469538754077178, 41.686763123812163 ], [ -75.468419143533225, 41.685127006404819 ], [ -75.467519099485017, 41.682990885932497 ], [ -75.466896691830584, 41.681566357412564 ], [ -75.466566784691167, 41.681383286699599 ], [ -75.466438564407554, 41.681204219749716 ], [ -75.466581542942237, 41.680190012134688 ], [ -75.467186800218315, 41.679162395643722 ], [ -75.468212772593773, 41.678303063625656 ], [ -75.469277073641507, 41.677364513102468 ], [ -75.469565301183422, 41.676250625091519 ], [ -75.469777966171819, 41.674255552421556 ], [ -75.469554864234226, 41.672518410577197 ], [ -75.469528952382277, 41.671238351868482 ], [ -75.469549643151964, 41.670652302421132 ], [ -75.469593635759509, 41.670413259626649 ], [ -75.47030418974559, 41.670427343800291 ], [ -75.470211708722346, 41.670025652537213 ], [ -75.469883342928895, 41.669074349278155 ], [ -75.469610438669051, 41.668031112343023 ], [ -75.469654197668532, 41.667898680389847 ], [ -75.469767041696258, 41.667707627627671 ], [ -75.470211199471024, 41.667620986312109 ], [ -75.470795566532971, 41.667584757375515 ], [ -75.471786542667246, 41.667711016873817 ], [ -75.473892899569108, 41.66845702972212 ], [ -75.475922390779374, 41.669392284296165 ], [ -75.4771143853268, 41.66986901436821 ], [ -75.477971733786248, 41.669752665144934 ], [ -75.47852057113991, 41.669310331229021 ], [ -75.479372233448061, 41.667976430631448 ], [ -75.479810396341747, 41.666930893747121 ], [ -75.480222060803712, 41.665949794676671 ], [ -75.480138342879556, 41.664807021809793 ], [ -75.47964744053823, 41.664173696747 ], [ -75.479575337652122, 41.663707863643893 ], [ -75.4797098315629, 41.663405333680132 ], [ -75.480060331923568, 41.663114171069211 ], [ -75.481918749541748, 41.662480277331433 ], [ -75.483816318193902, 41.661854229488931 ], [ -75.484498929471386, 41.661562489437756 ], [ -75.484761678503901, 41.661165729697984 ], [ -75.484968402157889, 41.660788870071876 ], [ -75.484931159961405, 41.660336994902707 ], [ -75.484305749742774, 41.658997790864802 ], [ -75.484214073123454, 41.658584649987674 ], [ -75.48434528178332, 41.658374931472622 ], [ -75.484720303288739, 41.658276165677428 ], [ -75.485967670878239, 41.658149513622512 ], [ -75.486833641343267, 41.658052382079738 ], [ -75.487892528416623, 41.65775309831443 ], [ -75.48852071836653, 41.657369039394069 ], [ -75.489020876491793, 41.656950148776218 ], [ -75.489920762084267, 41.656055843192462 ], [ -75.490216970554826, 41.655916253918377 ], [ -75.490466351120432, 41.655868077010609 ], [ -75.490887901627218, 41.655955968113204 ], [ -75.491550959190462, 41.656221096810668 ], [ -75.491834311900462, 41.656213389637458 ], [ -75.491980389796396, 41.656083568381732 ], [ -75.492098979849828, 41.655727635347773 ], [ -75.492119453158438, 41.654448750866251 ], [ -75.492262473340631, 41.653669855412133 ], [ -75.493184997098965, 41.652124547249549 ], [ -75.493433570548731, 41.65145469456148 ], [ -75.493528854390149, 41.650567882763639 ], [ -75.493485877340945, 41.649956332430584 ], [ -75.493198208594862, 41.649074940067969 ], [ -75.492299595858356, 41.647451770314085 ], [ -75.492176231653275, 41.646931861434972 ], [ -75.492189197490291, 41.646560586331709 ], [ -75.492254270700073, 41.646216871149697 ], [ -75.492407732411394, 41.645874891394357 ], [ -75.492883556983415, 41.645419814591435 ], [ -75.493396355463105, 41.645009218788786 ], [ -75.49470474815331, 41.644312481101373 ], [ -75.495272502184903, 41.64387438688663 ], [ -75.495626862684759, 41.643350573062683 ], [ -75.495717912047937, 41.642768523346412 ], [ -75.495459121825675, 41.642073469056996 ], [ -75.495051064436566, 41.641601058513352 ], [ -75.494430596440566, 41.641128578064105 ], [ -75.493919106453959, 41.640583697777551 ], [ -75.493632950274034, 41.640166748596592 ], [ -75.493463961907011, 41.639433643200356 ], [ -75.493418243143196, 41.638716224131855 ], [ -75.493559092569555, 41.638228035332332 ], [ -75.493891596653199, 41.637823218901886 ], [ -75.495491549186497, 41.6364778942878 ], [ -75.495766595155473, 41.636227716423711 ], [ -75.495972297252507, 41.635865375394026 ], [ -75.496058438976192, 41.634947894483552 ], [ -75.496074443326492, 41.633260184040289 ], [ -75.496232661797023, 41.632956553663185 ], [ -75.496586298397119, 41.632694730903403 ], [ -75.497149694418155, 41.632386617265745 ], [ -75.497804585973611, 41.632169392002105 ], [ -75.498933162053177, 41.632046633154495 ], [ -75.500527812652209, 41.631953149107254 ], [ -75.501466014495534, 41.631868917603875 ], [ -75.502333975377283, 41.631699494754997 ], [ -75.503768418703274, 41.631074848311194 ], [ -75.504225151177835, 41.630730982121825 ], [ -75.504597279816366, 41.630261513343278 ], [ -75.504707344061956, 41.629653441919736 ], [ -75.504687715414121, 41.628615081361204 ], [ -75.504876729161026, 41.627702139875716 ], [ -75.505229057675493, 41.627070192985663 ], [ -75.505524964395178, 41.626599232483422 ], [ -75.505932842635133, 41.626197198641457 ], [ -75.507171176535095, 41.625484985901636 ], [ -75.507511035285901, 41.625090777652979 ], [ -75.507869309775529, 41.624675199883605 ], [ -75.508117030906192, 41.62385701582302 ], [ -75.50850139085729, 41.623315831283783 ], [ -75.509070325169418, 41.622723371868844 ], [ -75.509198922048085, 41.622177201484647 ], [ -75.509299522759164, 41.621383580617206 ], [ -75.509253034163663, 41.620614529925319 ], [ -75.509351734999271, 41.619875740066767 ], [ -75.509692176143147, 41.619018207147064 ], [ -75.510236859503479, 41.61806863009965 ], [ -75.510638243483825, 41.61703395924475 ], [ -75.510753044806719, 41.615829108598795 ], [ -75.510611173716853, 41.614646691452279 ], [ -75.510137682201275, 41.613540122043943 ], [ -75.50995644952755, 41.612439242288481 ], [ -75.510175150309664, 41.611401014951504 ], [ -75.510635319101823, 41.610778995269648 ], [ -75.511452237975732, 41.610410820321484 ], [ -75.512624014248757, 41.61035131268919 ], [ -75.513798631244114, 41.610209546057128 ], [ -75.514812367665982, 41.609433664869009 ], [ -75.515465531213351, 41.608513604033767 ], [ -75.515785194983295, 41.60772423040995 ], [ -75.515826824301001, 41.606517948143086 ], [ -75.515784991284306, 41.605611820385462 ], [ -75.515629795836432, 41.604813224486783 ], [ -75.515749204635938, 41.603471283321291 ], [ -75.516119550670652, 41.602271386121416 ], [ -75.5162996953879, 41.601287264519506 ], [ -75.516245563922482, 41.600737535818297 ], [ -75.515848044348758, 41.599767173575181 ], [ -75.515709791560539, 41.59825808307869 ], [ -75.515859526889301, 41.597055324555896 ], [ -75.51653205524704, 41.596020352009383 ], [ -75.517254983031577, 41.595311504189191 ], [ -75.517572664696957, 41.594576952721646 ], [ -75.517421497403575, 41.593665760095384 ], [ -75.517023141042614, 41.593143207676796 ], [ -75.516476672118131, 41.59265455254021 ], [ -75.51646170093953, 41.592378465001218 ], [ -75.516661939517903, 41.592253646617976 ], [ -75.517212860094119, 41.592292957490535 ], [ -75.518627662922356, 41.592594744466901 ], [ -75.519534037734203, 41.592804355130383 ], [ -75.520195164164519, 41.592707432974464 ], [ -75.520567902454601, 41.592623580731221 ], [ -75.520963958878795, 41.592667463476779 ], [ -75.521753241166479, 41.59309425938963 ], [ -75.522361817034252, 41.593462684236307 ], [ -75.5228749802544, 41.593417750604246 ], [ -75.523068891688979, 41.593092298027415 ], [ -75.522717835332955, 41.592673993403004 ], [ -75.522401417014365, 41.59231122668259 ], [ -75.521476443058106, 41.591580033467011 ], [ -75.521303279167569, 41.59130233850037 ], [ -75.521711587097627, 41.591118211140227 ], [ -75.524177175840492, 41.590617255090095 ], [ -75.525092960039473, 41.590552664269822 ], [ -75.525725066956653, 41.590235680455628 ], [ -75.526077262390899, 41.589556638801724 ], [ -75.526312737019936, 41.58695496397781 ], [ -75.52653031085211, 41.584874188779395 ], [ -75.526354503318004, 41.583608829088973 ], [ -75.525940382829404, 41.582858692941329 ], [ -75.526024176704212, 41.582587387412175 ], [ -75.526247964614129, 41.582454542897466 ], [ -75.527051269450055, 41.582470065827863 ], [ -75.528432217356837, 41.582688773293881 ], [ -75.529528576466348, 41.582682502059896 ], [ -75.530604387244949, 41.582209446095085 ], [ -75.531563114554388, 41.58123993086334 ], [ -75.532374709154752, 41.580091078410263 ], [ -75.532748141240887, 41.578889091485699 ], [ -75.533153504078911, 41.576504126330391 ], [ -75.533196804924003, 41.575238196711879 ], [ -75.533052732269681, 41.574966712251502 ], [ -75.532606957290483, 41.574548664632303 ], [ -75.532524020251458, 41.574233574488261 ], [ -75.532566825860329, 41.573978487594609 ], [ -75.532762012057873, 41.573751928267733 ], [ -75.5330069701442, 41.573564713372861 ], [ -75.533348847200045, 41.573532912454738 ], [ -75.534399793990545, 41.573693905160773 ], [ -75.535131576846183, 41.573720788877687 ], [ -75.535390060291618, 41.573636193727594 ], [ -75.535600527825522, 41.573486535543523 ], [ -75.536183845975984, 41.573344374188942 ], [ -75.536832231521331, 41.573318459732974 ], [ -75.53749982587199, 41.573228931755814 ], [ -75.537863092998208, 41.573069573228523 ], [ -75.538162172194134, 41.572793820173729 ], [ -75.538471721359841, 41.572211170983415 ], [ -75.538608146886617, 41.571503271957233 ], [ -75.538572104017788, 41.570767195932994 ], [ -75.538486079482226, 41.570292105369411 ], [ -75.538272673583336, 41.569955582040528 ], [ -75.537881368836736, 41.56928882162893 ], [ -75.536994898823224, 41.568389773973955 ], [ -75.536506532552266, 41.56788685578902 ], [ -75.53610967826701, 41.567533738294834 ], [ -75.535987001270939, 41.567134714844968 ], [ -75.536035903158577, 41.566700603951858 ], [ -75.536233673583752, 41.566397314388411 ], [ -75.536518758401641, 41.566031726267781 ], [ -75.538141810698505, 41.565662581592441 ], [ -75.539661182103998, 41.56531159389867 ], [ -75.541162104152065, 41.565263639622771 ], [ -75.542000743597541, 41.565151777801709 ], [ -75.542638114583767, 41.564946480916717 ], [ -75.543239598925453, 41.56417755635055 ], [ -75.54396723189295, 41.562937461685536 ], [ -75.54446343006417, 41.561622624708683 ], [ -75.544613985639174, 41.561203255286294 ], [ -75.544721725272993, 41.560539947066474 ], [ -75.544607270413508, 41.55989797091177 ], [ -75.544535628959849, 41.559499932301087 ], [ -75.544257081866022, 41.559174703671225 ], [ -75.543982888956663, 41.558721599867361 ], [ -75.544064036024523, 41.558339286302264 ], [ -75.544568615897404, 41.558029066573461 ], [ -75.546342193695722, 41.55797347305284 ], [ -75.547774848489837, 41.557924124004643 ], [ -75.549062528475176, 41.557628867347113 ], [ -75.550027982815962, 41.557039533873663 ], [ -75.550246152961677, 41.556634243949055 ], [ -75.550282693787665, 41.556059137479508 ], [ -75.55009662488051, 41.55551816291382 ], [ -75.54974682911606, 41.554782122568611 ], [ -75.549277010793489, 41.554069379333811 ], [ -75.549183115916563, 41.553824465920144 ], [ -75.549158181754123, 41.553555280084417 ], [ -75.549438795213518, 41.553317528028856 ], [ -75.549955564306316, 41.553148270590484 ], [ -75.551011434809638, 41.553155655217125 ], [ -75.552206564425347, 41.553169005578475 ], [ -75.552784877094155, 41.553099959087739 ], [ -75.55326225207115, 41.552886918944473 ], [ -75.553741071724062, 41.5525296102035 ], [ -75.554067401156672, 41.551947237137568 ], [ -75.554257272154729, 41.55006347822799 ], [ -75.554615453901647, 41.548336518863117 ], [ -75.555375400668609, 41.544249996552047 ], [ -75.555338070021151, 41.543859247607749 ], [ -75.55530788041952, 41.543225054487557 ], [ -75.554995293577377, 41.542099701520272 ], [ -75.554913932156992, 41.540773565055886 ], [ -75.555068859404287, 41.539924955909655 ], [ -75.555395808728662, 41.539618347324328 ], [ -75.555860095344116, 41.539486446603654 ], [ -75.556232798875712, 41.539544734591473 ], [ -75.557057688813799, 41.539829165126896 ], [ -75.558704465633824, 41.540487520205936 ], [ -75.559170342796719, 41.540610191765055 ], [ -75.559463719513019, 41.540604182716933 ], [ -75.563801096538413, 41.539275152366791 ], [ -75.564842504051754, 41.538781069129854 ], [ -75.566081679624347, 41.538126185115019 ], [ -75.5669715942078, 41.537672948101921 ], [ -75.567736367828871, 41.537031550554936 ], [ -75.568039882767451, 41.536615044817253 ], [ -75.568392047245737, 41.535764408426786 ], [ -75.568893584176649, 41.533509071983261 ], [ -75.568967845448228, 41.532819509913338 ], [ -75.569092555582216, 41.532655529431047 ], [ -75.569308873450282, 41.532601203815254 ], [ -75.571751233626955, 41.532590716416045 ], [ -75.572320122734581, 41.532383954551214 ], [ -75.57271839309324, 41.531991653206568 ], [ -75.572699973758461, 41.531055054628098 ], [ -75.572452611946758, 41.529514926387861 ], [ -75.57268196053549, 41.528620464929539 ], [ -75.573487620684816, 41.528373554142462 ], [ -75.574989281362846, 41.528177241019044 ], [ -75.575900802255404, 41.527745061388039 ], [ -75.576473709555401, 41.527006881319643 ], [ -75.576709258465016, 41.525925278691666 ], [ -75.577082931965833, 41.525183334032107 ], [ -75.577844990775333, 41.524748317022748 ], [ -75.579254461329441, 41.524325506995339 ], [ -75.579888048412499, 41.524059314030552 ], [ -75.580573332412627, 41.523582444619066 ], [ -75.581090972612927, 41.522850899217907 ], [ -75.58160848572831, 41.521970644285375 ], [ -75.581997924711885, 41.521186291415475 ], [ -75.582180817132695, 41.520261153169209 ], [ -75.582100722958103, 41.519195355515933 ], [ -75.581762272710961, 41.517955230022338 ], [ -75.581406558230029, 41.516267198076811 ], [ -75.581380119304868, 41.516028673302564 ], [ -75.581537504874859, 41.515871455389068 ], [ -75.582006673516986, 41.515924539581675 ], [ -75.583111181439506, 41.516343545767782 ], [ -75.584815813327722, 41.516419870411355 ], [ -75.586524871197938, 41.516363515131076 ], [ -75.587169798038829, 41.516137607417072 ], [ -75.587780939140416, 41.515767678926998 ], [ -75.588391326560966, 41.51511545987028 ], [ -75.588558263983828, 41.514798705578123 ], [ -75.588628148370617, 41.514335924085991 ], [ -75.588570986864625, 41.513870756792585 ], [ -75.588208993324272, 41.513519195160221 ], [ -75.587940334029966, 41.513176420934606 ], [ -75.58796393166385, 41.51301306643137 ], [ -75.588239340029347, 41.512922689561968 ], [ -75.588856847008373, 41.512920635514057 ], [ -75.589564189152625, 41.512947563880132 ], [ -75.590879812807685, 41.51286139570955 ], [ -75.591567796302115, 41.512766754421293 ], [ -75.592158524456337, 41.512477533815137 ], [ -75.592942509755559, 41.511837036143874 ], [ -75.593540205562505, 41.51074322983898 ], [ -75.593838630861441, 41.508846258811765 ], [ -75.594244406840573, 41.507261014978667 ], [ -75.594492772674229, 41.505097627921828 ], [ -75.594745660669261, 41.504571416172112 ], [ -75.595042700116608, 41.50448848643029 ], [ -75.595739754453717, 41.504767007161114 ], [ -75.596892734099129, 41.505496508970651 ], [ -75.597770667333421, 41.505645664611386 ], [ -75.598719143315961, 41.505442166517078 ], [ -75.599571925444607, 41.504573187268008 ], [ -75.599914089939077, 41.503842006887297 ], [ -75.599874031555188, 41.502859013379613 ], [ -75.600111269264389, 41.502503713433697 ], [ -75.600883234154722, 41.502296898895565 ], [ -75.603250616553069, 41.501898614973513 ], [ -75.605124634230336, 41.501670453795093 ], [ -75.605141526152565, 41.501668397215902 ], [ -75.605141571877098, 41.501668391851368 ], [ -75.605224936185124, 41.500805114531232 ], [ -75.605224948106567, 41.500805083251173 ], [ -75.605225498594947, 41.500804969373405 ], [ -75.606295614671367, 41.500583744041272 ], [ -75.606981352341933, 41.500090032290885 ], [ -75.607848621175989, 41.498780695078963 ], [ -75.608905270009771, 41.497634698603804 ], [ -75.610130197217643, 41.496758252974075 ], [ -75.611121691253899, 41.496243807984875 ], [ -75.612339994242561, 41.495567044304458 ], [ -75.613137473191458, 41.4947641789473 ], [ -75.613677444104383, 41.493959951055771 ], [ -75.614113057884836, 41.492835682076695 ], [ -75.614154619398704, 41.49157088214541 ], [ -75.61372018086378, 41.489964205246096 ], [ -75.613469387002908, 41.488161107330797 ], [ -75.613711494652705, 41.48753281316629 ], [ -75.614471653884081, 41.48731378754853 ], [ -75.615328432981869, 41.48741720396918 ], [ -75.617844026883787, 41.488475345595155 ], [ -75.618648471903455, 41.488734752107106 ], [ -75.61924416473434, 41.488960144642519 ], [ -75.619831781893836, 41.489096228988352 ], [ -75.620290415592251, 41.489216013292186 ], [ -75.620825297387995, 41.48926764369822 ], [ -75.621417473454514, 41.489264683181503 ], [ -75.621899610614136, 41.489231859249713 ], [ -75.622420096077192, 41.489158007808179 ], [ -75.622831909040386, 41.489012582134663 ], [ -75.623438635699401, 41.488564690340716 ], [ -75.623990336387962, 41.488101865204264 ], [ -75.624761792494084, 41.487142254386889 ], [ -75.62530225150266, 41.486456620282624 ], [ -75.625501240927704, 41.486029014410313 ], [ -75.625652934624398, 41.485350115026016 ], [ -75.62578113889596, 41.484823817448266 ], [ -75.625849326949535, 41.484435532717171 ], [ -75.625969350376479, 41.484159502806428 ], [ -75.626161515917175, 41.483940453708747 ], [ -75.626438864768176, 41.483945569129197 ], [ -75.627025997509108, 41.484095520687013 ], [ -75.627865641123762, 41.484444895531375 ], [ -75.628561454241364, 41.484666403087033 ], [ -75.629480515664881, 41.484850281292672 ], [ -75.62996035038725, 41.484886943109657 ], [ -75.630702675046194, 41.484817137882104 ], [ -75.631430585488431, 41.484621852598629 ], [ -75.63195464722692, 41.48443672479344 ], [ -75.632238792015841, 41.484233268727543 ], [ -75.632696587002286, 41.483810411087632 ], [ -75.633176485059323, 41.483276659557738 ], [ -75.633735313471306, 41.482591323474288 ], [ -75.63421745694734, 41.48198804721229 ], [ -75.634510630116011, 41.481506507144729 ], [ -75.634750139813178, 41.480968331157229 ], [ -75.6349630157479, 41.480680085765158 ], [ -75.635114544899082, 41.480571571681843 ], [ -75.635393688881805, 41.480521050630266 ], [ -75.635854103112891, 41.480585155321755 ], [ -75.636624766196519, 41.480780164613897 ], [ -75.637376943182218, 41.480974829492339 ], [ -75.638166555888233, 41.481156262670957 ], [ -75.638792479026179, 41.481251216428845 ], [ -75.639440052156672, 41.481249177808529 ], [ -75.640348729234205, 41.481182360454959 ], [ -75.640835311597613, 41.481010416450466 ], [ -75.641325497505889, 41.480727239001133 ], [ -75.641781855586615, 41.480346055156623 ], [ -75.642304941727943, 41.479618284526396 ], [ -75.642786983746205, 41.479014971210894 ], [ -75.643220308656595, 41.478202080158553 ], [ -75.643756869565877, 41.477057181939848 ], [ -75.644201453412563, 41.476467089084871 ], [ -75.644562625917416, 41.476167625868698 ], [ -75.644878717931121, 41.476117756411583 ], [ -75.645340013051054, 41.476154016045804 ], [ -75.646351446037556, 41.476339449005323 ], [ -75.647089162851643, 41.476408574948259 ], [ -75.647883244970387, 41.476450901338829 ], [ -75.648735037689292, 41.476424714959087 ], [ -75.649310409292198, 41.476365653429617 ], [ -75.649671472070978, 41.476327141124131 ], [ -75.650437042994554, 41.476193361442405 ], [ -75.651431340101695, 41.47575084197755 ], [ -75.65239867178299, 41.474877885917252 ], [ -75.653461445428889, 41.473576720585434 ], [ -75.654207089967343, 41.472517733188525 ], [ -75.654696134743531, 41.471691900177476 ], [ -75.655619465989275, 41.469961526265834 ], [ -75.656190451513226, 41.468712807584197 ], [ -75.656545535202739, 41.467828678077318 ], [ -75.657137537368286, 41.467194534475475 ], [ -75.657802255642736, 41.466838097370065 ], [ -75.658663093643199, 41.46673089791647 ], [ -75.659195437321245, 41.466774272772504 ], [ -75.65996686183459, 41.466815993944728 ], [ -75.660775068165123, 41.467076342828236 ], [ -75.661705693659158, 41.467338904440709 ], [ -75.662642234354792, 41.467417308606755 ], [ -75.663019324436675, 41.467117046716744 ], [ -75.663281869607815, 41.466569027474485 ], [ -75.663637830345351, 41.465654181865588 ], [ -75.663952976966627, 41.464738595000298 ], [ -75.664397408223905, 41.463610381107841 ], [ -75.665048781732352, 41.462393782865469 ], [ -75.666117969951301, 41.460877644351456 ], [ -75.666516024648431, 41.460388016134779 ], [ -75.666660737761362, 41.460108898846755 ], [ -75.666741555523146, 41.459943103900876 ], [ -75.667049558556926, 41.459328930838723 ], [ -75.667433951042071, 41.458902062377007 ], [ -75.668008324157938, 41.458974424214951 ], [ -75.668865925010493, 41.459206840871126 ], [ -75.66959804777602, 41.459498958715855 ], [ -75.670164510989508, 41.459819066533868 ], [ -75.671412371836539, 41.460192552945756 ], [ -75.672321170572445, 41.460420996096062 ], [ -75.673338150599591, 41.460571866511756 ], [ -75.674219351858682, 41.460561254819112 ], [ -75.675072940640604, 41.460311591460638 ], [ -75.67604060718655, 41.459798928883778 ], [ -75.676799773183902, 41.458994227902849 ], [ -75.677263403535392, 41.457912590263675 ], [ -75.677895400064344, 41.45652297935488 ], [ -75.678220454491509, 41.455517862859516 ], [ -75.678548585244428, 41.454739923253911 ], [ -75.679031351576441, 41.454392736754983 ], [ -75.679760745916468, 41.454133536377569 ], [ -75.681357804635766, 41.454355046272767 ], [ -75.68258430174366, 41.454562611010566 ], [ -75.683571896074298, 41.454527330375555 ], [ -75.684163247944099, 41.454481837574264 ], [ -75.684751514642187, 41.45399189194422 ], [ -75.685086058557545, 41.453441287111133 ], [ -75.685001432502347, 41.452777144346086 ], [ -75.684709752160458, 41.451976761383172 ], [ -75.684662866367319, 41.451233781707828 ], [ -75.684812947037912, 41.450944918394164 ], [ -75.685061930239243, 41.450869869463041 ], [ -75.685906112977861, 41.450911510853054 ], [ -75.687308609932074, 41.451122180835412 ], [ -75.688361534457329, 41.451247058851607 ], [ -75.68941949720201, 41.451212988134792 ], [ -75.689878059327626, 41.451194691000893 ], [ -75.690412067134844, 41.451018708351377 ], [ -75.690925104187684, 41.450391764325609 ], [ -75.691767578006903, 41.449373132612173 ], [ -75.692237009079335, 41.449010453026247 ], [ -75.692979978945502, 41.448929759754499 ], [ -75.693894461012306, 41.448775004764251 ], [ -75.694472953084301, 41.448392863774366 ], [ -75.695353540693318, 41.446256577640362 ], [ -75.69585897283126, 41.445868020598468 ], [ -75.696464171231298, 41.445666776097688 ], [ -75.698754936846726, 41.445678898860635 ], [ -75.699240754691729, 41.445517439122987 ], [ -75.699254444510331, 41.445505171935999 ], [ -75.699674951553774, 41.444913621325931 ], [ -75.700379165929149, 41.443687961135709 ], [ -75.701263267589013, 41.441665177795102 ], [ -75.701366836226015, 41.44126591556418 ], [ -75.701647445992862, 41.440399395542407 ], [ -75.701850158139905, 41.43983259695564 ], [ -75.701948669665811, 41.439639576245241 ], [ -75.702119344426265, 41.43950348757884 ], [ -75.702323040216712, 41.439493198955425 ], [ -75.702851037790026, 41.439753009838078 ], [ -75.703998996989412, 41.440288170719342 ], [ -75.70478352169502, 41.440622093291665 ], [ -75.70538850796332, 41.440785873867362 ], [ -75.706014156616035, 41.440880456077885 ], [ -75.706770029747759, 41.440949521579924 ], [ -75.707325694880353, 41.440917643974167 ], [ -75.707995716388382, 41.440776493442492 ], [ -75.70906075476492, 41.440419743578339 ], [ -75.710036874099913, 41.439950110085036 ], [ -75.710866023414397, 41.439450040742287 ], [ -75.711716251703677, 41.438866863559618 ], [ -75.712379947215766, 41.438336029127946 ], [ -75.71311123695709, 41.437416842926709 ], [ -75.713706211258426, 41.436717835363218 ], [ -75.714050974874681, 41.43633438670615 ], [ -75.714793309694173, 41.435651892083158 ], [ -75.715479330693796, 41.434996223323566 ], [ -75.715899717175162, 41.434558454579971 ], [ -75.716360088269113, 41.43402400508969 ], [ -75.716839797824008, 41.43346206898584 ], [ -75.717175158731635, 41.432786284142722 ], [ -75.717434872313163, 41.432164813826461 ], [ -75.717655460824332, 41.431612212873411 ], [ -75.717711930816904, 41.430987153256908 ], [ -75.717724075250288, 41.43059782131909 ], [ -75.71760645618248, 41.430220111128833 ], [ -75.717326464046408, 41.429714322839288 ], [ -75.717025830881497, 41.429277731211585 ], [ -75.716164625736269, 41.428441692656556 ], [ -75.71546580653677, 41.427733728310557 ], [ -75.714724842885488, 41.427191963425614 ], [ -75.714434459538936, 41.427019881423462 ], [ -75.714256662810769, 41.426794141003612 ], [ -75.714279916431749, 41.426641515112721 ], [ -75.714559640425136, 41.42656298558105 ], [ -75.715076059415438, 41.426599939019361 ], [ -75.715772014425895, 41.426807010137622 ], [ -75.716649684018662, 41.427114672503919 ], [ -75.717383465726272, 41.427294575862142 ], [ -75.718248311617103, 41.427421139550852 ], [ -75.718801689216249, 41.427458726609203 ], [ -75.719392449454929, 41.427483059602608 ], [ -75.719764545243066, 41.427406147024072 ], [ -75.7202140048812, 41.427219296403571 ], [ -75.720483044329342, 41.426890143047601 ], [ -75.720682514630809, 41.426420638270251 ], [ -75.720722639440666, 41.425725725751633 ], [ -75.720687568157558, 41.425071226130278 ], [ -75.720418832655298, 41.424203921837858 ], [ -75.72011575418621, 41.423252537037911 ], [ -75.719892489460975, 41.42270601840179 ], [ -75.719557954653865, 41.422171449456862 ], [ -75.719274945036418, 41.421762998410181 ], [ -75.718955860804201, 41.421326086982887 ], [ -75.71883608339067, 41.42101790202463 ], [ -75.718822810646586, 41.420850719146991 ], [ -75.718883862233625, 41.420670934952788 ], [ -75.719182028366973, 41.420592719582416 ], [ -75.719922243125069, 41.420564034408983 ], [ -75.720699404200246, 41.420535999353937 ], [ -75.721771262421342, 41.420540970621765 ], [ -75.722380434751585, 41.420565612576041 ], [ -75.723060040544581, 41.420702789500254 ], [ -75.723557514132935, 41.420753280979312 ], [ -75.723908931634526, 41.420745553747913 ], [ -75.724189916382016, 41.420625287169145 ], [ -75.724492397263433, 41.420408009346616 ], [ -75.724724443150592, 41.420078192738437 ], [ -75.724945786233818, 41.419497765744332 ], [ -75.725075629689414, 41.418887904442627 ], [ -75.72514573405995, 41.418416115827327 ], [ -75.725130818977362, 41.417706321582578 ], [ -75.7253229818741, 41.416874956253331 ], [ -75.72548414379024, 41.416446506540005 ], [ -75.725691652320279, 41.416311030069217 ], [ -75.725969158807175, 41.416301995548203 ], [ -75.726429225813163, 41.416365731993146 ], [ -75.726942551355293, 41.416499962769947 ], [ -75.727733820578322, 41.416611249482003 ], [ -75.72856203394349, 41.416723178568681 ], [ -75.729263534424362, 41.416749403999773 ], [ -75.729839610343504, 41.416648214169506 ], [ -75.730344812357927, 41.416448389838244 ], [ -75.730722433994373, 41.41619067698938 ], [ -75.730934666839204, 41.415902238688645 ], [ -75.731152497515893, 41.415433034957147 ], [ -75.731184748783349, 41.41498840500207 ], [ -75.731183069849934, 41.414445790701642 ], [ -75.730982085698784, 41.413774471536271 ], [ -75.730623481829639, 41.412822139121779 ], [ -75.730287233822708, 41.411744986148413 ], [ -75.730276084544585, 41.411508279240785 ], [ -75.730321209863021, 41.411244735127624 ], [ -75.730549315142255, 41.411040049495114 ], [ -75.730902403895826, 41.410976679519273 ], [ -75.73162575611353, 41.410891973696799 ], [ -75.733236970227452, 41.410781081528029 ], [ -75.734254984535639, 41.410729344915403 ], [ -75.735421188144201, 41.410666278796818 ], [ -75.736811608189655, 41.410523648720286 ], [ -75.737738554394966, 41.410428551017461 ], [ -75.73814875879215, 41.410310507293467 ], [ -75.738823547494476, 41.410002309766227 ], [ -75.739240611835399, 41.409661782387317 ], [ -75.73942227651203, 41.409164107692469 ], [ -75.739472079280731, 41.408747604834211 ], [ -75.739628838564073, 41.408458180675687 ], [ -75.740104294588434, 41.408021283163002 ], [ -75.740712031062941, 41.407489304295623 ], [ -75.740983025748463, 41.407090572599827 ], [ -75.741183139367934, 41.40659321575199 ], [ -75.74129004743962, 41.406122059128286 ], [ -75.741432178218446, 41.405707165227511 ], [ -75.741586354460551, 41.405501169208797 ], [ -75.741852624720536, 41.405255388659235 ], [ -75.742459036203414, 41.404765114322863 ], [ -75.742651854344658, 41.404504140054932 ], [ -75.742766859044551, 41.404351892293668 ], [ -75.742863089548237, 41.404252908485844 ], [ -75.743202509128693, 41.40381701439032 ], [ -75.743587333760871, 41.402964647125479 ], [ -75.74390094662013, 41.402307396605714 ], [ -75.743978184519264, 41.401916025159991 ], [ -75.743854648872855, 41.40169296695435 ], [ -75.743230187248031, 41.400798467543197 ], [ -75.742509510692216, 41.39985319683548 ], [ -75.742296546408397, 41.399358584991873 ], [ -75.742304852281521, 41.399088734926011 ], [ -75.74241240971989, 41.398771526058098 ], [ -75.742613930141857, 41.398578679733127 ], [ -75.742881366401576, 41.398362435999886 ], [ -75.743339747159581, 41.398296790974314 ], [ -75.744289848658397, 41.398141528620677 ], [ -75.746126386026191, 41.397780783576977 ], [ -75.7476015117401, 41.397511904492504 ], [ -75.748951579006004, 41.39706901883271 ], [ -75.749413708455037, 41.396880688553601 ], [ -75.749907665059339, 41.396717459382721 ], [ -75.750820638123557, 41.396708783515201 ], [ -75.75137448596233, 41.396718406654188 ], [ -75.75221328664837, 41.39700297183758 ], [ -75.752795962489245, 41.397135812962567 ], [ -75.753216495819132, 41.39724129357851 ], [ -75.753672609620011, 41.397249209411456 ], [ -75.75403398992151, 41.397157300000799 ], [ -75.75459985013066, 41.396774396103218 ], [ -75.755237611627749, 41.396171832004519 ], [ -75.756010929407239, 41.395399797290551 ], [ -75.756459940123307, 41.394573050207967 ], [ -75.756806709781543, 41.393891798731431 ], [ -75.756958755043357, 41.393182628062526 ], [ -75.757015313547043, 41.392398167603567 ], [ -75.757051082290573, 41.391760616780104 ], [ -75.757291858918421, 41.391347522833875 ], [ -75.757852404908391, 41.391136325116193 ], [ -75.758575082313556, 41.390952476944484 ], [ -75.759653106613783, 41.39087295285308 ], [ -75.760207656583049, 41.390858001222725 ], [ -75.76098500782679, 41.39101871328613 ], [ -75.761697210269247, 41.391178294349821 ], [ -75.762217692632902, 41.391211834408836 ], [ -75.762744152481247, 41.391049113627318 ], [ -75.763079631082505, 41.39073582241727 ], [ -75.763383276803779, 41.390397436342226 ], [ -75.763778208928599, 41.389201549280607 ], [ -75.764665751506385, 41.3868114555072 ], [ -75.765638389048334, 41.384300095842342 ], [ -75.766096893327799, 41.383154385912547 ], [ -75.76653611095746, 41.382106522794267 ], [ -75.766779025336305, 41.381619808311044 ], [ -75.767215876083355, 41.381185527365425 ], [ -75.767617916143323, 41.380824279893474 ], [ -75.767924470887479, 41.380387749279592 ], [ -75.767937879499925, 41.379946169888754 ], [ -75.767764058923206, 41.37923136779655 ], [ -75.767752344473394, 41.378543903838519 ], [ -75.767840580160026, 41.377784526069412 ], [ -75.767982778060187, 41.37739425501222 ], [ -75.768215237982133, 41.377250988575113 ], [ -75.768571273220303, 41.377330756518795 ], [ -75.769080482731695, 41.377732246204737 ], [ -75.769518604198154, 41.378328871911137 ], [ -75.769955242668857, 41.378974558920753 ], [ -75.770235732322547, 41.379396652243244 ], [ -75.770457778100379, 41.379596833129767 ], [ -75.770813086507545, 41.379701127085703 ], [ -75.771075886817385, 41.379632011850987 ], [ -75.771703661840931, 41.379348267452166 ], [ -75.772738632798493, 41.378531526406135 ], [ -75.774188128258814, 41.377476445003872 ], [ -75.774557535739717, 41.377114611383178 ], [ -75.774684392327984, 41.376933926258211 ], [ -75.774870834239906, 41.375567062456071 ], [ -75.775002156218164, 41.375009016052957 ], [ -75.775023087365838, 41.374920065883373 ], [ -75.775065332833535, 41.374781761995436 ], [ -75.775071302947154, 41.374701688337858 ], [ -75.775185360777371, 41.374377456509634 ], [ -75.775360254758823, 41.374162999263255 ], [ -75.775589606997855, 41.374003838797364 ], [ -75.775726248536799, 41.373728317972592 ], [ -75.775820437788369, 41.373530596171726 ], [ -75.775861625716431, 41.373229274692925 ], [ -75.775955815044341, 41.373031552773035 ], [ -75.77619409114611, 41.372842342053119 ], [ -75.776478812064738, 41.372708293985546 ], [ -75.776705604177153, 41.372633656867862 ], [ -75.776820185128585, 41.372557094132731 ], [ -75.776889047481788, 41.372401220549229 ], [ -75.776910746110417, 41.371948551519061 ], [ -75.776917860876367, 41.371713091090307 ], [ -75.777035724651697, 41.371527855682167 ], [ -75.77732153379128, 41.371357578958268 ], [ -75.777822827456518, 41.371221200258397 ], [ -75.778398440019956, 41.371013604853815 ], [ -75.778997183355543, 41.370836605616724 ], [ -75.779466777144833, 41.370687594895763 ], [ -75.779808312247539, 41.370530349399047 ], [ -75.78010394569371, 41.370299829236956 ], [ -75.780392656060769, 41.37003294663846 ], [ -75.780665878333579, 41.36974767666576 ], [ -75.780770429633506, 41.369471599334126 ], [ -75.780953300814446, 41.36899148432073 ], [ -75.781019233056895, 41.368666422395052 ], [ -75.781085709586023, 41.368323247509252 ], [ -75.781096808862429, 41.367689177411037 ], [ -75.781137598605795, 41.367134143625123 ], [ -75.781156351948226, 41.36677807139133 ], [ -75.781201155978721, 41.366621782680689 ], [ -75.78128384639254, 41.366538630460113 ], [ -75.781365262995692, 41.366497738867153 ], [ -75.78153319757989, 41.366512693419985 ], [ -75.782206584312519, 41.366783957519054 ], [ -75.782998918805291, 41.367099533500514 ], [ -75.783713116943488, 41.367347323628437 ], [ -75.784046265086999, 41.367467788321662 ], [ -75.784318390495912, 41.367484518618248 ], [ -75.784617102819325, 41.36741713484259 ], [ -75.784976819122889, 41.367187696547241 ], [ -75.785364572082784, 41.36682584335707 ], [ -75.785492777455971, 41.36656224817704 ], [ -75.785585632415248, 41.366140993548015 ], [ -75.785572304194758, 41.365784371671083 ], [ -75.785405255966865, 41.365473450442536 ], [ -75.785153118973838, 41.364792600852091 ], [ -75.784920488051426, 41.364263098494149 ], [ -75.784736125439153, 41.363728379242907 ], [ -75.784632632344611, 41.363170878615648 ], [ -75.784578856381927, 41.362559862176738 ], [ -75.784616523227641, 41.362107462491828 ], [ -75.784781115147581, 41.361433730464704 ], [ -75.785097800298189, 41.361034419643502 ], [ -75.785519385781214, 41.36061273769846 ], [ -75.785807664736694, 41.360357914225361 ], [ -75.785979397658053, 41.360246074540555 ], [ -75.786158235438407, 41.360164560208133 ], [ -75.786296714749142, 41.360133307614454 ], [ -75.787956547459629, 41.35969637597632 ], [ -75.788492622688665, 41.359588240940568 ], [ -75.789236925221616, 41.359365344417114 ], [ -75.789667614787177, 41.359173344265152 ], [ -75.790020160254784, 41.358913565219375 ], [ -75.790414218810994, 41.358606166608318 ], [ -75.790570636628999, 41.358469897053915 ], [ -75.790860924483582, 41.358414435230827 ], [ -75.791183086176986, 41.35836555404218 ], [ -75.791600318701924, 41.358354534839123 ], [ -75.791987488863143, 41.358276556459792 ], [ -75.792610301032624, 41.35809385425717 ], [ -75.792920230102098, 41.357917908853643 ], [ -75.793200637023773, 41.357656893151685 ], [ -75.793649080070352, 41.357138987510432 ], [ -75.793933819552279, 41.356733069617583 ], [ -75.794115891495522, 41.356542865858351 ], [ -75.794377912796307, 41.356360062301178 ], [ -75.794589685582537, 41.356248889329059 ], [ -75.794815495341155, 41.356204402080635 ], [ -75.794993228106534, 41.356159097370309 ], [ -75.79507498406312, 41.356106120686775 ], [ -75.795168546831093, 41.355926494165864 ], [ -75.79521306258718, 41.355510449196672 ], [ -75.795095515873612, 41.355152058230864 ], [ -75.794954471248559, 41.354775144605149 ], [ -75.794915246415343, 41.354478489714339 ], [ -75.794957596362906, 41.354134896749002 ], [ -75.795060252763193, 41.3539191791318 ], [ -75.795149411850403, 41.353618664944548 ], [ -75.795167901882891, 41.353268624717856 ], [ -75.795034873633782, 41.352891847730149 ], [ -75.794886002914126, 41.352508762012739 ], [ -75.794776473638734, 41.352150506221584 ], [ -75.794730866410717, 41.351799376969815 ], [ -75.794707063166086, 41.35125531912152 ], [ -75.794782002113536, 41.350894158183962 ], [ -75.79505104336701, 41.350475887781464 ], [ -75.795440083964905, 41.350065695717547 ], [ -75.795818939626443, 41.34972781774713 ], [ -75.796411705757095, 41.349206311575038 ], [ -75.79706982161531, 41.348643627057157 ], [ -75.797870879637884, 41.348125648416499 ], [ -75.798402661799557, 41.347766193356676 ], [ -75.798809211430992, 41.347573748051296 ], [ -75.799701700273815, 41.347214362124703 ], [ -75.800236073987918, 41.347036159561483 ], [ -75.80072858426945, 41.346917651385752 ], [ -75.801300490850423, 41.34682464813806 ], [ -75.801910115490472, 41.346810809150249 ], [ -75.802357883199903, 41.346848591793574 ], [ -75.802617777970056, 41.347004005635178 ], [ -75.802732201265457, 41.347199241318876 ], [ -75.802850041058321, 41.347279763270045 ], [ -75.803017932814583, 41.347294685991187 ], [ -75.803251538867869, 41.347256353452288 ], [ -75.803444005632173, 41.347253569272468 ], [ -75.803530878635229, 41.347297323176853 ], [ -75.803600288963082, 41.347389105339381 ], [ -75.803605064900538, 41.347497917424242 ], [ -75.80351117792253, 41.347689628429841 ], [ -75.803339247195794, 41.348079359391598 ], [ -75.803289833836658, 41.348392634121666 ], [ -75.803369155340022, 41.348689965101528 ], [ -75.803602864921061, 41.348917420392532 ], [ -75.803931105194565, 41.349200840349575 ], [ -75.804215410231407, 41.349344580907946 ], [ -75.804428326301561, 41.349462953881641 ], [ -75.804610630276372, 41.349532482200786 ], [ -75.804818230128916, 41.349560154668566 ], [ -75.805034740743224, 41.349557774360221 ], [ -75.805212806190568, 41.349500377593259 ], [ -75.805449833739161, 41.349347328027243 ], [ -75.805680283723319, 41.34914584211149 ], [ -75.805903439607036, 41.348920070721078 ], [ -75.806045933135096, 41.348711056355093 ], [ -75.806110279993035, 41.348434276908932 ], [ -75.806066947156026, 41.348004661516605 ], [ -75.805946547426345, 41.34747105569884 ], [ -75.805668603960839, 41.346844177770777 ], [ -75.805443695979207, 41.346320886161017 ], [ -75.805356896473185, 41.346005308122429 ], [ -75.805282884764694, 41.345798676265147 ], [ -75.805264239469821, 41.345617143206987 ], [ -75.805435003130398, 41.345535460978816 ], [ -75.805690301248632, 41.34557601825113 ], [ -75.80616238808804, 41.345873943656379 ], [ -75.806780420937159, 41.346385752257845 ], [ -75.807078232855517, 41.346614283989453 ], [ -75.807266389981152, 41.346756394823686 ], [ -75.807546089678524, 41.346785278599484 ], [ -75.807820827602569, 41.346711388379887 ], [ -75.808086835197244, 41.346661513363181 ], [ -75.808310990085445, 41.346671336450783 ], [ -75.808563785037904, 41.346796413538392 ], [ -75.808777776224829, 41.346878551477687 ], [ -75.808960796113951, 41.346923924017929 ], [ -75.809225010096569, 41.346934420773188 ], [ -75.809523067095398, 41.346885082083894 ], [ -75.809915347746724, 41.34663195191817 ], [ -75.810411294160005, 41.346126861513511 ], [ -75.810932343082186, 41.345585947859931 ], [ -75.811506422209433, 41.345148617055884 ], [ -75.811585196579301, 41.345095559389996 ], [ -75.811951836778476, 41.344882420265563 ], [ -75.813075706083325, 41.343925660684533 ], [ -75.813496278680276, 41.343571498642369 ], [ -75.813750966587733, 41.34330064721135 ], [ -75.813808736807871, 41.343193982138558 ], [ -75.813961171125541, 41.342918679091099 ], [ -75.814287353526112, 41.342730866856513 ], [ -75.814690070287838, 41.342665153384921 ], [ -75.815396868100493, 41.34261663333541 ], [ -75.816055949800472, 41.34255522511674 ], [ -75.816441929644313, 41.342513386791389 ], [ -75.816880618830169, 41.342315376898327 ], [ -75.817225667561218, 41.342031224092601 ], [ -75.817377728432845, 41.341767991934844 ], [ -75.817676132837818, 41.341434728979571 ], [ -75.817971321994222, 41.341210142636712 ], [ -75.818294627972733, 41.341118920965428 ], [ -75.818904913626866, 41.341080839208125 ], [ -75.819386303973005, 41.341064754512452 ], [ -75.819838502794752, 41.340951528293978 ], [ -75.820375800567504, 41.340670590289001 ], [ -75.821274852732572, 41.340081603838428 ], [ -75.821716361584791, 41.339786972575517 ], [ -75.822217681898607, 41.33963831567835 ], [ -75.822670220384126, 41.33951300376669 ], [ -75.823227078064292, 41.339111567321297 ], [ -75.824193017825365, 41.338427027275138 ], [ -75.824647677563476, 41.338229254607299 ], [ -75.82506887010625, 41.338079246074258 ], [ -75.825343730920352, 41.33799927468143 ], [ -75.825671277652418, 41.337763128161654 ], [ -75.826164370667911, 41.337348529985007 ], [ -75.82666921493184, 41.337079100466966 ], [ -75.827153416445711, 41.336966380390081 ], [ -75.828101888348584, 41.336873495870762 ], [ -75.829099841534699, 41.336733102691468 ], [ -75.8298083398778, 41.336624114591956 ], [ -75.830472669005204, 41.336381492562737 ], [ -75.831024136126899, 41.336161147649655 ], [ -75.831563475296278, 41.335807704337761 ], [ -75.832040494056628, 41.335392812423308 ], [ -75.832648157065421, 41.3348955268495 ], [ -75.833355474859601, 41.334279085893201 ], [ -75.833713247096952, 41.334103825274468 ], [ -75.834116602264061, 41.334013892343258 ], [ -75.834535978666324, 41.333924224339434 ], [ -75.835306754056234, 41.333876645558568 ], [ -75.836284739025828, 41.333868751802598 ], [ -75.837390892765129, 41.333862979890952 ], [ -75.838305501630217, 41.333829852586078 ], [ -75.838899689660622, 41.333791397258182 ], [ -75.839882612795719, 41.333614418057529 ], [ -75.841127506965975, 41.333248475249924 ], [ -75.841839120594187, 41.333030734427332 ], [ -75.842441049957984, 41.332726601036654 ], [ -75.842950724359326, 41.332288043199483 ], [ -75.843399126440858, 41.331751816278405 ], [ -75.844015819462925, 41.330940508087103 ], [ -75.844382343470087, 41.330463328284608 ], [ -75.844731784125543, 41.330022107293843 ], [ -75.844977364168571, 41.329844955630044 ], [ -75.845511651981667, 41.329660498889098 ], [ -75.846271273977464, 41.329443524162471 ], [ -75.846739014926399, 41.329342530398741 ], [ -75.847307443091154, 41.329086142810056 ], [ -75.848059109718065, 41.328591155523611 ], [ -75.849260842793939, 41.327499535804549 ], [ -75.850168225702049, 41.326608424671001 ], [ -75.850669146251036, 41.32591597890805 ], [ -75.850809922831388, 41.325483376902305 ], [ -75.850769580349649, 41.325216923525318 ], [ -75.850456564567594, 41.324958050764835 ], [ -75.850194063307825, 41.324615441969186 ], [ -75.850113733956931, 41.324070458044517 ], [ -75.850190437833405, 41.323636799029984 ], [ -75.850358689192547, 41.323361707018449 ], [ -75.850553365070823, 41.323280351354832 ], [ -75.850761255519416, 41.323295864577318 ], [ -75.851254674925983, 41.323412737602787 ], [ -75.851604279273957, 41.323515156506645 ], [ -75.852051048307914, 41.323582931726342 ], [ -75.852482148299671, 41.323638366622951 ], [ -75.852880512987653, 41.323717421889832 ], [ -75.853485019987701, 41.323872361443847 ], [ -75.854214528550372, 41.324138088350431 ], [ -75.854846532560117, 41.324450530490246 ], [ -75.855370256056432, 41.324628291218495 ], [ -75.856162808671286, 41.324931289205743 ], [ -75.856800072256974, 41.325062586803604 ], [ -75.857614945852831, 41.325148478193618 ], [ -75.858288792263707, 41.325123313057119 ], [ -75.858773903436358, 41.324974230264381 ], [ -75.859472143974855, 41.324659509042206 ], [ -75.859959689366946, 41.324425892503797 ], [ -75.860499825825599, 41.32403607939365 ], [ -75.860728971690662, 41.323870704298294 ], [ -75.861020098560587, 41.323778833383869 ], [ -75.861454000067013, 41.323737629687599 ], [ -75.861872230528931, 41.323684086155701 ], [ -75.862388312398579, 41.323571740238556 ], [ -75.862587505730019, 41.323333381578166 ], [ -75.862652285653027, 41.322754542704338 ], [ -75.862706273537142, 41.321994306988358 ], [ -75.862792992660886, 41.321210445415574 ], [ -75.862846627204206, 41.320462284918868 ], [ -75.862752267892148, 41.319844592445001 ], [ -75.862776646692936, 41.319555041010233 ], [ -75.862962247443932, 41.319231890063463 ], [ -75.863273547773304, 41.318995368343771 ], [ -75.863531569434173, 41.31893919157713 ], [ -75.863786806351513, 41.318979619822422 ], [ -75.864132230469878, 41.319226905911563 ], [ -75.864949490470323, 41.319783954035607 ], [ -75.86567482945847, 41.320194515891735 ], [ -75.866103487732133, 41.320334427517146 ], [ -75.866405742052578, 41.3204118647283 ], [ -75.866805148361877, 41.320454645245654 ], [ -75.867879047169595, 41.320448051306869 ], [ -75.869081784801779, 41.320419390256994 ], [ -75.869626396630323, 41.32042828956088 ], [ -75.870093693671322, 41.320339274523413 ], [ -75.870837112178833, 41.320121871752534 ], [ -75.871388656598555, 41.319889250319434 ], [ -75.872935301854668, 41.319044635424497 ], [ -75.873136328342881, 41.318899500630472 ], [ -75.873327194355383, 41.318796247770273 ], [ -75.874594698823586, 41.317942272976886 ], [ -75.875329726174201, 41.317447035067403 ], [ -75.875645358177465, 41.316711897968133 ], [ -75.875797414284676, 41.315974096092653 ], [ -75.875551951466718, 41.315402551734053 ], [ -75.875625860566913, 41.315107644658703 ], [ -75.87605820658186, 41.314867926220352 ], [ -75.876677651412081, 41.31495203907955 ], [ -75.877567280897793, 41.314744433385258 ], [ -75.878072808867316, 41.314234462722411 ], [ -75.878318029681751, 41.313670904990033 ], [ -75.878943815397975, 41.31353302483231 ], [ -75.879724706204229, 41.313693773991488 ], [ -75.880273785418353, 41.31394945516444 ], [ -75.880756033173185, 41.314253400305141 ], [ -75.881216137377905, 41.314186844845104 ], [ -75.881553840140313, 41.3138221896468 ], [ -75.881661136077355, 41.313503144132454 ], [ -75.881895057431777, 41.313334209986998 ], [ -75.882318922287396, 41.313390440682788 ], [ -75.882642534503148, 41.313519072212202 ], [ -75.883008715481992, 41.313302929845278 ], [ -75.883280977760947, 41.312937207095622 ], [ -75.883942273520418, 41.312701171891597 ], [ -75.884529698459971, 41.312760047732347 ], [ -75.884749551267035, 41.313084398223864 ], [ -75.885076682574777, 41.313089700412895 ], [ -75.885546613886007, 41.312677822854212 ], [ -75.885922618184296, 41.312116367127004 ], [ -75.886428059176211, 41.311606356936664 ], [ -75.887222285417877, 41.311298427875442 ], [ -75.88804921756082, 41.310991022714845 ], [ -75.888523326552246, 41.310431144441509 ], [ -75.888614992363784, 41.309835038286536 ], [ -75.888682726836677, 41.309060673297942 ], [ -75.888700361816646, 41.308440590257909 ], [ -75.888840363284288, 41.308339459794809 ], [ -75.889046444957074, 41.308325560712909 ], [ -75.889475086711798, 41.308522048317045 ], [ -75.890201679982582, 41.308688884224445 ], [ -75.890662469842525, 41.308558470732898 ], [ -75.891176771193045, 41.308153200283215 ], [ -75.891554008644761, 41.307745713012828 ], [ -75.892124743990209, 41.306962235312227 ], [ -75.892631203277219, 41.306832550696512 ], [ -75.893201792111455, 41.306858990355472 ], [ -75.893862778206923, 41.306921349889556 ], [ -75.894436299595071, 41.306844435839999 ], [ -75.894993811031298, 41.306526007542466 ], [ -75.895427238673818, 41.305984025962665 ], [ -75.895728382253836, 41.305319808080249 ], [ -75.89638286330451, 41.304995814633983 ], [ -75.896989283306311, 41.304944756404772 ], [ -75.897559688562339, 41.304741051683678 ], [ -75.897852202621934, 41.304380812028704 ], [ -75.897907997196228, 41.303834288079798 ], [ -75.898321441247973, 41.303475992992553 ], [ -75.899095110186636, 41.303214726556547 ], [ -75.899981976305426, 41.303228986335618 ], [ -75.900666424271421, 41.303270399031959 ], [ -75.901154463295882, 41.303126177610942 ], [ -75.901364609537168, 41.302825430324198 ], [ -75.901404711614234, 41.302293961157531 ], [ -75.901209412199336, 41.301180670356985 ], [ -75.901354151324, 41.299870063464049 ], [ -75.901780656448821, 41.299517166205312 ], [ -75.902429046074104, 41.299405927205889 ], [ -75.90315462361994, 41.299417573180271 ], [ -75.904095464733004, 41.298946068703607 ], [ -75.904592890076017, 41.298467447225491 ], [ -75.905055139150619, 41.297805786353095 ], [ -75.905496766093634, 41.296444308003743 ], [ -75.905747114074217, 41.294714813687165 ], [ -75.905676542741901, 41.293145959069328 ], [ -75.90536912877829, 41.291971114106445 ], [ -75.90435849654007, 41.290242836742401 ], [ -75.902986534418915, 41.288409027249088 ], [ -75.90227543105695, 41.287641301346724 ], [ -75.902059010327861, 41.287266876903054 ], [ -75.902256928710045, 41.286956173451259 ], [ -75.902677708135272, 41.286791721025494 ], [ -75.903129863112937, 41.28685604624431 ], [ -75.903841891219429, 41.287095746974558 ], [ -75.904891035650763, 41.287454985441357 ], [ -75.905939386004974, 41.287842736032232 ], [ -75.906926384445157, 41.287933720838538 ], [ -75.90763942804945, 41.287927032454931 ], [ -75.908821296298854, 41.287603528287107 ], [ -75.909884100923108, 41.28747785252898 ], [ -75.910502258426263, 41.287472355096469 ], [ -75.911130366542878, 41.287554839625059 ], [ -75.911586537099836, 41.287476523230822 ], [ -75.911813785470471, 41.287149469101458 ], [ -75.911961424307094, 41.286529640093534 ], [ -75.911931807938345, 41.286037968815961 ], [ -75.911920674255157, 41.285661203355914 ], [ -75.912204970855356, 41.285660184547403 ], [ -75.912768167772285, 41.285811849516584 ], [ -75.913258141158295, 41.285876738865156 ], [ -75.914209068900348, 41.285692167945292 ], [ -75.914740052807673, 41.285643566136869 ], [ -75.915376485312763, 41.285881990420492 ], [ -75.91635564062959, 41.286040266800185 ], [ -75.917248623234556, 41.286090008101915 ], [ -75.917720916711247, 41.285919336040067 ], [ -75.918300878840085, 41.285472013871512 ], [ -75.918917253801453, 41.284625087028495 ], [ -75.920176658706453, 41.282132272332454 ], [ -75.920640806170582, 41.281699853054661 ], [ -75.92123323941783, 41.281500937355588 ], [ -75.923171437818553, 41.281323386389587 ], [ -75.923759508128683, 41.281280635782551 ], [ -75.924252458449942, 41.281030322217873 ], [ -75.924781965872199, 41.280515616607659 ], [ -75.925720451155129, 41.279046142362553 ], [ -75.926396350316679, 41.278327696914964 ], [ -75.927062090614413, 41.277973664794288 ], [ -75.927901800013018, 41.27757030034811 ], [ -75.929184274586191, 41.277382264640963 ], [ -75.931330808324759, 41.277155788420281 ], [ -75.932308499901197, 41.276754571503254 ], [ -75.933429593122369, 41.276149838724955 ], [ -75.934073414437051, 41.275350158541642 ], [ -75.935008730560909, 41.273984720909098 ], [ -75.935580966020069, 41.273264585794337 ], [ -75.936496772295214, 41.272601943857154 ], [ -75.938033598392053, 41.271949072113912 ], [ -75.93905358777134, 41.271262009198232 ], [ -75.939796822789802, 41.270596624962401 ], [ -75.940263313651528, 41.26995292745832 ], [ -75.940522071861025, 41.269332002610476 ], [ -75.940296882154414, 41.268587339842448 ], [ -75.940171172025032, 41.267581811018971 ], [ -75.940257995080259, 41.267216492353896 ], [ -75.940752832647263, 41.266896186512312 ], [ -75.941395746586252, 41.266771196373199 ], [ -75.942318303649301, 41.266708492597324 ], [ -75.943269615253243, 41.26653043836194 ], [ -75.943840073233531, 41.266249904021542 ], [ -75.944213426434175, 41.265696088664747 ], [ -75.944356142388813, 41.265157952526486 ], [ -75.944243186659577, 41.264615804725189 ], [ -75.944224529184325, 41.264364623745394 ], [ -75.944571771167872, 41.263829696081281 ], [ -75.945204485128855, 41.2631448499558 ], [ -75.945725364860849, 41.262805632244572 ], [ -75.946162640439269, 41.26271599058304 ], [ -75.947160241801797, 41.262712319256316 ], [ -75.949176243587516, 41.262878970411464 ], [ -75.951257224712492, 41.263101921718373 ], [ -75.951931557931289, 41.263134333887365 ], [ -75.952630308254342, 41.262836462424097 ], [ -75.952980647146148, 41.262185761232011 ], [ -75.953101947283656, 41.261492886702008 ], [ -75.95325991148799, 41.260395302348833 ], [ -75.953328486878348, 41.259759501388004 ], [ -75.953443433835872, 41.259298116186898 ], [ -75.953680386559043, 41.259050924692019 ], [ -75.954014841612235, 41.258978947553594 ], [ -75.954724310729901, 41.259221605077954 ], [ -75.955421739077863, 41.259353582051631 ], [ -75.956515976271803, 41.259232380541938 ], [ -75.957348791721401, 41.258644933720333 ], [ -75.957898302014627, 41.25819031134256 ], [ -75.958296543581071, 41.257709335629407 ], [ -75.958576734852073, 41.257097362792344 ], [ -75.958770855162129, 41.256742513933858 ], [ -75.959145521897767, 41.256529644046282 ], [ -75.959703992517959, 41.256339513456119 ], [ -75.960107158735383, 41.256047557610934 ], [ -75.96038624096353, 41.255475327907654 ], [ -75.960322965198401, 41.25489777331542 ], [ -75.960286026228033, 41.254320629456046 ], [ -75.960038955548384, 41.25372033584248 ], [ -75.959845641733949, 41.25308111474682 ], [ -75.959860832269058, 41.252524662171155 ], [ -75.96021239232725, 41.252192140420249 ], [ -75.960769737140836, 41.252041750478995 ], [ -75.961482911947158, 41.251973306271623 ], [ -75.962092377670047, 41.251843601878498 ], [ -75.962709965968259, 41.251415794671225 ], [ -75.963250168719767, 41.250927136725636 ], [ -75.963809662014697, 41.250697239961447 ], [ -75.964791018223536, 41.250454000479394 ], [ -75.965546688318469, 41.250280944702027 ], [ -75.965993197712692, 41.250094552017835 ], [ -75.966452138986739, 41.249695849625013 ], [ -75.966889599520158, 41.249262996219535 ], [ -75.967265383811949, 41.2486262789837 ], [ -75.967437313710377, 41.248070947868705 ], [ -75.967435399123033, 41.247936085531009 ], [ -75.967488187407412, 41.247723972965765 ], [ -75.967496909704892, 41.24740325609649 ], [ -75.967575587516876, 41.247205323864314 ], [ -75.967767278751936, 41.2471640359269 ], [ -75.968117450141051, 41.247224776156948 ], [ -75.968454469274349, 41.247229992651533 ], [ -75.968866858968212, 41.247158926344738 ], [ -75.969225140529232, 41.246921063165409 ], [ -75.969752411832417, 41.246398152380969 ], [ -75.970419354968016, 41.245589735446551 ], [ -75.97089429927415, 41.244833666910473 ], [ -75.971126690001697, 41.244372574860549 ], [ -75.971122665310176, 41.244250808794128 ], [ -75.971179826527589, 41.243764880162367 ], [ -75.971132318607587, 41.243354780770815 ], [ -75.970912288838178, 41.242820313141912 ], [ -75.970732916844213, 41.242408176458554 ], [ -75.970564597303252, 41.242128977497046 ], [ -75.970525443986133, 41.241951349271652 ], [ -75.970558048225058, 41.24183015020877 ], [ -75.970707570267663, 41.241721822579898 ], [ -75.971089717078868, 41.241683472750879 ], [ -75.971789706069913, 41.241815990325073 ], [ -75.972388635571619, 41.241891623709485 ], [ -75.973060824458187, 41.241968383989168 ], [ -75.973471678415009, 41.241952597950835 ], [ -75.973987190355032, 41.241860976725214 ], [ -75.974359478139775, 41.241645441560323 ], [ -75.974623671608001, 41.241361853711474 ], [ -75.974930481683415, 41.240857644811648 ], [ -75.975219640549483, 41.240463802501807 ], [ -75.975550356177905, 41.240159110469499 ], [ -75.97582589848011, 41.239997397516468 ], [ -75.976077965757469, 41.239890643992233 ], [ -75.976415547994208, 41.239873717590662 ], [ -75.976943300494312, 41.239870782065921 ], [ -75.977532349751925, 41.239769213582328 ], [ -75.978283160960331, 41.239648004199978 ], [ -75.97896220611284, 41.239470366854682 ], [ -75.979347025847744, 41.23933245424319 ], [ -75.979658585318219, 41.239193415410391 ], [ -75.980002732599047, 41.238933172179976 ], [ -75.980370942910881, 41.238595850686707 ], [ -75.980748563790655, 41.238181226197845 ], [ -75.981113017154755, 41.237711077216879 ], [ -75.98140391636035, 41.237250860515182 ], [ -75.98160869447085, 41.236722938089834 ], [ -75.981754439086117, 41.236481770127057 ], [ -75.981777439106736, 41.236172332675672 ], [ -75.981841707710103, 41.23596310493474 ], [ -75.98187309706455, 41.235886139533967 ], [ -75.98196219226746, 41.235843252135965 ], [ -75.982210657389004, 41.235869195346488 ], [ -75.982532375315415, 41.23589626295486 ], [ -75.982796981155161, 41.235867133102452 ], [ -75.983240969217618, 41.235707988952001 ], [ -75.983642791907457, 41.235481812035786 ], [ -75.983883454253203, 41.235253161568082 ], [ -75.984129179977629, 41.234836500661636 ], [ -75.984361740093789, 41.234364318129529 ], [ -75.984489959077607, 41.233956918560743 ], [ -75.9846585531632, 41.233682905610273 ], [ -75.984763785292387, 41.233584943057288 ], [ -75.984984429151822, 41.233555135319129 ], [ -75.985335438911889, 41.233582644002972 ], [ -75.98610951521222, 41.233683017870149 ], [ -75.986812427605173, 41.233704849283171 ], [ -75.987332806682602, 41.233701753742821 ], [ -75.987860809194359, 41.233687708631791 ], [ -75.988508684273597, 41.233575919520611 ], [ -75.988921564051495, 41.233482660882387 ], [ -75.989602001656493, 41.233249659350719 ], [ -75.990207701114784, 41.233070832681435 ], [ -75.990685107379861, 41.232757275151471 ], [ -75.991091632517637, 41.232354120015771 ], [ -75.991424309550638, 41.231971963146741 ], [ -75.991898022209753, 41.231248978338641 ], [ -75.992153080150601, 41.230754994357788 ], [ -75.992387345903765, 41.230216437123829 ], [ -75.992608737153034, 41.229611298287168 ], [ -75.992734820273796, 41.229281304383214 ], [ -75.99279697297743, 41.229149484616272 ], [ -75.992929705537861, 41.229118318524733 ], [ -75.993104606680873, 41.229154180036382 ], [ -75.993394628430494, 41.229269245248098 ], [ -75.993770773398609, 41.229452006779738 ], [ -75.994206699032404, 41.229591422776316 ], [ -75.99452720871551, 41.2296626944132 ], [ -75.994805249667408, 41.229677997090263 ], [ -75.995189092136656, 41.229573208797667 ], [ -75.995588174434388, 41.229446523677098 ], [ -75.996258631099565, 41.229036307647533 ], [ -75.996827420020949, 41.228591346908132 ], [ -75.99748150065129, 41.227970659128225 ], [ -75.997830542527225, 41.227522348543687 ], [ -75.998122161486307, 41.227028908504963 ], [ -75.998320569316306, 41.226733198841053 ], [ -75.998515137681906, 41.226581264378204 ], [ -75.998781472370752, 41.226485739790085 ], [ -75.999047806289795, 41.226390214587745 ], [ -75.99920303714535, 41.226309724574904 ], [ -75.99964691543552, 41.22610657283888 ], [ -76.000182236375565, 41.225801649474313 ], [ -76.000791493514427, 41.225414326280223 ], [ -76.001161549990073, 41.225161050998899 ], [ -76.00163590520485, 41.224958039841454 ], [ -76.00231268543827, 41.224857677268517 ], [ -76.003283316441539, 41.224728576587168 ], [ -76.004015522801126, 41.22453840690563 ], [ -76.005034080638097, 41.223834812256463 ], [ -76.005631406262196, 41.22197914046815 ], [ -76.006038909212677, 41.220971633997323 ], [ -76.007342933920427, 41.219097386154012 ], [ -76.007896131915444, 41.21818157989528 ], [ -76.007997659718015, 41.217772370146797 ], [ -76.008326357759742, 41.217343777501895 ], [ -76.008790084514715, 41.21695145609398 ], [ -76.009798769540211, 41.216521732626944 ], [ -76.010561540995482, 41.216248019691385 ], [ -76.011430036360764, 41.215975898354287 ], [ -76.011978620099725, 41.215801628480008 ], [ -76.012691532746729, 41.215698292237882 ], [ -76.014614605687385, 41.216115224676997 ], [ -76.01581761124892, 41.216220238327459 ], [ -76.01716661901456, 41.216176485174806 ], [ -76.018636806429598, 41.21583844167057 ], [ -76.020252223149015, 41.214943563550747 ], [ -76.022552081677304, 41.214796397139544 ], [ -76.026103275311272, 41.213651288487014 ], [ -76.030830565584935, 41.212092985443554 ], [ -76.03386391544818, 41.210827556024192 ], [ -76.038585566965907, 41.20850060296258 ], [ -76.039127697747162, 41.208172182944345 ], [ -76.039841170703127, 41.207433819907735 ], [ -76.040496022467607, 41.207044179070991 ], [ -76.041347712629843, 41.206707223543191 ], [ -76.043521433428808, 41.206065396074038 ], [ -76.046127122033184, 41.205017992054159 ], [ -76.048373152866859, 41.204452038957847 ], [ -76.049835088079433, 41.204005534071804 ], [ -76.052674958387854, 41.203123486329901 ], [ -76.053902495600013, 41.20271735171444 ], [ -76.054854748421889, 41.202095028080933 ], [ -76.055616352179712, 41.200945109636656 ], [ -76.055778263902269, 41.198513353834649 ], [ -76.056140648091556, 41.197919513597668 ], [ -76.056935566031385, 41.197856308973918 ], [ -76.057959479360392, 41.198526707921438 ], [ -76.05866945329258, 41.198874175559226 ], [ -76.059618367806536, 41.198607248812657 ], [ -76.060576423089955, 41.197984690099432 ], [ -76.064093734649887, 41.195937932290796 ], [ -76.065234370787579, 41.195188151028503 ], [ -76.06588122753044, 41.194130337023111 ], [ -76.068919725584678, 41.193088740399205 ], [ -76.070831655995562, 41.191993191522137 ], [ -76.071264853455858, 41.191531403827994 ], [ -76.072595884775012, 41.189884351925372 ], [ -76.072856567047396, 41.189382594836943 ], [ -76.072853021370889, 41.187462768533436 ], [ -76.073138338339376, 41.187083623655376 ], [ -76.073636499421085, 41.186798613750689 ], [ -76.076347938342408, 41.185632389017535 ], [ -76.077973177422791, 41.185075553418606 ], [ -76.081434135827237, 41.183478031464652 ], [ -76.08511838102244, 41.181864910264153 ], [ -76.087986883997218, 41.180235222621107 ], [ -76.090719534972379, 41.179496879632516 ], [ -76.093938789556447, 41.178041303040565 ], [ -76.097491503445127, 41.176706752736798 ], [ -76.10131328922715, 41.17550701698579 ], [ -76.104985644968394, 41.174115850273324 ], [ -76.107795906750795, 41.172940814051096 ], [ -76.109994650768584, 41.172136846040424 ], [ -76.112025507981372, 41.170772873487202 ], [ -76.114267358787728, 41.169652225222613 ], [ -76.116373279399468, 41.168325588841526 ], [ -76.11699672431088, 41.168165913292626 ], [ -76.117715064599125, 41.168176099512955 ], [ -76.118063244702796, 41.168124860874606 ], [ -76.118566082891505, 41.167832398191507 ], [ -76.119040432261599, 41.167689324413267 ], [ -76.119683994704985, 41.167717162701685 ], [ -76.120331731907896, 41.167576538545042 ], [ -76.121137813395748, 41.167116897942527 ], [ -76.123060924976187, 41.165958707810837 ], [ -76.124164497899756, 41.164391416757461 ], [ -76.125739237699932, 41.163592524848269 ], [ -76.128265951577532, 41.162437962670424 ], [ -76.129261435886988, 41.161900562691741 ], [ -76.129747754721265, 41.161525656708406 ], [ -76.130066793008055, 41.16110597820424 ], [ -76.130219595538506, 41.160599127552047 ], [ -76.130172366343189, 41.160237921298346 ], [ -76.12990175922323, 41.159831155619727 ], [ -76.129404641002353, 41.159506033583739 ], [ -76.128738164845018, 41.159220944286488 ], [ -76.128518968946722, 41.159005773842907 ], [ -76.128421394577046, 41.158410565191915 ], [ -76.128492136801427, 41.157817727550508 ], [ -76.128341075112488, 41.15711572359406 ], [ -76.127991040753514, 41.156516959389009 ], [ -76.127052455874491, 41.155888690875003 ], [ -76.126792177226989, 41.155728484261253 ], [ -76.126821038005417, 41.15572763692424 ], [ -76.128354593299008, 41.155701333727912 ], [ -76.133213382014986, 41.155617863332459 ], [ -76.135933907562617, 41.154988471184538 ], [ -76.138604297211899, 41.154401644801084 ], [ -76.139991925937878, 41.153901292395922 ], [ -76.141143039643268, 41.153435383578028 ], [ -76.14219749205472, 41.152771443822651 ], [ -76.142913252368515, 41.152187600611256 ], [ -76.1433453935785, 41.151727045467062 ], [ -76.14369597024114, 41.15115931126477 ], [ -76.143965497748795, 41.150463193103114 ], [ -76.143958514991283, 41.150113581836322 ], [ -76.142937656601234, 41.150200729876026 ], [ -76.142815376176358, 41.150205779071136 ], [ -76.14319720741355, 41.149752596775073 ], [ -76.143518172053348, 41.149248073898598 ], [ -76.143558127207484, 41.148760837976567 ], [ -76.143373179735448, 41.148291672525829 ], [ -76.142881774181802, 41.147733396501494 ], [ -76.141998743523828, 41.147127232901681 ], [ -76.140776048732775, 41.146643567445317 ], [ -76.139962667531449, 41.146632197528518 ], [ -76.139202267297378, 41.146748814270104 ], [ -76.13821332870738, 41.147031892939566 ], [ -76.137305406749391, 41.147443348059923 ], [ -76.136311388728629, 41.147917646856108 ], [ -76.138442268075238, 41.146365528308444 ], [ -76.138457037568159, 41.146353143486863 ], [ -76.138401869837423, 41.146207403551152 ], [ -76.138325517761118, 41.145888209010252 ], [ -76.138414851961215, 41.14567737548952 ], [ -76.138587289059288, 41.145510120875585 ], [ -76.138816858695563, 41.145301249266524 ], [ -76.138822049698149, 41.145089237795169 ], [ -76.138687005976223, 41.144875264209588 ], [ -76.137988565666788, 41.144754816724308 ], [ -76.137066528228473, 41.144598075860131 ], [ -76.136479626580424, 41.144505020044214 ], [ -76.13499783893009, 41.144293370649372 ], [ -76.133876102767942, 41.144222605569368 ], [ -76.132619838991488, 41.144250162851066 ], [ -76.131481998403089, 41.144324569928429 ], [ -76.130582679339781, 41.144424916855172 ], [ -76.129321959031785, 41.144633163848319 ], [ -76.127659068364153, 41.144883412977592 ], [ -76.12469779313237, 41.145428840696354 ], [ -76.121513722511992, 41.146121603980895 ], [ -76.119225964450692, 41.146811918748085 ], [ -76.118167152912946, 41.147234555674032 ], [ -76.117159774067787, 41.147912516183169 ], [ -76.116461354087065, 41.148566596620498 ], [ -76.115815416534218, 41.148988316036181 ], [ -76.115329977081515, 41.149229004530653 ], [ -76.115085579899514, 41.148762110788539 ], [ -76.114567964015947, 41.147773234184065 ], [ -76.11443309611019, 41.147810150036307 ], [ -76.113850030508033, 41.147978554594786 ], [ -76.113190494233066, 41.148195219670214 ], [ -76.112484246258845, 41.148411215196681 ], [ -76.111646857338954, 41.148639468483033 ], [ -76.110126855446168, 41.149069082560025 ], [ -76.108522744080531, 41.149518021930483 ], [ -76.10440275740072, 41.150456007648209 ], [ -76.102114346318317, 41.151080740111858 ], [ -76.09636145385582, 41.152228350656692 ], [ -76.091849511708531, 41.153117840427839 ], [ -76.087063621453581, 41.153987773936038 ], [ -76.083607926105572, 41.154698280770326 ], [ -76.080613151789947, 41.155415366611329 ], [ -76.077911679213216, 41.156136634883261 ], [ -76.074277648875764, 41.157256188565199 ], [ -76.067818372744327, 41.159068141747163 ], [ -76.065020052499762, 41.159854348827373 ], [ -76.063777600418931, 41.160154285401738 ], [ -76.062507086901888, 41.160453796174714 ], [ -76.060389537225234, 41.160952949753373 ], [ -76.055838416015391, 41.161834319709364 ], [ -76.052548012789217, 41.162609692949538 ], [ -76.048959177470721, 41.163456893870602 ], [ -76.045231932189651, 41.164334933074748 ], [ -76.036989112043713, 41.165959781021186 ], [ -76.033570011420935, 41.166791585546676 ], [ -76.030666129083471, 41.167362756149778 ], [ -76.027946677519992, 41.168243857542784 ], [ -76.024875549940504, 41.169475388245303 ], [ -76.024445162502047, 41.169565964492726 ], [ -76.023952296819388, 41.169590918785666 ], [ -76.020059797434001, 41.169500157614742 ], [ -76.019502755720879, 41.169524129430343 ], [ -76.018923042881312, 41.169596269013873 ], [ -76.016480769441031, 41.170101250691744 ], [ -76.016052926209625, 41.170094807907326 ], [ -76.015045790090454, 41.170144319716734 ], [ -76.012799220332397, 41.170935162068005 ], [ -76.012151892552865, 41.171135615982962 ], [ -76.011571732448076, 41.171223882818211 ], [ -76.010454618911766, 41.171384891147781 ], [ -76.009962163560402, 41.171393620120789 ], [ -76.008255451599979, 41.171998480331361 ], [ -76.00791017052525, 41.172106452871681 ], [ -76.00750285129071, 41.172132631158611 ], [ -76.006861498581543, 41.172106751347584 ], [ -76.003946944120884, 41.17225664050509 ], [ -76.00209665911396, 41.172501326596823 ], [ -76.000629540096696, 41.172479044888625 ], [ -76.000201404861116, 41.172573134905733 ], [ -75.999647576419079, 41.172720290237692 ], [ -75.997518316388593, 41.173218366857519 ], [ -75.993989444638046, 41.173701774676218 ], [ -75.991186199541815, 41.174175685371232 ], [ -75.990330223159091, 41.174437525233174 ], [ -75.989346875879178, 41.174926504661315 ], [ -75.988738258287867, 41.175008836563187 ], [ -75.987590237605772, 41.174853821396887 ], [ -75.985651754138175, 41.174778323612635 ], [ -75.984576131899871, 41.174814336069147 ], [ -75.982602487902128, 41.175418856020606 ], [ -75.981702463660383, 41.175667727852279 ], [ -75.980592285739817, 41.175754545153659 ], [ -75.978731747137388, 41.175711828253711 ], [ -75.977554046058614, 41.175982740377421 ], [ -75.976330587139202, 41.176376275787675 ], [ -75.975162782599014, 41.176953933969536 ], [ -75.974851033962665, 41.177269861239552 ], [ -75.974527664632006, 41.177442040733439 ], [ -75.973938051787755, 41.177393243679681 ], [ -75.972364468605733, 41.177277329182495 ], [ -75.969303349743413, 41.177361385998012 ], [ -75.967558284773517, 41.177844511479904 ], [ -75.964027501106187, 41.178339641338432 ], [ -75.961894638930744, 41.178718915462447 ], [ -75.960859135562103, 41.178886108498773 ], [ -75.959692403777524, 41.179417805533227 ], [ -75.959021849227099, 41.179544834982913 ], [ -75.958415654862051, 41.179535406828741 ], [ -75.957323254402453, 41.179564228509093 ], [ -75.956349596624534, 41.179686527078559 ], [ -75.954725038876745, 41.180325584604304 ], [ -75.953182698884319, 41.180954454756311 ], [ -75.952331354797025, 41.18152943731365 ], [ -75.951555537496915, 41.182119940872084 ], [ -75.950980144995413, 41.182326174342137 ], [ -75.950142515894811, 41.182399174265541 ], [ -75.949249505828064, 41.182413911013214 ], [ -75.948073317562915, 41.182366817686095 ], [ -75.946818443016156, 41.182418917158017 ], [ -75.94532418959389, 41.182561233470096 ], [ -75.943799834940009, 41.182858067785439 ], [ -75.942500178926338, 41.183369930245227 ], [ -75.941346551789721, 41.183882694980511 ], [ -75.939664912918019, 41.184258015601785 ], [ -75.937966643287851, 41.184546961798596 ], [ -75.935963428439791, 41.18487412511444 ], [ -75.935007491542251, 41.185102978172473 ], [ -75.934258390669086, 41.185406825156321 ], [ -75.93372009593125, 41.185642251639884 ], [ -75.932992743819568, 41.185845997972578 ], [ -75.931457928024287, 41.186146060388403 ], [ -75.929539108198483, 41.186422765705032 ], [ -75.928225781337758, 41.186782255911865 ], [ -75.927526110169779, 41.187441406948956 ], [ -75.926428247751076, 41.188174183690137 ], [ -75.92503003463797, 41.188289491412256 ], [ -75.924299966082529, 41.188369555607295 ], [ -75.922815872125611, 41.189063227312332 ], [ -75.921742255833422, 41.189724726285704 ], [ -75.920861965532794, 41.189968946395481 ], [ -75.920033236821482, 41.190447053309455 ], [ -75.91888118273296, 41.191544030128895 ], [ -75.91814231158672, 41.192163428836551 ], [ -75.917321080444452, 41.192552278676715 ], [ -75.916163911915973, 41.19267279939266 ], [ -75.914865533510607, 41.192541585803575 ], [ -75.913571601530407, 41.192635713550857 ], [ -75.913042954106416, 41.192769509285242 ], [ -75.912706316376855, 41.192956084294806 ], [ -75.912209697334916, 41.193285984368416 ], [ -75.912668971554211, 41.193274212077561 ], [ -75.912239437947719, 41.193683885815076 ], [ -75.911625344436771, 41.194116175912647 ], [ -75.910906101437078, 41.194350786674278 ], [ -75.910121561971621, 41.194549028533693 ], [ -75.909279400208405, 41.194728778475898 ], [ -75.908522583560583, 41.195039200277783 ], [ -75.907367654972873, 41.195734505035091 ], [ -75.906994860104845, 41.195848416534744 ], [ -75.904814706410804, 41.196008376518307 ], [ -75.904051267338588, 41.196458088400227 ], [ -75.903292539598183, 41.197322515646555 ], [ -75.902352437402612, 41.198590769258971 ], [ -75.901885122798333, 41.199151670674624 ], [ -75.901135050288815, 41.199657507987922 ], [ -75.900286803687536, 41.200085974500588 ], [ -75.899878646775718, 41.200408831961902 ], [ -75.898816216484306, 41.202267121743191 ], [ -75.898783728843867, 41.202385950674426 ], [ -75.898729307309722, 41.202536648794442 ], [ -75.898607662584482, 41.202698897739552 ], [ -75.898386072619061, 41.202846908744533 ], [ -75.898150256235354, 41.202906271788038 ], [ -75.897831925013691, 41.202926414285365 ], [ -75.897365278643505, 41.202868382324425 ], [ -75.896663885749746, 41.202831833287071 ], [ -75.896244897412458, 41.202862981907735 ], [ -75.895790335940475, 41.202969343639303 ], [ -75.895214474438859, 41.203225322650226 ], [ -75.894739624631995, 41.203457664625162 ], [ -75.894368996969121, 41.203552741542218 ], [ -75.893645172912429, 41.203717909824263 ], [ -75.893072868304174, 41.203847624504647 ], [ -75.892482414564924, 41.204027568038271 ], [ -75.892057700732678, 41.204260707301216 ], [ -75.891680634165837, 41.204583031190559 ], [ -75.891381073574607, 41.205121334389631 ], [ -75.890976201283067, 41.205834772873636 ], [ -75.890796870234908, 41.206261335006033 ], [ -75.890634120821119, 41.206678192394847 ], [ -75.890629505267924, 41.206685812351623 ], [ -75.887692876528945, 41.207592938507965 ], [ -75.887210058766343, 41.208003296061371 ], [ -75.886459223320387, 41.208523897328561 ], [ -75.885801497841086, 41.208943577238699 ], [ -75.885173417870845, 41.209043973335611 ], [ -75.883331897205835, 41.20910255082849 ], [ -75.882205668702625, 41.209299016254036 ], [ -75.881301300883635, 41.209559150325106 ], [ -75.879947253675567, 41.210487574405491 ], [ -75.878850472295824, 41.210823425884968 ], [ -75.878157807832636, 41.211064789623265 ], [ -75.877138202285494, 41.211671827313431 ], [ -75.876673740048076, 41.21207640117413 ], [ -75.875900153662585, 41.212454958033923 ], [ -75.874981425758136, 41.21269819458017 ], [ -75.874391442931184, 41.212966388759114 ], [ -75.874223707239778, 41.213069429195521 ], [ -75.873822880736498, 41.21341187249481 ], [ -75.872709210499806, 41.214440642178474 ], [ -75.872210268181618, 41.214794903096951 ], [ -75.871756121161425, 41.215136469735555 ], [ -75.871037387231354, 41.215406606101041 ], [ -75.870089598779444, 41.2156058881042 ], [ -75.869215564877138, 41.215712412141563 ], [ -75.867990422029237, 41.215665548540251 ], [ -75.866484476510294, 41.215493279558856 ], [ -75.864921387504012, 41.215454276785827 ], [ -75.864077081315443, 41.21545387269181 ], [ -75.862940782206095, 41.215408409670509 ], [ -75.861963227312685, 41.215405806555459 ], [ -75.861322082998157, 41.21544897872397 ], [ -75.860357660146136, 41.215607641634712 ], [ -75.859943616046635, 41.215788754370074 ], [ -75.859453866557445, 41.216129687921757 ], [ -75.859013546574559, 41.216605649356779 ], [ -75.858654720574833, 41.217029262196412 ], [ -75.858140999366469, 41.217584548035724 ], [ -75.857593283503988, 41.21808558529203 ], [ -75.857105438783492, 41.218359427857848 ], [ -75.856242537198625, 41.218694212080287 ], [ -75.855652336734366, 41.218818723258288 ], [ -75.855053636802992, 41.218929668541364 ], [ -75.853755054193172, 41.21896197660206 ], [ -75.852487350687113, 41.219155843607162 ], [ -75.851237020133837, 41.219363403854167 ], [ -75.849724777155132, 41.219714271722296 ], [ -75.84875638205915, 41.220006991264796 ], [ -75.848000024985808, 41.22034347150457 ], [ -75.847185300771429, 41.220853467641845 ], [ -75.846864633983088, 41.221183717716833 ], [ -75.846370495738043, 41.221672164134887 ], [ -75.846052477735213, 41.222217208105022 ], [ -75.845934190199657, 41.222617912486861 ], [ -75.845937945005005, 41.223101168010217 ], [ -75.846011607305641, 41.223625844773061 ], [ -75.846422100025904, 41.224182936008162 ], [ -75.846884742226791, 41.224781153443764 ], [ -75.847104847256972, 41.225160607854122 ], [ -75.847118725691303, 41.22529505742402 ], [ -75.846905105226014, 41.225304948378565 ], [ -75.846604974162915, 41.225232876487539 ], [ -75.846296738115186, 41.22513382657862 ], [ -75.845857180301124, 41.224965493114965 ], [ -75.845240325429515, 41.224780802262096 ], [ -75.844690263257988, 41.224744856438342 ], [ -75.843571204051813, 41.224712909191041 ], [ -75.84264448536068, 41.224791513727908 ], [ -75.842088964728063, 41.224943373304349 ], [ -75.84167481457807, 41.225124417670372 ], [ -75.84138387355793, 41.225347768130746 ], [ -75.841209603100438, 41.225532787701816 ], [ -75.841103194002812, 41.226135013813547 ], [ -75.841172527974436, 41.226807263223407 ], [ -75.841291657973457, 41.227601136711435 ], [ -75.841462149513276, 41.228462972849805 ], [ -75.841777930646273, 41.229219838739326 ], [ -75.842009546700822, 41.229814245514042 ], [ -75.84195038227071, 41.230014595202746 ], [ -75.841734406815775, 41.230104968932174 ], [ -75.841520380719743, 41.230128265499673 ], [ -75.841185473891983, 41.230028759066016 ], [ -75.840499455629555, 41.229775786269983 ], [ -75.839726935106199, 41.229440841911895 ], [ -75.839153309406299, 41.229297103127074 ], [ -75.838391927462126, 41.22919050888266 ], [ -75.837981647695415, 41.229237383700024 ], [ -75.837548516569257, 41.229458363448003 ], [ -75.837251676064056, 41.229882935995704 ], [ -75.837003450067471, 41.230469378508488 ], [ -75.836834126103454, 41.230788692248787 ], [ -75.836615793482395, 41.23095954947204 ], [ -75.83634649443583, 41.231049028310757 ], [ -75.835903010094412, 41.231014810685792 ], [ -75.835266007904821, 41.230910264497865 ], [ -75.83432925945749, 41.230720194004817 ], [ -75.833567085914638, 41.230640399142345 ], [ -75.83290879293962, 41.230656282585976 ], [ -75.832355162391693, 41.230741016024645 ], [ -75.831701438654846, 41.230904610232756 ], [ -75.831125325231824, 41.231150026483689 ], [ -75.830613225530882, 41.231638103502675 ], [ -75.830387022817618, 41.232077256805972 ], [ -75.830334207033147, 41.232666943127121 ], [ -75.830315754478633, 41.233297467845809 ], [ -75.830247523554135, 41.233806365522511 ], [ -75.830120768305846, 41.233884783640768 ], [ -75.829800490399094, 41.233892863868832 ], [ -75.829267744050014, 41.233870554415674 ], [ -75.828469605689023, 41.23380354649084 ], [ -75.827652910963593, 41.233763067992221 ], [ -75.827154528856767, 41.233781588124309 ], [ -75.826279800551916, 41.23390119456225 ], [ -75.825769776679792, 41.234013468403639 ], [ -75.82521453608075, 41.234151827735715 ], [ -75.824841337042258, 41.234145586987609 ], [ -75.823880106861836, 41.234183196793559 ], [ -75.823042094217868, 41.234263126540959 ], [ -75.822077709422459, 41.234408042327964 ], [ -75.820851687476093, 41.234682786319368 ], [ -75.820027095340095, 41.234910561146826 ], [ -75.819537394777001, 41.235237898921483 ], [ -75.818611687525532, 41.235880046694241 ], [ -75.817631857801217, 41.236548123430325 ], [ -75.816744821268401, 41.23708352959553 ], [ -75.816339016270021, 41.237278043048875 ], [ -75.814923108981901, 41.238260896558522 ], [ -75.813500250725355, 41.239176505037619 ], [ -75.812337042313445, 41.240029357418685 ], [ -75.811241725627781, 41.240990716002464 ], [ -75.810524770409828, 41.241783954716965 ], [ -75.809668544220969, 41.242776169316564 ], [ -75.809110324485673, 41.243612340012213 ], [ -75.808619612110718, 41.244570442632451 ], [ -75.808516443733211, 41.245051891828133 ], [ -75.808562218922347, 41.245307680342819 ], [ -75.808698852757487, 41.245497891139777 ], [ -75.808978476228276, 41.245663670156411 ], [ -75.809257306901642, 41.245856278297573 ], [ -75.809377360583795, 41.246005942482817 ], [ -75.809443295646304, 41.246181539047598 ], [ -75.809351645371592, 41.246273947147635 ], [ -75.809207066767669, 41.246352042417598 ], [ -75.808957825785143, 41.246361260384901 ], [ -75.808763894682741, 41.246304303179592 ], [ -75.808447131936205, 41.246191585406088 ], [ -75.808061656128132, 41.245997175966451 ], [ -75.807837345224968, 41.245765218772327 ], [ -75.807384064890044, 41.244858301770925 ], [ -75.807010923104912, 41.244248018225193 ], [ -75.806559933836624, 41.243864591157362 ], [ -75.806138531568465, 41.243682991170154 ], [ -75.805657447191109, 41.243715131768674 ], [ -75.804946099620665, 41.243716535854496 ], [ -75.804054228184839, 41.243808837056463 ], [ -75.803033556925485, 41.244046594603084 ], [ -75.802115535976256, 41.244420299628679 ], [ -75.801283187057777, 41.244902822068703 ], [ -75.800538897625344, 41.245413672605366 ], [ -75.799990515030444, 41.245914416615477 ], [ -75.799508431129269, 41.24657734391166 ], [ -75.799008961921061, 41.247226552472874 ], [ -75.798535643173523, 41.247594342239566 ], [ -75.797833242202671, 41.247891135493369 ], [ -75.797147810831135, 41.24821505665426 ], [ -75.79700887534085, 41.248304126105218 ], [ -75.796662167232356, 41.24862217281197 ], [ -75.795984418105419, 41.249658298659952 ], [ -75.795777744514396, 41.250124664050446 ], [ -75.795659378867796, 41.250595138544433 ], [ -75.795608001133161, 41.251091312440131 ], [ -75.795739892320839, 41.251576792531829 ], [ -75.795944103226859, 41.252091112130366 ], [ -75.79606346791077, 41.252383082860973 ], [ -75.796086880495949, 41.25282529916894 ], [ -75.795966472282856, 41.253182233982535 ], [ -75.795645324884745, 41.25352195257306 ], [ -75.795372862468071, 41.254069600892699 ], [ -75.795375926744697, 41.254580505736207 ], [ -75.795411451027292, 41.255230030284878 ], [ -75.795427453342086, 41.255920645746187 ], [ -75.795324498112066, 41.256305488594499 ], [ -75.795131753488377, 41.256633579340658 ], [ -75.794847982227807, 41.256946315600693 ], [ -75.794491470014449, 41.25724401108279 ], [ -75.794085033108828, 41.257375173461504 ], [ -75.793604622668823, 41.257532690996712 ], [ -75.792903936608184, 41.257714075507494 ], [ -75.792204071370307, 41.257867854689756 ], [ -75.791652976624107, 41.257941320774385 ], [ -75.790938118351306, 41.257984383041716 ], [ -75.790315108491782, 41.25801519936708 ], [ -75.789913610867586, 41.257980748747116 ], [ -75.789279742545816, 41.257762850015936 ], [ -75.788683692652739, 41.257504171409785 ], [ -75.788217721185305, 41.257178673945702 ], [ -75.78771270378769, 41.256935347843537 ], [ -75.787439222642888, 41.256903072370534 ], [ -75.787036080897693, 41.256923812126814 ], [ -75.786094345948257, 41.257211497933937 ], [ -75.785572381949436, 41.257533955350333 ], [ -75.784934484529543, 41.258061531972217 ], [ -75.784682680470382, 41.258526665354168 ], [ -75.784565510435129, 41.258773187215027 ], [ -75.784491031777591, 41.259122897590913 ], [ -75.784357393600843, 41.259611849999438 ], [ -75.784563830747473, 41.260184431971354 ], [ -75.784616540168244, 41.260878909109657 ], [ -75.784372771829126, 41.261651553384773 ], [ -75.783980018825304, 41.263043303158476 ], [ -75.783855532618162, 41.264753222627526 ], [ -75.783792044766983, 41.265649580738305 ], [ -75.78366367567871, 41.266268694327835 ], [ -75.783374477084152, 41.266739227071824 ], [ -75.782802460101848, 41.266964363073676 ], [ -75.782229367528302, 41.266913856416124 ], [ -75.781683098560265, 41.266738057475067 ], [ -75.781106029755009, 41.266128324394742 ], [ -75.780622231734171, 41.265332757419955 ], [ -75.780012480681307, 41.26482294758609 ], [ -75.779510487715285, 41.264398207742289 ], [ -75.779450328167144, 41.263953289007837 ], [ -75.779367591015017, 41.263036351126125 ], [ -75.779045191202698, 41.262753399999717 ], [ -75.778566623582975, 41.262772947088017 ], [ -75.778007049942232, 41.263040792115831 ], [ -75.777605317799697, 41.26295067928956 ], [ -75.777394838124579, 41.262614155469343 ], [ -75.777370708242501, 41.261949935366516 ], [ -75.776988075928855, 41.261469717263012 ], [ -75.776228060644243, 41.261068283376147 ], [ -75.774957074410537, 41.260679737848072 ], [ -75.773664952777096, 41.260622741030147 ], [ -75.772077251140814, 41.260941542383158 ], [ -75.77126503240838, 41.261338854646922 ], [ -75.770622329601068, 41.261637851861224 ], [ -75.770242574594278, 41.26206121586587 ], [ -75.770147013021003, 41.262767142382302 ], [ -75.770356620364637, 41.263058317840667 ], [ -75.770889429405898, 41.263750917381728 ], [ -75.771074370155347, 41.264133784494746 ], [ -75.771086479411338, 41.264531111431971 ], [ -75.771053954633032, 41.264809966642069 ], [ -75.770921061014491, 41.265138614201412 ], [ -75.770577751198545, 41.26554885572839 ], [ -75.770264482478382, 41.266181558195733 ], [ -75.770122400698497, 41.267233348393994 ], [ -75.770293835202523, 41.268165754111529 ], [ -75.770548234322092, 41.268960742355688 ], [ -75.771100545433868, 41.269933089648951 ], [ -75.771555335949785, 41.270784201116989 ], [ -75.771892355191937, 41.271285959307995 ], [ -75.772543300562205, 41.27215316599878 ], [ -75.772981425752079, 41.272795805865741 ], [ -75.773134389256271, 41.273185023226588 ], [ -75.77317718904429, 41.273586156015888 ], [ -75.773110657205592, 41.273971602653262 ], [ -75.773009620059426, 41.274287422394075 ], [ -75.772842081222834, 41.274381192344968 ], [ -75.772473745283406, 41.274457705079797 ], [ -75.772144492503926, 41.274452046425864 ], [ -75.771688448955885, 41.274402788760568 ], [ -75.770703193148663, 41.274303008111822 ], [ -75.770072155680936, 41.27398840547221 ], [ -75.769205421836588, 41.273600709400554 ], [ -75.768576486122427, 41.273217100189719 ], [ -75.76792759671379, 41.272888371458158 ], [ -75.767313207771807, 41.272629267551437 ], [ -75.766715861444624, 41.272411874000944 ], [ -75.766240709472271, 41.272389877837703 ], [ -75.765489100091145, 41.272432148240455 ], [ -75.764752017542477, 41.272598924606072 ], [ -75.763957549485511, 41.272847547368734 ], [ -75.763586703930301, 41.273006828865881 ], [ -75.763089490053147, 41.273108700357746 ], [ -75.762987632679142, 41.273148361836355 ], [ -75.761897138489246, 41.273502313172528 ], [ -75.761245629532169, 41.27386384024841 ], [ -75.760474725758939, 41.274540855439149 ], [ -75.760000664983963, 41.275084930442297 ], [ -75.759601863409316, 41.275561271309016 ], [ -75.759343103443697, 41.276247134888081 ], [ -75.759328428265761, 41.276730118352781 ], [ -75.758934642071807, 41.277040862374939 ], [ -75.758616541630929, 41.277270073249056 ], [ -75.758355832955075, 41.277417436883283 ], [ -75.758063152448599, 41.277412371228259 ], [ -75.757828287335897, 41.277311659323026 ], [ -75.757690762724039, 41.277019336804614 ], [ -75.757682541872498, 41.276687831804331 ], [ -75.757580761562494, 41.276423741078943 ], [ -75.757346321596899, 41.276309228747138 ], [ -75.757053646048021, 41.276304161444706 ], [ -75.756646600296861, 41.276448985114733 ], [ -75.756255326342455, 41.276676923502194 ], [ -75.755713928442304, 41.277026519561232 ], [ -75.755102718316181, 41.277264448843617 ], [ -75.754616288399475, 41.277311243348805 ], [ -75.753844222387642, 41.27742211568556 ], [ -75.753219335818571, 41.277507924159082 ], [ -75.752542514523995, 41.277496178463984 ], [ -75.751699379181701, 41.277536769901353 ], [ -75.75120674625289, 41.27748679498783 ], [ -75.750734513001149, 41.277368138594554 ], [ -75.750424384543223, 41.277335137201007 ], [ -75.750001131806229, 41.277410623632633 ], [ -75.749814416391033, 41.277531639468897 ], [ -75.749452956529851, 41.277980982852291 ], [ -75.749325539464976, 41.278100157571096 ], [ -75.749189626257902, 41.278189140878631 ], [ -75.748500729921432, 41.278497533072468 ], [ -75.747742062487177, 41.278772672382821 ], [ -75.747251230034365, 41.279084499929809 ], [ -75.74706129898675, 41.279228918959845 ], [ -75.747004181061342, 41.279293779014395 ], [ -75.746853884701252, 41.279579489569784 ], [ -75.74660688776666, 41.28001836081868 ], [ -75.746475744931942, 41.28060340957957 ], [ -75.746493922733293, 41.280934765351738 ], [ -75.746419260800295, 41.2810616117359 ], [ -75.746149126849474, 41.281099627198643 ], [ -75.745924378708807, 41.281042322778703 ], [ -75.745445280225326, 41.280969913135557 ], [ -75.744525936290472, 41.280943229639576 ], [ -75.743589502225802, 41.2810123498463 ], [ -75.74275047359977, 41.281136552964327 ], [ -75.742194416958611, 41.281265684359241 ], [ -75.741606463088672, 41.281511722209963 ], [ -75.74097936585153, 41.28187987906712 ], [ -75.74024139525001, 41.28240093949583 ], [ -75.739772902728205, 41.2829053418996 ], [ -75.739287304128126, 41.283505551693288 ], [ -75.738804018235498, 41.28426064173356 ], [ -75.738401332150531, 41.284926368129007 ], [ -75.738026582004551, 41.285373668062959 ], [ -75.737305038507657, 41.28627942936879 ], [ -75.736938826076056, 41.286678820247182 ], [ -75.73630474271225, 41.287041489470667 ], [ -75.73582991283898, 41.287289475963924 ], [ -75.735186921149307, 41.287481124656281 ], [ -75.734571240589403, 41.287705284139776 ], [ -75.734496132789587, 41.287762545038078 ], [ -75.734261262799635, 41.287886736375597 ], [ -75.734013895536719, 41.288194473235144 ], [ -75.734105829464141, 41.28851896477854 ], [ -75.734174551500288, 41.288935301968785 ], [ -75.733737236008778, 41.289235153605674 ], [ -75.732329548703248, 41.289933140881509 ], [ -75.732110147251248, 41.290155667033211 ], [ -75.732072306316155, 41.290464686565656 ], [ -75.732243328806433, 41.290746522487638 ], [ -75.732753653252786, 41.291385849961806 ], [ -75.733082035185447, 41.291975863098436 ], [ -75.733250186028599, 41.29265284495218 ], [ -75.733352160021255, 41.293133743330884 ], [ -75.733141779244619, 41.293345313371965 ], [ -75.732611548810212, 41.293351401650327 ], [ -75.73096541775098, 41.293184177411973 ], [ -75.729812904751299, 41.293089581066447 ], [ -75.729803861954494, 41.293089253757941 ], [ -75.728870208172395, 41.293062193935206 ], [ -75.728103734162985, 41.293123490523804 ], [ -75.727350090688262, 41.293227723506064 ], [ -75.72687881200423, 41.293358268966358 ], [ -75.726116585188933, 41.293739987806418 ], [ -75.725595584545019, 41.294104585141234 ], [ -75.725271049695749, 41.294526028467651 ], [ -75.725098877457526, 41.295056935190956 ], [ -75.725131429618543, 41.295377868508119 ], [ -75.725370007164472, 41.295675727084109 ], [ -75.725683286817514, 41.296076345532839 ], [ -75.726190079181436, 41.296629865333934 ], [ -75.726648518318186, 41.296915566817702 ], [ -75.726796604176087, 41.29716377836435 ], [ -75.726685349683677, 41.297327343622165 ], [ -75.726286450355559, 41.297405764160978 ], [ -75.725689747630852, 41.297470028226641 ], [ -75.725346134157135, 41.297592132553739 ], [ -75.725154563004395, 41.297834374685813 ], [ -75.725070595689473, 41.298260045675768 ], [ -75.724880670938148, 41.298448922274019 ], [ -75.724508746208514, 41.298570526016356 ], [ -75.724038414282518, 41.298669040371017 ], [ -75.723706961459825, 41.298855424480045 ], [ -75.723587133558695, 41.299066890889627 ], [ -75.723349100418929, 41.299666048193714 ], [ -75.723253881121863, 41.300454594909354 ], [ -75.723234713320991, 41.301073621335114 ], [ -75.723348568003502, 41.301283858343481 ], [ -75.723580579485045, 41.301565587401484 ], [ -75.724092347689947, 41.301959023300746 ], [ -75.724678853402182, 41.302225628133243 ], [ -75.725802218301737, 41.302304110970944 ], [ -75.727081617497163, 41.302145052971746 ], [ -75.72807992481799, 41.301916974098397 ], [ -75.728989024404058, 41.301826143961883 ], [ -75.72946858492142, 41.301887952746839 ], [ -75.729816154001227, 41.302096945447325 ], [ -75.730326982214919, 41.302292780873927 ], [ -75.73087599614, 41.302398516498634 ], [ -75.731597156260719, 41.302432514880834 ], [ -75.732503627197829, 41.302427040765025 ], [ -75.73316883344458, 41.302438692200681 ], [ -75.733577306860781, 41.302509916235493 ], [ -75.734244176755652, 41.302927380192855 ], [ -75.7346167875737, 41.303243583462056 ], [ -75.734895796047397, 41.303490007575519 ], [ -75.735582896686253, 41.30406138752457 ], [ -75.735957164410337, 41.304324222266231 ], [ -75.736173442768703, 41.304659042779107 ], [ -75.736232389230082, 41.305044506111294 ], [ -75.736240006757214, 41.305717396835291 ], [ -75.736320087212903, 41.30702693447806 ], [ -75.736417229601699, 41.307551888372849 ], [ -75.736649679349128, 41.308282100867366 ], [ -75.736605297164957, 41.309034172903651 ], [ -75.73634563342361, 41.309878586150056 ], [ -75.736302542333746, 41.310358374652758 ], [ -75.736055679738413, 41.310786542779347 ], [ -75.735795957734922, 41.310942181002112 ], [ -75.735337405236933, 41.311115697591895 ], [ -75.734739269083903, 41.311222698161366 ], [ -75.733984438959979, 41.311358988374593 ], [ -75.733328032655152, 41.311518354862606 ], [ -75.732821078400278, 41.311653637546193 ], [ -75.732031673602705, 41.311992204738353 ], [ -75.731711364831824, 41.312274915521044 ], [ -75.731577051886205, 41.312496813417852 ], [ -75.731480593840814, 41.312868875335518 ], [ -75.731447673651232, 41.313017800644609 ], [ -75.731356811981826, 41.313208424092252 ], [ -75.7312116331467, 41.313323344920967 ], [ -75.730654290755282, 41.313484431751917 ], [ -75.730228632803602, 41.313509003023 ], [ -75.729633434268038, 41.313519921282534 ], [ -75.728898327673321, 41.313474985432279 ], [ -75.728594332344684, 41.313463531914266 ], [ -75.727419226117618, 41.313443679527794 ], [ -75.727106479818758, 41.313480900923494 ], [ -75.726693656081494, 41.313548399552033 ], [ -75.726393415947484, 41.313639232195847 ], [ -75.726191274464099, 41.313763824089428 ], [ -75.726013151328999, 41.314027660338361 ], [ -75.725674359530657, 41.31444885187193 ], [ -75.72542512147534, 41.314722115648166 ], [ -75.725250296363228, 41.314879222103386 ], [ -75.725108075065492, 41.314898079432879 ], [ -75.724868745861912, 41.314851156374566 ], [ -75.724688022292256, 41.314741191567293 ], [ -75.724540899047469, 41.314460958623137 ], [ -75.724479373051437, 41.314160874476137 ], [ -75.724429687654322, 41.313935748220153 ], [ -75.724305261131178, 41.313837451923803 ], [ -75.724109395007915, 41.313759255843031 ], [ -75.723769988371501, 41.313742605293768 ], [ -75.723441763226802, 41.313822260107997 ], [ -75.723211304394468, 41.313946347488354 ], [ -75.723047985714459, 41.314189083332757 ], [ -75.723102892186702, 41.314702625240294 ], [ -75.723109112586386, 41.314959022070539 ], [ -75.722977410198055, 41.315095526858876 ], [ -75.722591890120768, 41.315195526738613 ], [ -75.722218871653851, 41.315349139836911 ], [ -75.722099006718267, 41.315560601797472 ], [ -75.721986680229179, 41.315985770312288 ], [ -75.722018229854541, 41.316338721504991 ], [ -75.721978667350356, 41.316701099833828 ], [ -75.721931897809554, 41.316839098769321 ], [ -75.721784708528972, 41.317018043260603 ], [ -75.721554565679767, 41.317131454469802 ], [ -75.721255295478684, 41.317190255494808 ], [ -75.721002065523621, 41.317209756513186 ], [ -75.720678105338479, 41.31718822569357 ], [ -75.719830572353374, 41.317113685604582 ], [ -75.71858926886604, 41.317210615753815 ], [ -75.718278473427361, 41.317265921089394 ], [ -75.718006186676945, 41.317367903463214 ], [ -75.717603505415994, 41.317563691014215 ], [ -75.717412177651624, 41.317795245219685 ], [ -75.717275481605412, 41.318091834371529 ], [ -75.717268185037099, 41.318326636248067 ], [ -75.71731486125546, 41.318647818865742 ], [ -75.71748828734718, 41.318992597757052 ], [ -75.717931303785861, 41.319550365876424 ], [ -75.71835193692516, 41.320145112787159 ], [ -75.718621818315327, 41.320577019907624 ], [ -75.718631286010307, 41.320956279278789 ], [ -75.718533746779926, 41.321360346710456 ], [ -75.718488856574595, 41.321893487710355 ], [ -75.718360015881515, 41.322393111522395 ], [ -75.718180510091827, 41.322699624989944 ], [ -75.717792949424393, 41.322863644123586 ], [ -75.717424519442446, 41.322867820717981 ], [ -75.71721447719068, 41.322789362834548 ], [ -75.716541881049736, 41.322553238107574 ], [ -75.715590457725568, 41.32217335946644 ], [ -75.714888562628545, 41.321968742022911 ], [ -75.714254136411043, 41.321872100428571 ], [ -75.713492963447436, 41.321751854933488 ], [ -75.712606703748477, 41.321554643042639 ], [ -75.711490348269564, 41.32124122367852 ], [ -75.710589277842914, 41.321065090636452 ], [ -75.70993838085522, 41.321042884057789 ], [ -75.709285488392709, 41.321084709158214 ], [ -75.70879914867335, 41.321236269551434 ], [ -75.708310141367875, 41.32147321035022 ], [ -75.70781746472251, 41.321827547771761 ], [ -75.707421218745239, 41.322269024104713 ], [ -75.707194856847153, 41.322713511597939 ], [ -75.706958578433486, 41.323248591903067 ], [ -75.70686845083371, 41.323866353594376 ], [ -75.706893586109189, 41.324422087998222 ], [ -75.706884159811167, 41.324950513660312 ], [ -75.706813007452169, 41.325867614104681 ], [ -75.706831896767156, 41.326396541988686 ], [ -75.706951471842316, 41.327103453235551 ], [ -75.707033908348677, 41.327638847434038 ], [ -75.707178982493559, 41.32798313644458 ], [ -75.707376781488179, 41.328226915127551 ], [ -75.707720415486506, 41.328564046900723 ], [ -75.708080877675911, 41.32881604780529 ], [ -75.708695202897459, 41.329104583049315 ], [ -75.709014860457501, 41.329302464198086 ], [ -75.709184020035124, 41.329556410452795 ], [ -75.709149372479231, 41.329758690140189 ], [ -75.708963307049999, 41.329819464113434 ], [ -75.708623155658728, 41.329824113816933 ], [ -75.708213210378602, 41.329795488811584 ], [ -75.707760121104229, 41.329787453874232 ], [ -75.707236569729275, 41.329767489954598 ], [ -75.706980040328375, 41.32981633259319 ], [ -75.706817954779666, 41.330016351031674 ], [ -75.706809615596313, 41.330283169285458 ], [ -75.706785452485462, 41.330603099175207 ], [ -75.706946358096005, 41.330894275651431 ], [ -75.707220206510229, 41.331198135875354 ], [ -75.707424593683598, 41.331458047659225 ], [ -75.707376780578755, 41.331628058919783 ], [ -75.707179125787064, 41.331832785469075 ], [ -75.70683462910678, 41.33197617445709 ], [ -75.706393016178339, 41.332053768006347 ], [ -75.705851951948475, 41.332140272656915 ], [ -75.705283234496918, 41.33220492574447 ], [ -75.70482011395643, 41.332517060573402 ], [ -75.70452556831188, 41.332874903258926 ], [ -75.704231353867996, 41.333222070723373 ], [ -75.703994109711815, 41.333559571993725 ], [ -75.703883632803354, 41.333920682835554 ], [ -75.703871942116237, 41.334294226040605 ], [ -75.703981445400103, 41.334643226747232 ], [ -75.704154503569569, 41.334998695437115 ], [ -75.704455006058623, 41.335356428956814 ], [ -75.704827314524309, 41.335683399800374 ], [ -75.705354722713665, 41.336034480766997 ], [ -75.705858393248462, 41.336465228621364 ], [ -75.706244875369123, 41.336792446605919 ], [ -75.706486419681042, 41.337223877876866 ], [ -75.706702887432925, 41.337777668528616 ], [ -75.706689877346278, 41.33819390298514 ], [ -75.70655890687118, 41.338757544994387 ], [ -75.706357795967961, 41.3392985855238 ], [ -75.706159016531331, 41.339764918121041 ], [ -75.705981405402341, 41.34000737344688 ], [ -75.705795308186794, 41.340068141249517 ], [ -75.705271007530044, 41.340069511065153 ], [ -75.704876162844954, 41.340009106578044 ], [ -75.704456336338041, 41.339841471518987 ], [ -75.703943731235981, 41.339469290979807 ], [ -75.703319182339115, 41.339052406274426 ], [ -75.702903378459467, 41.338756692355815 ], [ -75.702454573975203, 41.338609891798093 ], [ -75.701711738774705, 41.338351073413023 ], [ -75.700620578324731, 41.337904515270566 ], [ -75.700023382496497, 41.337520134463674 ], [ -75.699114110512724, 41.336921959552008 ], [ -75.698482582517443, 41.336729174313632 ], [ -75.697508192732073, 41.336626382801427 ], [ -75.696546290792412, 41.336577198197638 ], [ -75.695895246879815, 41.336554908543732 ], [ -75.695636132065445, 41.33645951802503 ], [ -75.695272992863522, 41.336292859958974 ], [ -75.694996833383343, 41.336063681259525 ], [ -75.694710541474805, 41.335706177460267 ], [ -75.694159237582213, 41.335215798764217 ], [ -75.693617737846466, 41.334864415436449 ], [ -75.693083686948171, 41.334726734060879 ], [ -75.692210136169692, 41.334572304910573 ], [ -75.690939104181922, 41.334442799855658 ], [ -75.689553790579751, 41.334343270258742 ], [ -75.688531925627601, 41.334399731888027 ], [ -75.688202210017906, 41.334521973362605 ], [ -75.687698533524326, 41.334769240514163 ], [ -75.687451416252983, 41.334967708378542 ], [ -75.687303754834716, 41.335157278897221 ], [ -75.687211048593539, 41.335401226630694 ], [ -75.687328723733813, 41.335713013641254 ], [ -75.687698251983591, 41.336125419921686 ], [ -75.688206022395434, 41.336647085899813 ], [ -75.688779889692768, 41.337319432404279 ], [ -75.689354444567314, 41.337970431729232 ], [ -75.689511587064047, 41.338379030889953 ], [ -75.689602637986908, 41.338636946605334 ], [ -75.689873744029725, 41.339026226635248 ], [ -75.69029995057987, 41.33943963828537 ], [ -75.69040958471426, 41.339525096269426 ], [ -75.690986737203716, 41.34001277034487 ], [ -75.69154882246778, 41.340489983206766 ], [ -75.692049937280416, 41.341546031039869 ], [ -75.692474132334539, 41.342180022680637 ], [ -75.692707709786276, 41.342379347660298 ], [ -75.692827275127385, 41.342655338016414 ], [ -75.692877982721228, 41.343700193843127 ], [ -75.693143328077426, 41.344159128469613 ], [ -75.693716695846391, 41.344958713899857 ], [ -75.694120173976984, 41.345723045202952 ], [ -75.694164135249196, 41.345857962293451 ], [ -75.694310790883875, 41.346164076925319 ], [ -75.694476437983795, 41.346754356906381 ], [ -75.694574630767221, 41.347236645933734 ], [ -75.694662355311578, 41.347601284360742 ], [ -75.694680945364624, 41.347911294988208 ], [ -75.694617243664936, 41.348134409706802 ], [ -75.694416277057456, 41.348216250141604 ], [ -75.694076367136958, 41.348210181986026 ], [ -75.69362584218095, 41.348116709726192 ], [ -75.692634054133251, 41.34766117214847 ], [ -75.691949828310015, 41.347339265965189 ], [ -75.69145480675941, 41.347309061000679 ], [ -75.691100066054972, 41.347324076579703 ], [ -75.690816811679781, 41.347319011462048 ], [ -75.690535239250337, 41.347260582895565 ], [ -75.690257704894762, 41.347074083038976 ], [ -75.689749504948225, 41.346563097666753 ], [ -75.689440102964468, 41.346263900043638 ], [ -75.689110302922074, 41.345937640803506 ], [ -75.688678339179532, 41.345705658135898 ], [ -75.688283478383582, 41.345645196508634 ], [ -75.687841753477372, 41.345722715614883 ], [ -75.687467805126602, 41.345897555247163 ], [ -75.687075988341505, 41.346189536723024 ], [ -75.686796793312709, 41.346504893159185 ], [ -75.686621796143939, 41.347110437094592 ], [ -75.68639958788232, 41.347864635460716 ], [ -75.686377334809052, 41.348120523063699 ], [ -75.686187488479248, 41.348298656292954 ], [ -75.68599797728902, 41.348466116648396 ], [ -75.685725847002402, 41.348557347053578 ], [ -75.685299611229155, 41.348592419636347 ], [ -75.684661605233089, 41.348602335440866 ], [ -75.683558586154859, 41.348529154543641 ], [ -75.682271791419282, 41.348441983667414 ], [ -75.681456920269284, 41.348443366123327 ], [ -75.681098456333174, 41.348575748034008 ], [ -75.68080810110969, 41.348794782346033 ], [ -75.680668127620535, 41.349187374413688 ], [ -75.680624927724665, 41.349656456218433 ], [ -75.680479204511357, 41.350230479765287 ], [ -75.680146650805682, 41.3508865754387 ], [ -75.679919659179433, 41.351341674458538 ], [ -75.679893321835024, 41.351725630597343 ], [ -75.67988651756491, 41.35238757986059 ], [ -75.679807918680439, 41.35263177432067 ], [ -75.679677401660811, 41.352725534709968 ], [ -75.679463930917393, 41.352753732586947 ], [ -75.679125353001581, 41.352704929814259 ], [ -75.678516650819489, 41.352683303609552 ], [ -75.677866134038922, 41.352639562684942 ], [ -75.677482020218122, 41.352686043757132 ], [ -75.67694142916379, 41.35275106283715 ], [ -75.676619865524231, 41.352836041465643 ], [ -75.676119050780443, 41.352987200869549 ], [ -75.675457688936106, 41.353284967033289 ], [ -75.675070857672125, 41.35341681910738 ], [ -75.674787241594885, 41.353422386548154 ], [ -75.674661461358312, 41.35336672648527 ], [ -75.674536361004954, 41.353289721349334 ], [ -75.674497937891701, 41.353160886485064 ], [ -75.674518543710761, 41.352958364900644 ], [ -75.674853125271596, 41.352686751825075 ], [ -75.675530003813236, 41.352346554597666 ], [ -75.675921910621184, 41.352054613583334 ], [ -75.67624468853046, 41.351708034401931 ], [ -75.676367481084, 41.351411244138042 ], [ -75.676407326718703, 41.351048890083291 ], [ -75.6763294591711, 41.350823237970658 ], [ -75.676082651832871, 41.350562506945565 ], [ -75.675664192359022, 41.35035207672211 ], [ -75.67497256729267, 41.3502648658474 ], [ -75.673855710956147, 41.350180663089105 ], [ -75.672624196269737, 41.350137095542486 ], [ -75.670816528898399, 41.350163203153613 ], [ -75.66982307193318, 41.35020933152024 ], [ -75.669140182511725, 41.350293101836712 ], [ -75.668782024, 41.350414772294158 ], [ -75.668392818347044, 41.350621307834118 ], [ -75.667870357564965, 41.351006969886683 ], [ -75.667289195717132, 41.351455639273212 ], [ -75.666837646981662, 41.352061489761162 ], [ -75.666742454363856, 41.352380124298257 ], [ -75.666746067539691, 41.35271122541036 ], [ -75.666819478265992, 41.353075624866648 ], [ -75.666941506236938, 41.353248689562193 ], [ -75.667287775154179, 41.353500561062091 ], [ -75.667892165580852, 41.35387990218959 ], [ -75.668127169664857, 41.35406568760596 ], [ -75.66823129718739, 41.354355890652741 ], [ -75.668273669941939, 41.35480515682508 ], [ -75.668402047212155, 41.355223942817346 ], [ -75.668567706453018, 41.355584668690014 ], [ -75.668823567057544, 41.356005757532792 ], [ -75.669162716281704, 41.356481743853422 ], [ -75.66949767927882, 41.356866885609513 ], [ -75.670088063132269, 41.357464872527935 ], [ -75.670526044230044, 41.357953319285201 ], [ -75.670762429770065, 41.358096408422071 ], [ -75.671085163942863, 41.358198342585943 ], [ -75.671279056669277, 41.358340665244029 ], [ -75.671464798402951, 41.358739124686331 ], [ -75.671658933210779, 41.359319271441983 ], [ -75.671813634159093, 41.359802599707749 ], [ -75.672121437949485, 41.360374117868048 ], [ -75.672356793169911, 41.360827948477009 ], [ -75.672656616948686, 41.361198561912389 ], [ -75.673414288320927, 41.361797409091153 ], [ -75.674009840243571, 41.362418288418368 ], [ -75.67517211762113, 41.363704989120585 ], [ -75.675931250253356, 41.364592449788347 ], [ -75.676401952556176, 41.36482555515154 ], [ -75.677087984869701, 41.364879357004547 ], [ -75.678138664962717, 41.364711742653441 ], [ -75.6788521914293, 41.364766028581627 ], [ -75.679805282420404, 41.365073314012093 ], [ -75.680724326437968, 41.365587227706492 ], [ -75.681543845748521, 41.365961507190711 ], [ -75.682135199094887, 41.366187322992481 ], [ -75.682425264982669, 41.366427460703875 ], [ -75.68264450030324, 41.366666325484992 ], [ -75.682720534321973, 41.36717492186223 ], [ -75.682607511494425, 41.367610713827098 ], [ -75.682302906946845, 41.367829494031852 ], [ -75.681947715773177, 41.367855151319475 ], [ -75.681412071923134, 41.367760101289306 ], [ -75.681060262151874, 41.367679031337715 ], [ -75.680385319937955, 41.367506722939957 ], [ -75.679855096370943, 41.367240906542499 ], [ -75.679122138867285, 41.367110263371998 ], [ -75.678512962780673, 41.367099306946429 ], [ -75.677930089276529, 41.367152890610924 ], [ -75.677600524480241, 41.367264423677518 ], [ -75.677122513997233, 41.367586855326344 ], [ -75.676627959004776, 41.367983736666353 ], [ -75.676144174616027, 41.368487595595965 ], [ -75.675927866376327, 41.369049662068534 ], [ -75.675803812555543, 41.369608051912479 ], [ -75.675812820078249, 41.370216892089232 ], [ -75.675824201638321, 41.370751024280388 ], [ -75.675831381400116, 41.371194314401016 ], [ -75.675545576703826, 41.371712413534802 ], [ -75.675120462701713, 41.37215325411303 ], [ -75.674438282592675, 41.372653530159774 ], [ -75.673691021413575, 41.372971092568498 ], [ -75.67248013759513, 41.37335867616391 ], [ -75.67105489659545, 41.37378585452835 ], [ -75.67004980780446, 41.374244373733674 ], [ -75.6692299428273, 41.374795470692817 ], [ -75.668938567379897, 41.375142751719416 ], [ -75.668824837042706, 41.375278301998897 ], [ -75.668575859620802, 41.375527964311054 ], [ -75.668206062135155, 41.375961769165812 ], [ -75.667987508541529, 41.376436611358585 ], [ -75.667916206503705, 41.376878719047234 ], [ -75.667891502676113, 41.377852104848863 ], [ -75.667922176113436, 41.378484666229049 ], [ -75.66790996471228, 41.378867479997368 ], [ -75.667716811336788, 41.379342781640368 ], [ -75.667293717768715, 41.379852225715254 ], [ -75.666772020219611, 41.380264127100702 ], [ -75.66607242383229, 41.380672804925482 ], [ -75.665220339165018, 41.381078718806904 ], [ -75.664676876109297, 41.381375305693055 ], [ -75.664440204580089, 41.381619991406822 ], [ -75.664194964910351, 41.382132645633625 ], [ -75.664043424545198, 41.382895970480106 ], [ -75.663708472222538, 41.38382833539427 ], [ -75.663389741791704, 41.385048269318851 ], [ -75.663267270119093, 41.385697209163617 ], [ -75.662894317848711, 41.386226697356385 ], [ -75.662295069742015, 41.386675474379629 ], [ -75.66180972772186, 41.386743280619946 ], [ -75.66138011688993, 41.386658881941919 ], [ -75.661028591511766, 41.386518442535142 ], [ -75.660858037384457, 41.386285527083558 ], [ -75.6607208689571, 41.385804246029892 ], [ -75.660734678669144, 41.384578786133346 ], [ -75.660913837524475, 41.382954141331503 ], [ -75.661101858210984, 41.381846753010123 ], [ -75.661250367531906, 41.381179136275591 ], [ -75.661662190047153, 41.380229019190025 ], [ -75.66208410588554, 41.379757878798387 ], [ -75.662528976320104, 41.379363757360551 ], [ -75.662993748350246, 41.379142361212914 ], [ -75.663667322099087, 41.378752382351522 ], [ -75.664083707493845, 41.378453497302097 ], [ -75.664400273841181, 41.378095349805001 ], [ -75.664488130854778, 41.377733058302326 ], [ -75.664488405085024, 41.376928689534836 ], [ -75.664292094213707, 41.376064991671136 ], [ -75.66427835810309, 41.375414819413727 ], [ -75.664400605492958, 41.37504282797147 ], [ -75.665224776770671, 41.373701171648023 ], [ -75.666031073736036, 41.372575905821193 ], [ -75.66674096903337, 41.371884111774584 ], [ -75.667941161999323, 41.371346251365054 ], [ -75.669308291156881, 41.370749221131419 ], [ -75.670176182303621, 41.370277869605395 ], [ -75.670798904804144, 41.3697295487421 ], [ -75.67121220451655, 41.368845844485286 ], [ -75.671760253041967, 41.367818177820745 ], [ -75.67244328162792, 41.367334431438366 ], [ -75.673422727319618, 41.366813256923052 ], [ -75.673790697299594, 41.366488294828351 ], [ -75.673779666968173, 41.365969977358638 ], [ -75.673362156147036, 41.36525780608649 ], [ -75.671822220732793, 41.363509868970468 ], [ -75.669652681614906, 41.361667639166924 ], [ -75.667930810488414, 41.360455205603884 ], [ -75.665837736047251, 41.359671248853452 ], [ -75.665346195691583, 41.359558727220303 ], [ -75.665032585700757, 41.359616828138954 ], [ -75.664760940292027, 41.359796827913968 ], [ -75.665074969542431, 41.360299908089125 ], [ -75.665714938549911, 41.360933237206595 ], [ -75.666134323450947, 41.361583295454217 ], [ -75.666137360880398, 41.362350167762088 ], [ -75.665726681041221, 41.363150999684265 ], [ -75.664823097575763, 41.36388073210172 ], [ -75.663928756535981, 41.364320477528238 ], [ -75.662708893653559, 41.364617717428921 ], [ -75.660286376808656, 41.364668928384177 ], [ -75.65920882783675, 41.36481516691758 ], [ -75.658359475104419, 41.365098140202768 ], [ -75.657090111303248, 41.365688564811748 ], [ -75.656409003518135, 41.366339375225188 ], [ -75.655866688356696, 41.36695125659282 ], [ -75.655628129292396, 41.36752720877692 ], [ -75.655672385862189, 41.368115838773633 ], [ -75.655921241938103, 41.368598267269959 ], [ -75.655888051891935, 41.368858322149336 ], [ -75.655442149472151, 41.369036733568421 ], [ -75.654913756660704, 41.369213643317288 ], [ -75.653960963420587, 41.369755870017791 ], [ -75.652841876390966, 41.370652957162768 ], [ -75.651608720855094, 41.371188043190593 ], [ -75.650543017976602, 41.371447393410357 ], [ -75.64957401711122, 41.371987273972934 ], [ -75.648802539082553, 41.372481472605998 ], [ -75.648108952032615, 41.3731552958102 ], [ -75.647411794690328, 41.373461166619201 ], [ -75.646452998636562, 41.37368260533885 ], [ -75.645327980116051, 41.374139947914074 ], [ -75.644683187636616, 41.374542018167915 ], [ -75.644002820661242, 41.374916791560821 ], [ -75.643588286861004, 41.375162980683065 ], [ -75.643478020596078, 41.375228466650469 ], [ -75.643189099979239, 41.375561371367162 ], [ -75.642960201658823, 41.375966826878596 ], [ -75.642608053802419, 41.376666871690652 ], [ -75.642360935474358, 41.377254270941322 ], [ -75.642267673695798, 41.377787204547609 ], [ -75.642157120109502, 41.37846302711494 ], [ -75.641938101084008, 41.378965017089953 ], [ -75.641711959676712, 41.379295026091697 ], [ -75.641304762491572, 41.379736285769972 ], [ -75.640809034902503, 41.380171147660967 ], [ -75.639832083270164, 41.380983848761389 ], [ -75.639021803298434, 41.381737541219579 ], [ -75.638365841157622, 41.382422454639219 ], [ -75.637628139648555, 41.38328248502301 ], [ -75.637439038877702, 41.38364180797042 ], [ -75.637169907104166, 41.384123773662488 ], [ -75.636966741455566, 41.384525798162905 ], [ -75.636790920371865, 41.3852577012848 ], [ -75.636632708328406, 41.38583717254744 ], [ -75.636331112012073, 41.386538123753212 ], [ -75.636060103500554, 41.387077334485724 ], [ -75.635733782577276, 41.387367304545535 ], [ -75.635436818486411, 41.387533699123892 ], [ -75.635013465621299, 41.387688224638303 ], [ -75.63419874570755, 41.387792596430138 ], [ -75.633231214337172, 41.387918020723298 ], [ -75.63257794273413, 41.388125592528027 ], [ -75.631806303644353, 41.388464642746072 ], [ -75.631211723079105, 41.388816494184432 ], [ -75.630637360615623, 41.389326241018331 ], [ -75.630348083209313, 41.38964551886702 ], [ -75.630184883038226, 41.389986210347111 ], [ -75.63000684145635, 41.390393458918268 ], [ -75.629905435829372, 41.390783023602843 ], [ -75.629825495227109, 41.391292322938682 ], [ -75.629862485815082, 41.392104509120117 ], [ -75.629937801752021, 41.392907854716185 ], [ -75.629989523870961, 41.393266823676285 ], [ -75.630083404031254, 41.393889114943832 ], [ -75.630047208801827, 41.394222597912851 ], [ -75.629886165358499, 41.394496498959377 ], [ -75.629623753453245, 41.39476853356976 ], [ -75.628938388766386, 41.395180756344551 ], [ -75.627979937774413, 41.395802752972727 ], [ -75.627409058966407, 41.396202755159933 ], [ -75.626917305192137, 41.396508743810756 ], [ -75.626549308265496, 41.39690770966002 ], [ -75.626220099606783, 41.397283522772426 ], [ -75.625726777587843, 41.397637212408817 ], [ -75.625375634839102, 41.397907599257465 ], [ -75.625005053751465, 41.39799623118973 ], [ -75.62465950367978, 41.398094871838616 ], [ -75.624341782020579, 41.398117648052605 ], [ -75.624000274881894, 41.398092247985687 ], [ -75.62362417435601, 41.397961190745114 ], [ -75.622980729681132, 41.397863381804896 ], [ -75.622387661981051, 41.397776046721297 ], [ -75.621981866387713, 41.397778094770814 ], [ -75.621587182424818, 41.397828082370005 ], [ -75.621113980249305, 41.39795299314612 ], [ -75.620703354254246, 41.398102927518984 ], [ -75.620361536423658, 41.398087057424732 ], [ -75.620022522917722, 41.397985315776836 ], [ -75.619706048179111, 41.397969913065324 ], [ -75.619374097950029, 41.398040147562533 ], [ -75.619076732138339, 41.398216040414304 ], [ -75.618806888275117, 41.398325610174567 ], [ -75.618527180170588, 41.398349074470154 ], [ -75.618109644289163, 41.39832224991337 ], [ -75.61769366930686, 41.398247716050562 ], [ -75.617403162649566, 41.398213695611481 ], [ -75.617047113434921, 41.398245288196854 ], [ -75.616570464259851, 41.398475134904174 ], [ -75.616325648530662, 41.398594709680189 ], [ -75.615955831698059, 41.398659459747435 ], [ -75.615422378905279, 41.39868775937358 ], [ -75.615001718370763, 41.398756337421659 ], [ -75.614665697072709, 41.398950595054679 ], [ -75.614252237283594, 41.399186376957687 ], [ -75.613817027459163, 41.399311963416494 ], [ -75.613448613016942, 41.399333767662291 ], [ -75.613057666390901, 41.399269230419257 ], [ -75.6126299579159, 41.399165819753421 ], [ -75.612034392150647, 41.399154762528489 ], [ -75.611572582883909, 41.399318033887177 ], [ -75.611235611678183, 41.399540904437686 ], [ -75.611150192539853, 41.399825731529383 ], [ -75.611179445483486, 41.400093593898809 ], [ -75.61139689935375, 41.400422235610442 ], [ -75.611649023844677, 41.400621680938229 ], [ -75.612116224774923, 41.400912949075 ], [ -75.612460092800561, 41.401253481794328 ], [ -75.612790978618392, 41.401603319979799 ], [ -75.61302299406232, 41.401874946056388 ], [ -75.613102005913973, 41.402172372252437 ], [ -75.613001417386457, 41.402533295083067 ], [ -75.612687901093224, 41.402813888738784 ], [ -75.612068680502915, 41.403136539605399 ], [ -75.611553649210862, 41.403375199878262 ], [ -75.610787044264455, 41.403551901029225 ], [ -75.609498042749578, 41.403804810587786 ], [ -75.607599186169196, 41.404094093590189 ], [ -75.605931241662489, 41.404301721883336 ], [ -75.604784903925363, 41.404456990030297 ], [ -75.604388600320746, 41.404554623143582 ], [ -75.604232133939277, 41.404685366879164 ], [ -75.604197367736305, 41.404971132067722 ], [ -75.604189831283449, 41.405200121878039 ], [ -75.60424597265208, 41.405420751633812 ], [ -75.604876116758419, 41.405924168840464 ], [ -75.605396136216171, 41.406306193348648 ], [ -75.605840123792206, 41.406686798274045 ], [ -75.605983728678723, 41.406947245161057 ], [ -75.606027360642628, 41.407162866520466 ], [ -75.606135143238347, 41.407355815433505 ], [ -75.606577261470065, 41.407793666448605 ], [ -75.606870752666026, 41.408123730602739 ], [ -75.607033632715897, 41.408459942982141 ], [ -75.607034193865928, 41.408938275600249 ], [ -75.607026654050742, 41.408977707497797 ], [ -75.607036674346588, 41.409248602754609 ], [ -75.607008631963595, 41.40971588791691 ], [ -75.607153501165058, 41.409938167078799 ], [ -75.607263487035723, 41.410064326095267 ], [ -75.607437468331923, 41.41017258172149 ], [ -75.607561697349141, 41.410251270358202 ], [ -75.607620989257271, 41.41037648673376 ], [ -75.607563709821392, 41.410575908703471 ], [ -75.607507682881717, 41.410737166421669 ], [ -75.607478259351637, 41.410860731117843 ], [ -75.607574946116429, 41.411005737206075 ], [ -75.607722642035412, 41.411142144818115 ], [ -75.607832004041839, 41.411287386236253 ], [ -75.607917585837839, 41.41138444900843 ], [ -75.607912255213094, 41.41154664988948 ], [ -75.607805534399944, 41.411706965611216 ], [ -75.607724472415725, 41.411858209890006 ], [ -75.60769410651676, 41.412010398136005 ], [ -75.60770113561729, 41.412182376913698 ], [ -75.607844132893817, 41.412461903103768 ], [ -75.607977119757209, 41.412660091754304 ], [ -75.608257653346143, 41.412999458762961 ], [ -75.608602502742144, 41.413311379698968 ], [ -75.608771480022298, 41.413572294333925 ], [ -75.608823881336434, 41.413907417285237 ], [ -75.608866430192734, 41.414156432278567 ], [ -75.608772379960456, 41.414316984129464 ], [ -75.608555345715246, 41.414360682638538 ], [ -75.608188412038004, 41.41433476265729 ], [ -75.607661413473394, 41.414162658015634 ], [ -75.607110636668295, 41.413942371416518 ], [ -75.606548444635777, 41.413683682394904 ], [ -75.606088279583417, 41.413407796249679 ], [ -75.605520643443683, 41.412929417803774 ], [ -75.605100080346006, 41.412606529428452 ], [ -75.604452800791208, 41.412236453124841 ], [ -75.603954947234016, 41.411950309207043 ], [ -75.603348689164093, 41.41149029410564 ], [ -75.603078347040949, 41.411227481187652 ], [ -75.602687555305735, 41.410771480674377 ], [ -75.602529396745211, 41.410568041955692 ], [ -75.602305355768095, 41.410439751475749 ], [ -75.601913728037232, 41.410394256421512 ], [ -75.601037669627004, 41.410425643163045 ], [ -75.599766994670134, 41.410502163251685 ], [ -75.599280670849751, 41.410636286075054 ], [ -75.598804816405348, 41.410837431010343 ], [ -75.598384062340955, 41.410905945982961 ], [ -75.598003219340399, 41.410917922270393 ], [ -75.597182732990873, 41.410802339064887 ], [ -75.596325646161446, 41.410643103090699 ], [ -75.595403305037053, 41.410539922466334 ], [ -75.594630210692017, 41.410525451465745 ], [ -75.593766347603236, 41.410571332602302 ], [ -75.592966012568823, 41.410613622460467 ], [ -75.592313970005236, 41.410773251070722 ], [ -75.591761734325544, 41.410982483419517 ], [ -75.591270969773632, 41.411250147683809 ], [ -75.590941484963722, 41.4116258535974 ], [ -75.590584117583788, 41.41207741070312 ], [ -75.590340654082539, 41.412535878023242 ], [ -75.590094183318897, 41.413084983929259 ], [ -75.589972870558697, 41.413684174013348 ], [ -75.589878009372356, 41.414250445583868 ], [ -75.58986093354244, 41.414765666807057 ], [ -75.589918954850134, 41.415310939866657 ], [ -75.589944646154976, 41.415683757326626 ], [ -75.590046070679264, 41.416067542858599 ], [ -75.590088547588621, 41.416316564484262 ], [ -75.58996941367414, 41.416467081903527 ], [ -75.589751730095799, 41.416529826400208 ], [ -75.589384476199271, 41.416513387654661 ], [ -75.589021336294437, 41.416372913747665 ], [ -75.588719041270863, 41.416309957332111 ], [ -75.588274790637414, 41.416320710902887 ], [ -75.587917366660051, 41.416390375348911 ], [ -75.587696513649206, 41.416548528373916 ], [ -75.587530474856194, 41.416583598027373 ], [ -75.587367287035988, 41.416532796498153 ], [ -75.587123289483799, 41.416241801858675 ], [ -75.586672853354685, 41.415674833998892 ], [ -75.586193431183744, 41.415217113006065 ], [ -75.585322694740526, 41.414704295970765 ], [ -75.584596771187648, 41.414413780070575 ], [ -75.583702601094586, 41.414225111089344 ], [ -75.583159192783171, 41.414167149896571 ], [ -75.582715434041177, 41.414163571067192 ], [ -75.582079180883611, 41.414227968055229 ], [ -75.581512306487596, 41.414494157152923 ], [ -75.581080717412689, 41.414887004805998 ], [ -75.580860144308375, 41.41541748477848 ], [ -75.580815740723466, 41.415989473187452 ], [ -75.581063781119838, 41.416920211185612 ], [ -75.581365703567855, 41.41775649436682 ], [ -75.58151698421787, 41.418303746453653 ], [ -75.581630695457406, 41.418940548123338 ], [ -75.581711460823641, 41.419562628785677 ], [ -75.581712390242387, 41.419915887943802 ], [ -75.581564387898922, 41.420170870626379 ], [ -75.581320378404371, 41.420261745692748 ], [ -75.580940433551859, 41.420245040144017 ], [ -75.580434685264294, 41.420197323094023 ], [ -75.579830396555309, 41.420061821850531 ], [ -75.579203618137356, 41.419839970334451 ], [ -75.578383897477991, 41.419318516353002 ], [ -75.57767322361353, 41.418569984658134 ], [ -75.577074414816622, 41.417890390012566 ], [ -75.576689127682101, 41.41765398695707 ], [ -75.576011048690049, 41.417450244242353 ], [ -75.575305712874311, 41.417303264084595 ], [ -75.575079087408213, 41.41728998638046 ], [ -75.574597691495796, 41.417213652233343 ], [ -75.573082283259168, 41.417502381213048 ], [ -75.571665350587509, 41.418074584526977 ], [ -75.570352264579412, 41.418814399284358 ], [ -75.568977886223095, 41.419703998815855 ], [ -75.568588877234873, 41.420093942005849 ], [ -75.567886695173229, 41.420818479252823 ], [ -75.567313960968946, 41.421265619911395 ], [ -75.566865420728647, 41.421537002811071 ], [ -75.566352720616408, 41.421705389857074 ], [ -75.56591056721885, 41.421786056499016 ], [ -75.565145984880658, 41.421905132111092 ], [ -75.564450887444195, 41.421968271655778 ], [ -75.564006596031746, 41.422112502442019 ], [ -75.563732495821753, 41.422221797037373 ], [ -75.563559316548435, 41.422345729679201 ], [ -75.563466326405589, 41.422598406899631 ], [ -75.56350718639554, 41.422891792487704 ], [ -75.563680193624933, 41.423276742524862 ], [ -75.563787342988448, 41.423609553911852 ], [ -75.563745240540669, 41.423856836183589 ], [ -75.563493395185674, 41.424310051143777 ], [ -75.56314403489624, 41.424646914200231 ], [ -75.562836565382156, 41.424742850138735 ], [ -75.562616544169444, 41.424751390846723 ], [ -75.562264802110349, 41.424655653680304 ], [ -75.562069784511095, 41.424422948496257 ], [ -75.561743477037695, 41.42407324794312 ], [ -75.561464432547666, 41.423826223220395 ], [ -75.561195019506727, 41.423795656676972 ], [ -75.560873651261275, 41.423802268528711 ], [ -75.560548008418095, 41.423936019349604 ], [ -75.560275176928002, 41.424007163854668 ], [ -75.559902276830499, 41.424038236548995 ], [ -75.559411136335669, 41.424067058998418 ], [ -75.558933462316162, 41.424197911854343 ], [ -75.558501332954677, 41.424482296850044 ], [ -75.558448946292529, 41.424532188092527 ], [ -75.558099987287392, 41.424856319934776 ], [ -75.557748458960958, 41.425256735276889 ], [ -75.557633415518126, 41.42566165434787 ], [ -75.557569047377484, 41.426067536698 ], [ -75.55760474873567, 41.426513491254426 ], [ -75.557749924818609, 41.427222336146031 ], [ -75.557805516369683, 41.427579614972018 ], [ -75.557716774709391, 41.427705145706398 ], [ -75.55751277813431, 41.42773942750555 ], [ -75.557226459077583, 41.427708530372897 ], [ -75.556827883654833, 41.427497383389245 ], [ -75.556402377564737, 41.427082168668555 ], [ -75.55596554869058, 41.426501347408511 ], [ -75.555536628680102, 41.426187840546618 ], [ -75.555201781928787, 41.426092402018035 ], [ -75.554643482454892, 41.426107201983498 ], [ -75.554132859210299, 41.426211961983903 ], [ -75.553569843690042, 41.426366609678048 ], [ -75.552899897038216, 41.426684601383236 ], [ -75.552517972199041, 41.42698264355333 ], [ -75.552433675738158, 41.427477198377936 ], [ -75.552502697586519, 41.427936512832119 ], [ -75.552843291881885, 41.428362844377524 ], [ -75.553000212678697, 41.428722058957149 ], [ -75.552908029075908, 41.428949298732235 ], [ -75.552475840225483, 41.429233659030004 ], [ -75.551862117106594, 41.429387329956917 ], [ -75.551200499094961, 41.429457388639278 ], [ -75.549742974177036, 41.429569484867272 ], [ -75.54806497576034, 41.429702790203919 ], [ -75.546318110989134, 41.429872919842033 ], [ -75.543879479638264, 41.430004322704185 ], [ -75.542729241261057, 41.430026802965628 ], [ -75.542200383718836, 41.430169327557934 ], [ -75.541411660127935, 41.430497695651468 ], [ -75.54077755817508, 41.430752693032964 ], [ -75.540110739293112, 41.430975254875761 ], [ -75.539455416938637, 41.431357059771742 ], [ -75.539242340310849, 41.431658298517341 ], [ -75.539045289579889, 41.431985289207724 ], [ -75.539035363137288, 41.432277708170041 ], [ -75.539110335896893, 41.432559034494666 ], [ -75.539220606934506, 41.432796511719765 ], [ -75.539375735496449, 41.433206598826551 ], [ -75.539638269441269, 41.433440638347022 ], [ -75.540065865887541, 41.433792344540308 ], [ -75.540630773303675, 41.434083075067207 ], [ -75.541012437214079, 41.434293953108579 ], [ -75.541446514626628, 41.43445494746841 ], [ -75.541918257479296, 41.434502162963732 ], [ -75.542257005755388, 41.434483214847575 ], [ -75.542494386833525, 41.434462323058909 ], [ -75.542821409392047, 41.43429048439566 ], [ -75.543848413341919, 41.433915783453656 ], [ -75.544618981120337, 41.433625217491254 ], [ -75.545370496733184, 41.433397890389315 ], [ -75.545898082755656, 41.433293494035752 ], [ -75.546424378099019, 41.433227236010005 ], [ -75.546934636345497, 41.433135225134507 ], [ -75.547355266217068, 41.433194162085691 ], [ -75.547655488330051, 41.43331440551075 ], [ -75.547766868189584, 41.433520089644936 ], [ -75.547706296565138, 41.433811539649192 ], [ -75.547354654939141, 41.434211921397662 ], [ -75.546707200413678, 41.43486108155269 ], [ -75.546149801504882, 41.435346575863619 ], [ -75.545653834965492, 41.435515189456581 ], [ -75.545041756924093, 41.435617967415745 ], [ -75.544043686753611, 41.435637013261903 ], [ -75.543466901501176, 41.435695930677092 ], [ -75.543107378115081, 41.435828982492247 ], [ -75.54279077697268, 41.436191853870049 ], [ -75.542371943163175, 41.436578208982255 ], [ -75.542078696230632, 41.436750694506188 ], [ -75.54142936361464, 41.436954515510969 ], [ -75.540676067506823, 41.437232668850903 ], [ -75.540278208859476, 41.437498559174173 ], [ -75.540034343642631, 41.437710153718498 ], [ -75.539873225193929, 41.437974225180589 ], [ -75.539792267000678, 41.438367055930904 ], [ -75.539918366506001, 41.438636641776284 ], [ -75.540049215066745, 41.438766374929266 ], [ -75.540297036179851, 41.438936519770976 ], [ -75.540764929351184, 41.439098166032203 ], [ -75.542107727087014, 41.439384730422574 ], [ -75.543419115474009, 41.439600705973611 ], [ -75.543970209559163, 41.439802099195262 ], [ -75.544318127373714, 41.440012320065641 ], [ -75.54440873493084, 41.440332107956962 ], [ -75.544214267157443, 41.440582825265402 ], [ -75.543634205771653, 41.440737097035729 ], [ -75.542900358165994, 41.440939304982102 ], [ -75.54206383467799, 41.441177706650592 ], [ -75.540814036449262, 41.441637169498144 ], [ -75.539696799286077, 41.442175496693594 ], [ -75.53860729235609, 41.442892455166444 ], [ -75.537618059592447, 41.443643135872904 ], [ -75.536742975614644, 41.444516861679539 ], [ -75.536068904111076, 41.445445336393782 ], [ -75.535640021369687, 41.446124080486008 ], [ -75.535542776759314, 41.446497511840498 ], [ -75.535632916779363, 41.446830019876245 ], [ -75.535875132926265, 41.447165453698005 ], [ -75.536353918815522, 41.44750543597538 ], [ -75.536431921320556, 41.447697767670675 ], [ -75.536362170104837, 41.447760037224214 ], [ -75.536087483715534, 41.447881975233649 ], [ -75.535697107659658, 41.447925355081821 ], [ -75.535488712615333, 41.448086734097124 ], [ -75.535360047695519, 41.448389588895886 ], [ -75.535391709270755, 41.448949969493057 ], [ -75.535591051284371, 41.449551743012059 ], [ -75.535911498491316, 41.450073152840034 ], [ -75.536450981644208, 41.450617854750732 ], [ -75.536958836699839, 41.451098336727853 ], [ -75.537532778703422, 41.451624613398522 ], [ -75.538080064167261, 41.4519404609335 ], [ -75.538713146139386, 41.452219787378482 ], [ -75.539418794593857, 41.452354200056 ], [ -75.53983953797524, 41.452413166437232 ], [ -75.540480832896705, 41.452450920756185 ], [ -75.541141184717745, 41.452425428687242 ], [ -75.542005615987208, 41.452365677991402 ], [ -75.543296399840074, 41.452199598320462 ], [ -75.54422669777, 41.452191983224573 ], [ -75.544764446467497, 41.452291340364319 ], [ -75.545062597703392, 41.452475160042944 ], [ -75.545089072842828, 41.452691943045018 ], [ -75.54480878003514, 41.452979182489393 ], [ -75.544193089001325, 41.453183662446236 ], [ -75.543187849326017, 41.453406114933323 ], [ -75.542352027844444, 41.453619087651099 ], [ -75.541663547421962, 41.453974822754269 ], [ -75.540902715526514, 41.454469108334301 ], [ -75.540068228988488, 41.455140084087347 ], [ -75.539613294167168, 41.455589344305928 ], [ -75.539177196248986, 41.455981715887376 ], [ -75.538885580544999, 41.456103336027944 ], [ -75.538616046100927, 41.456072713931761 ], [ -75.538384634079776, 41.455915603917042 ], [ -75.538127201855005, 41.455528995058792 ], [ -75.537704667288807, 41.455024714353314 ], [ -75.536984866507822, 41.454311164510386 ], [ -75.536026764115988, 41.453643915234501 ], [ -75.535277551938137, 41.453298729715875 ], [ -75.534472023957804, 41.453117841918122 ], [ -75.533186834634165, 41.453118544165051 ], [ -75.530826606322051, 41.453403842922754 ], [ -75.5286188852442, 41.453679313428978 ], [ -75.528055572907192, 41.453833829806094 ], [ -75.527912565705464, 41.454060065987193 ], [ -75.527868783487776, 41.454351829255586 ], [ -75.527973622024106, 41.454748237092389 ], [ -75.528297718300095, 41.455161599226344 ], [ -75.528789513297156, 41.455616363226724 ], [ -75.52930342128866, 41.455918885385877 ], [ -75.530580198356319, 41.456662306348044 ], [ -75.531357587726575, 41.457173452344968 ], [ -75.531822553023233, 41.457424132378847 ], [ -75.532689228107458, 41.457797047566928 ], [ -75.533607047095728, 41.458158218829553 ], [ -75.534186217456991, 41.458531948075937 ], [ -75.534612643923325, 41.458921817633971 ], [ -75.535184253576418, 41.459518031854692 ], [ -75.536556551039908, 41.460937494631118 ], [ -75.538180486189518, 41.462419024440962 ], [ -75.538804594177378, 41.462965341474863 ], [ -75.539086304694592, 41.463136139350738 ], [ -75.540407503002427, 41.46357497382796 ], [ -75.541275173332636, 41.463922398119522 ], [ -75.5416574436113, 41.464120564147017 ], [ -75.541915360444605, 41.464494451797599 ], [ -75.542252613549223, 41.465022524319245 ], [ -75.542817445326364, 41.465822124683839 ], [ -75.543006472416081, 41.466232854647004 ], [ -75.542981805077204, 41.466461378544949 ], [ -75.54267367611925, 41.466569969210902 ], [ -75.542216442562733, 41.46658664543218 ], [ -75.54170936562987, 41.466576918875241 ], [ -75.541119932896365, 41.466501999194328 ], [ -75.540296891584731, 41.466333538184237 ], [ -75.538869901954044, 41.466019892405455 ], [ -75.537879578240563, 41.465797312135201 ], [ -75.537190907892253, 41.465656855930845 ], [ -75.536800857431103, 41.465687523380865 ], [ -75.53639217342787, 41.465768719104673 ], [ -75.535912418158176, 41.465950324174138 ], [ -75.535633757688373, 41.466186683336552 ], [ -75.535316095441644, 41.466574955581791 ], [ -75.535013167892146, 41.467027121460262 ], [ -75.534760512596264, 41.467492975636837 ], [ -75.534419872134151, 41.46805891230867 ], [ -75.53396263918421, 41.468571716268549 ], [ -75.533300176405376, 41.469150537056997 ], [ -75.532669559181969, 41.469787216390372 ], [ -75.532173290115438, 41.470451924741937 ], [ -75.53183087796404, 41.471068707188387 ], [ -75.531617627189107, 41.471369927554818 ], [ -75.531081684430404, 41.471709454083289 ], [ -75.530631772124906, 41.472006110171279 ], [ -75.530330087820289, 41.472420120289485 ], [ -75.529942142857905, 41.472883355297299 ], [ -75.529454068149079, 41.473306490464552 ], [ -75.528953426017821, 41.473602161541173 ], [ -75.528261619962223, 41.474046804017362 ], [ -75.527692478776714, 41.474366590967179 ], [ -75.527246445572175, 41.474548809506501 ], [ -75.526585430894784, 41.474586931904128 ], [ -75.525804999046542, 41.474654548970946 ], [ -75.525028260960212, 41.474614093133496 ], [ -75.524302673478076, 41.474561899772155 ], [ -75.523879192022818, 41.474579155618848 ], [ -75.523553654805383, 41.474700079325956 ], [ -75.522897786109439, 41.475081774866815 ], [ -75.52232338507828, 41.475554097530839 ], [ -75.522012347810261, 41.475745270183786 ], [ -75.521721047320838, 41.475854129858327 ], [ -75.521296684509906, 41.475896802228178 ], [ -75.520990219594012, 41.475954478756421 ], [ -75.520763483884537, 41.476153640978239 ], [ -75.520416233059635, 41.476414077992438 ], [ -75.520108893292786, 41.476497179026012 ], [ -75.519871352515906, 41.476518021204775 ], [ -75.519669800758123, 41.476475950157699 ], [ -75.519401939409477, 41.476394428397782 ], [ -75.5192212189759, 41.476238261501102 ], [ -75.519044861053416, 41.475954958390481 ], [ -75.518886283106909, 41.475646556144987 ], [ -75.518721598834631, 41.475516143229619 ], [ -75.518235727380102, 41.475379503843435 ], [ -75.517713211936609, 41.475324845817212 ], [ -75.517176193786398, 41.475199931467699 ], [ -75.51675881953507, 41.4750391700899 ], [ -75.516247880953813, 41.474647594965028 ], [ -75.515708383825398, 41.474102798962384 ], [ -75.515210866793737, 41.473813256633377 ], [ -75.514690771513216, 41.473688659275631 ], [ -75.514116905576756, 41.473652070626493 ], [ -75.513705960194244, 41.473796751272474 ], [ -75.513238615956837, 41.474105723294485 ], [ -75.512907377739168, 41.474391892812612 ], [ -75.512477333742638, 41.474599808590028 ], [ -75.511826654673712, 41.474828877497963 ], [ -75.511173126963939, 41.475140580458046 ], [ -75.51062211510164, 41.475422468766332 ], [ -75.510288666611714, 41.4757721988951 ], [ -75.510074424261603, 41.476098802393416 ], [ -75.509962048096824, 41.476414666321588 ], [ -75.50997063162464, 41.476656551949681 ], [ -75.510067243337502, 41.476798374077021 ], [ -75.510279998689668, 41.477006066996822 ], [ -75.510909911746722, 41.477380898845752 ], [ -75.511477242021869, 41.477608207926636 ], [ -75.511960488927173, 41.477821157442726 ], [ -75.512460207354465, 41.478047146767985 ], [ -75.512673850087765, 41.478229407585061 ], [ -75.512751377743228, 41.478434466786936 ], [ -75.512643821900426, 41.478610484542678 ], [ -75.512417925309421, 41.47878420263774 ], [ -75.512091908871355, 41.478917807037085 ], [ -75.511511432514141, 41.479071906617591 ], [ -75.51092701477765, 41.479340424072795 ], [ -75.510408899863663, 41.479648395846283 ], [ -75.509909877873014, 41.479893126437091 ], [ -75.509466384487098, 41.479998991787561 ], [ -75.508752401955093, 41.480099591318478 ], [ -75.507429588942841, 41.480194686285991 ], [ -75.506532270400058, 41.480215367967986 ], [ -75.505713773006562, 41.480402964138968 ], [ -75.504808547565688, 41.480652473529695 ], [ -75.503986088971871, 41.480954478928716 ], [ -75.503449264903097, 41.481312941831369 ], [ -75.503165588864107, 41.481689065364868 ], [ -75.50307095265336, 41.481979824646707 ], [ -75.502989266119798, 41.48238533440226 ], [ -75.50297564412611, 41.482779450465188 ], [ -75.503163360289903, 41.483222025401751 ], [ -75.503419805283372, 41.483634134151529 ], [ -75.503760346849973, 41.484060606808505 ], [ -75.504232194846267, 41.48460413762924 ], [ -75.504871144806799, 41.485208176141057 ], [ -75.50544664616443, 41.485690114656343 ], [ -75.506090664272122, 41.486147941115618 ], [ -75.506819668003587, 41.486594698757528 ], [ -75.507552408664196, 41.486933387878452 ], [ -75.507953364838698, 41.487081140026795 ], [ -75.508151870424072, 41.487212225733828 ], [ -75.508265838765524, 41.487341665442727 ], [ -75.508279238835058, 41.487443703278835 ], [ -75.5082072242718, 41.487569521157624 ], [ -75.50793363102548, 41.487653245989385 ], [ -75.507473176403295, 41.487758773946275 ], [ -75.506977148851334, 41.487914495731673 ], [ -75.50651493548672, 41.488070874022661 ], [ -75.506049208465683, 41.488328957800398 ], [ -75.505716765912865, 41.488646888340121 ], [ -75.505519802655016, 41.488961097088101 ], [ -75.505441193804728, 41.489277614869721 ], [ -75.505465791120898, 41.489545256180008 ], [ -75.505609622217477, 41.489789778262171 ], [ -75.505871813281075, 41.490036608234796 ], [ -75.506313852212074, 41.490465052317319 ], [ -75.506855155959201, 41.490959038070777 ], [ -75.507522305067042, 41.491728996859742 ], [ -75.507763654381122, 41.492089914668028 ], [ -75.507932108024917, 41.492602075079525 ], [ -75.507965290125199, 41.493111602481747 ], [ -75.507881425930776, 41.493580681804261 ], [ -75.507881005280339, 41.494083193449136 ], [ -75.508023540347793, 41.494365853364982 ], [ -75.508296529575787, 41.494790996565619 ], [ -75.508752896161681, 41.495296040744861 ], [ -75.509146452420822, 41.495659919936394 ], [ -75.509291844945452, 41.495859940224527 ], [ -75.509217191037152, 41.496062039788029 ], [ -75.508904042535036, 41.496310382759305 ], [ -75.508477348553811, 41.496416572252564 ], [ -75.507984326430574, 41.496483301720708 ], [ -75.507422348661976, 41.496586851839311 ], [ -75.506958756352958, 41.496781370702735 ], [ -75.506470348539111, 41.497204400270405 ], [ -75.506087350534216, 41.497514984224757 ], [ -75.505218559728362, 41.498172308788071 ], [ -75.504954360774917, 41.498472483771344 ], [ -75.504874857565412, 41.498814427441999 ], [ -75.504860799690377, 41.499221255884763 ], [ -75.504956481518875, 41.499650396727397 ], [ -75.505012846560334, 41.50008957592852 ], [ -75.505118845317327, 41.500373642825195 ], [ -75.505736394208554, 41.500963294491086 ], [ -75.506209224948705, 41.501213825233144 ], [ -75.506787595627728, 41.501506629855754 ], [ -75.507686750629745, 41.501805681655533 ], [ -75.508639374462618, 41.502105767752077 ], [ -75.508972576306235, 41.502281481297324 ], [ -75.509051830544138, 41.502556205657775 ], [ -75.508844813332416, 41.502825112402626 ], [ -75.507916599792608, 41.502911369628677 ], [ -75.506998238413999, 41.50285706313025 ], [ -75.505626590874115, 41.502874185103806 ], [ -75.504947769174933, 41.503102176339979 ], [ -75.504293551168971, 41.50346222221539 ], [ -75.503869347303436, 41.503903067842181 ], [ -75.503361763225982, 41.504657319080351 ], [ -75.502570835484107, 41.506038259745317 ], [ -75.501952831342322, 41.506721186844452 ], [ -75.501694318148424, 41.50685236167125 ], [ -75.501506951179337, 41.506911566808384 ], [ -75.501356354646148, 41.506950847964958 ], [ -75.500340487835714, 41.506930997022955 ], [ -75.499672961853491, 41.50681699691301 ], [ -75.499542663772331, 41.506794744495771 ], [ -75.498369179154537, 41.507131825028367 ], [ -75.497200414590424, 41.507995714828809 ], [ -75.49654207978125, 41.508465454919396 ], [ -75.495471331937821, 41.508484710476338 ], [ -75.49429365343822, 41.508501859680287 ], [ -75.493496112524682, 41.508688516716937 ], [ -75.492741091972135, 41.508946538939377 ], [ -75.491569898493339, 41.509575316407592 ], [ -75.490431763596888, 41.510316403475663 ], [ -75.489295519708207, 41.511773898426604 ], [ -75.488884710947588, 41.512569147705698 ], [ -75.488713597769987, 41.513429729667308 ], [ -75.48875454156645, 41.513991340206708 ], [ -75.488956698627803, 41.514556116169338 ], [ -75.490355328446142, 41.515508149964738 ], [ -75.491021343335575, 41.516441219932517 ], [ -75.491768247822037, 41.518370216676466 ], [ -75.491735409929674, 41.518989006585791 ], [ -75.491237017476209, 41.519403412185902 ], [ -75.490846394999011, 41.51975899574547 ], [ -75.490711315261393, 41.52073853361118 ], [ -75.490252727931917, 41.52161434266646 ], [ -75.490174074732082, 41.522336734798039 ], [ -75.490544277407025, 41.523006514793572 ], [ -75.491535436249208, 41.524115713213817 ], [ -75.491906323392286, 41.524328303441237 ], [ -75.492871830272989, 41.524363032630269 ], [ -75.493288015347233, 41.524481746596571 ], [ -75.493384793342841, 41.52472054466331 ], [ -75.493373823919754, 41.525036199373837 ], [ -75.493180731871973, 41.526359062206552 ], [ -75.493387067269452, 41.527073811036196 ], [ -75.493707743237707, 41.527522313810749 ], [ -75.494054362400135, 41.527829182090812 ], [ -75.494489380442189, 41.528011434884732 ], [ -75.494995631248941, 41.527958179814036 ], [ -75.495610184527749, 41.527812282145675 ], [ -75.496161854133604, 41.527903755609465 ], [ -75.497257873689932, 41.528176201872007 ], [ -75.498028946849772, 41.528365017451797 ], [ -75.499054245679091, 41.528495624846613 ], [ -75.499613414984594, 41.528534143939929 ], [ -75.500504418231102, 41.528551562240473 ], [ -75.501355599900208, 41.528521452011141 ], [ -75.502260621894521, 41.528134009065461 ], [ -75.502782417704736, 41.52803512747289 ], [ -75.503269637269668, 41.528203593929348 ], [ -75.503944075144659, 41.52882003616412 ], [ -75.505104059644765, 41.529325293036187 ], [ -75.507187207974027, 41.529446344975526 ], [ -75.509175877701949, 41.52920355155657 ], [ -75.511263254728121, 41.528628905949581 ], [ -75.514560488397933, 41.527837267388776 ], [ -75.516205558671686, 41.527371882528421 ], [ -75.517018504573443, 41.527045364722198 ], [ -75.517968126388467, 41.526449680517445 ], [ -75.519010548769117, 41.525743030100045 ], [ -75.519666483024437, 41.525187412991826 ], [ -75.519831269901331, 41.524815273644563 ], [ -75.51982222498583, 41.524343294009547 ], [ -75.51989946042309, 41.523462137234745 ], [ -75.519938572677745, 41.522962008798778 ], [ -75.520077682637435, 41.522698606153924 ], [ -75.520760546087274, 41.522219140210638 ], [ -75.522005035739213, 41.521554631402914 ], [ -75.522689149637628, 41.521264163323913 ], [ -75.52370207528341, 41.52105188733497 ], [ -75.524412332120065, 41.52103639678981 ], [ -75.525040492009722, 41.52108117946473 ], [ -75.52551172713909, 41.521269795405871 ], [ -75.5257355882799, 41.521541359034437 ], [ -75.525708052337322, 41.521877385158241 ], [ -75.525503770230912, 41.52205972297547 ], [ -75.524437746367923, 41.522195522296585 ], [ -75.523444853338674, 41.522615404273289 ], [ -75.523001545534868, 41.522918406152556 ], [ -75.522568979968739, 41.523370402615676 ], [ -75.522317825798609, 41.524451446462336 ], [ -75.52176476353533, 41.52653211601455 ], [ -75.520899575002971, 41.527807195458571 ], [ -75.520734267533442, 41.529267142081189 ], [ -75.520535201967633, 41.529610314453407 ], [ -75.520234950739436, 41.529780311323044 ], [ -75.51998256967309, 41.529893345340916 ], [ -75.519752194351511, 41.529811176747856 ], [ -75.519534671356752, 41.529656203690863 ], [ -75.519395745332844, 41.529281427224888 ], [ -75.519234920974171, 41.528899729436624 ], [ -75.518983466905581, 41.528633755258532 ], [ -75.518578423493835, 41.528413759070936 ], [ -75.517970219917714, 41.528418283789456 ], [ -75.517277057515784, 41.52863706349612 ], [ -75.516186613679963, 41.529219184733961 ], [ -75.514546826286605, 41.530219729360688 ], [ -75.512975572420842, 41.530765562943138 ], [ -75.511147167462937, 41.530792492872912 ], [ -75.510143919816798, 41.531022277552673 ], [ -75.508522316096773, 41.531081102522101 ], [ -75.507654061813625, 41.53106728209243 ], [ -75.506729383805293, 41.531423219992263 ], [ -75.506087630113882, 41.531838032353953 ], [ -75.50535714513866, 41.532128799778555 ], [ -75.503721677017325, 41.53215384508502 ], [ -75.503230551242595, 41.532425789681298 ], [ -75.501868308061589, 41.53312312258187 ], [ -75.499630631401899, 41.534221321239905 ], [ -75.498873493328318, 41.534592891242852 ], [ -75.497985354557898, 41.53529187174464 ], [ -75.497380466531226, 41.535971334838024 ], [ -75.496961763653317, 41.536471642422327 ], [ -75.49656021170513, 41.537423621737865 ], [ -75.496172744388943, 41.538035968098072 ], [ -75.495807736161453, 41.538296274804559 ], [ -75.495261770527932, 41.538642188372997 ], [ -75.494638636975012, 41.538991873196409 ], [ -75.493907430452381, 41.539531296798835 ], [ -75.493193703706396, 41.540274102016177 ], [ -75.492716089126972, 41.540938468969074 ], [ -75.491816106266313, 41.542185277884812 ], [ -75.491399278109654, 41.543478361763917 ], [ -75.490741007749349, 41.544037655026187 ], [ -75.489538552399637, 41.544547661811905 ], [ -75.488677402266063, 41.545422261095865 ], [ -75.488335902948975, 41.54670824589256 ], [ -75.488669936126897, 41.547338871021545 ], [ -75.489582963417732, 41.548382045713488 ], [ -75.490196685662511, 41.549084577791355 ], [ -75.490230372228552, 41.549528240839635 ], [ -75.490063870117922, 41.549907061973194 ], [ -75.489836347857192, 41.550258841399959 ], [ -75.489330564969791, 41.550516722704693 ], [ -75.48765933884917, 41.550795914422643 ], [ -75.486766451492372, 41.550918395462247 ], [ -75.485746238469346, 41.551204052078134 ], [ -75.48482603876387, 41.551600101632445 ], [ -75.483775583236294, 41.55218042759607 ], [ -75.482742177130987, 41.552869617614633 ], [ -75.481916249553791, 41.553665998460772 ], [ -75.480867657573597, 41.555176891737162 ], [ -75.480103870252947, 41.556638501617989 ], [ -75.479494749993293, 41.557892571759034 ], [ -75.478514153576469, 41.55992964820414 ], [ -75.477736073602671, 41.562288108795364 ], [ -75.477047143765191, 41.563382065980214 ], [ -75.476120150829331, 41.564278449096598 ], [ -75.475316804366088, 41.565240713866714 ], [ -75.47467532237178, 41.566650780265512 ], [ -75.474502422011852, 41.568203493295513 ], [ -75.474586435934398, 41.569183292321966 ], [ -75.474900867802106, 41.570345490246986 ], [ -75.475054966427763, 41.571015449824543 ], [ -75.47468126737175, 41.571541591846163 ], [ -75.474179875376905, 41.572331972488797 ], [ -75.473982098926996, 41.572906050576918 ], [ -75.473829626260013, 41.574363811718896 ], [ -75.473251683849156, 41.575159105407856 ], [ -75.472803592660242, 41.576281637383211 ], [ -75.472777019621603, 41.57703790255632 ], [ -75.473226565637162, 41.577559491279978 ], [ -75.474415037715389, 41.577993220271772 ], [ -75.475916715946511, 41.57863202808133 ], [ -75.476732527817205, 41.5792018960177 ], [ -75.477135262656986, 41.579634391268144 ], [ -75.477941447805307, 41.579875711419511 ], [ -75.478832146250156, 41.579804372279533 ], [ -75.479912811443313, 41.579381087725409 ], [ -75.481284650453873, 41.579096914189584 ], [ -75.482659588542077, 41.578723864306376 ], [ -75.484100833149427, 41.577981292512803 ], [ -75.485452891498042, 41.5767336646852 ], [ -75.486612802397417, 41.575733884226729 ], [ -75.487587419794593, 41.574952753208279 ], [ -75.488607228333137, 41.574572647515303 ], [ -75.489921314344713, 41.574242775799284 ], [ -75.492068373229088, 41.573795848644394 ], [ -75.493964817612152, 41.573744118236654 ], [ -75.495257223729709, 41.574036212143461 ], [ -75.496727145991557, 41.574331766155389 ], [ -75.497013717815534, 41.574604142151138 ], [ -75.496826945989923, 41.574867251280722 ], [ -75.496116927820395, 41.574853348040818 ], [ -75.494050675964104, 41.574679480704134 ], [ -75.492624454207132, 41.5748293573239 ], [ -75.491613951353784, 41.574942915383936 ], [ -75.491073694526733, 41.575154616657656 ], [ -75.490184620099214, 41.575181623634855 ], [ -75.489403034010294, 41.575521962045649 ], [ -75.487467761248283, 41.576684371113046 ], [ -75.485621303332536, 41.578085053354357 ], [ -75.485313627280235, 41.578448166108188 ], [ -75.485126842267647, 41.578869030754142 ], [ -75.484702778508876, 41.579045267670146 ], [ -75.484231516310601, 41.579165198545951 ], [ -75.483896036329895, 41.579620051388893 ], [ -75.483643925880656, 41.579799670792028 ], [ -75.483272210777429, 41.579884641159587 ], [ -75.482727343507946, 41.579970996537675 ], [ -75.481781426396736, 41.580129305433708 ], [ -75.480875167922761, 41.580644971232665 ], [ -75.480020287660722, 41.581383943932344 ], [ -75.478945820002181, 41.581629510050561 ], [ -75.477944536868179, 41.58147636119854 ], [ -75.476836312621032, 41.580782563042547 ], [ -75.475963193948019, 41.580109610907463 ], [ -75.474029017254523, 41.57918537609963 ], [ -75.471907983316029, 41.578306716408065 ], [ -75.470755840932654, 41.578156513991921 ], [ -75.469167494802562, 41.578197261870059 ], [ -75.467442609162688, 41.578018628134032 ], [ -75.466671194511164, 41.57807554316436 ], [ -75.465997159115304, 41.57809827578626 ], [ -75.465022072592106, 41.578476113494133 ], [ -75.464387178539681, 41.578752373470643 ], [ -75.463380569490269, 41.578660158979922 ], [ -75.461592596672915, 41.578421914209109 ], [ -75.461004988878528, 41.57835485369209 ], [ -75.460582169371207, 41.578494109218511 ], [ -75.460051311388398, 41.578908087790204 ], [ -75.459413059382172, 41.579578340518133 ], [ -75.458307584697621, 41.580689647822524 ], [ -75.45808855804988, 41.581443563117901 ], [ -75.458195717481203, 41.582492843475016 ], [ -75.457972852580909, 41.583355006988164 ], [ -75.457457798744755, 41.584319674215905 ], [ -75.457026077240243, 41.585647086381677 ], [ -75.457130667958026, 41.586768531170719 ], [ -75.457179537865926, 41.588105517410646 ], [ -75.457055589576356, 41.588539028240767 ], [ -75.45660614749859, 41.589357884273412 ], [ -75.456233933746248, 41.590361502398103 ], [ -75.455852878967519, 41.590993418330036 ], [ -75.455825144665027, 41.591039413531853 ], [ -75.454719150884429, 41.592389476048012 ], [ -75.454345608423168, 41.593429168479368 ], [ -75.454438649763262, 41.594875359941071 ], [ -75.454502811108881, 41.595779348723099 ], [ -75.454150990144257, 41.596205630901316 ], [ -75.453543469921925, 41.597060108551752 ], [ -75.453226906914324, 41.597848175376605 ], [ -75.452965185348347, 41.599541619743022 ], [ -75.452917418631287, 41.600888115793026 ], [ -75.453173302329176, 41.60207178159645 ], [ -75.453818158508639, 41.602879034049842 ], [ -75.454594508000753, 41.603524191034992 ], [ -75.454879594117116, 41.603806752146838 ], [ -75.454937626282756, 41.604250905929419 ], [ -75.45475448572617, 41.604561042944844 ], [ -75.454511541786289, 41.60482383798562 ], [ -75.452834260545657, 41.605657900641447 ], [ -75.450250841998667, 41.606700060522833 ], [ -75.449906531310063, 41.607076070339396 ], [ -75.449611768060919, 41.607602824524783 ], [ -75.449349618459749, 41.609068938625441 ], [ -75.44941990339133, 41.610388815454385 ], [ -75.449532125178465, 41.611729276904917 ], [ -75.449832294708472, 41.612971976541502 ], [ -75.450072995219642, 41.613465929475176 ], [ -75.450414632192079, 41.613888067333889 ], [ -75.452158720642899, 41.614747755252935 ], [ -75.45408629446365, 41.615679554711889 ], [ -75.454984785307218, 41.616012769254269 ], [ -75.456796677308105, 41.616259091194792 ], [ -75.45910584517388, 41.616305090702888 ], [ -75.460091068208229, 41.616167056309052 ], [ -75.460879365697551, 41.615657259312663 ], [ -75.461538043039255, 41.615106582340275 ], [ -75.4619698220136, 41.614522882626382 ], [ -75.462272122530678, 41.614170583144677 ], [ -75.462493041146146, 41.613587411274324 ], [ -75.462411280146256, 41.61266900632021 ], [ -75.461971683417204, 41.611885020868428 ], [ -75.461850278007077, 41.610994374303694 ], [ -75.462227402949438, 41.609868932182096 ], [ -75.462645403080131, 41.609175831158581 ], [ -75.463205641791319, 41.60863322024958 ], [ -75.463833083731316, 41.608276523402438 ], [ -75.464652571011939, 41.608052846435747 ], [ -75.466972497681553, 41.607685849747398 ], [ -75.467546869699589, 41.607575005511912 ], [ -75.468023572159751, 41.607307587067865 ], [ -75.468454367307558, 41.606946966574689 ], [ -75.468667875678179, 41.60647128497731 ], [ -75.468644723641034, 41.605732496593724 ], [ -75.46847802102856, 41.604880113320178 ], [ -75.468247996183834, 41.603731142554324 ], [ -75.468317947378921, 41.603141865757365 ], [ -75.468561216517941, 41.602519109927179 ], [ -75.468894328821051, 41.602138090643564 ], [ -75.469528822172151, 41.601578461996162 ], [ -75.470589500773471, 41.600787314714239 ], [ -75.47124854170626, 41.600228161745711 ], [ -75.471560296524345, 41.599754420397858 ], [ -75.473092491762344, 41.597440550642816 ], [ -75.473924129075058, 41.596866338605608 ], [ -75.474574024920216, 41.596565400522891 ], [ -75.475371347719943, 41.596267373665881 ], [ -75.475812999143557, 41.59629456087346 ], [ -75.476028965426138, 41.596446494844841 ], [ -75.47609296744676, 41.596724632963834 ], [ -75.475913842811437, 41.597014904008994 ], [ -75.474921605855101, 41.59762003826301 ], [ -75.474224063079944, 41.598127432236303 ], [ -75.473660769211293, 41.598762329261866 ], [ -75.473096743555985, 41.600117081752671 ], [ -75.472777860421942, 41.600793725823756 ], [ -75.472419553584587, 41.601192716876682 ], [ -75.470479962544047, 41.602501760969623 ], [ -75.470021387114571, 41.602954132039727 ], [ -75.469978396213506, 41.603574442631313 ], [ -75.47012142132651, 41.604303564716773 ], [ -75.470344824205156, 41.604987383259498 ], [ -75.47157315233207, 41.606547548726851 ], [ -75.471770836853096, 41.607049593668393 ], [ -75.471712572679635, 41.607513460813315 ], [ -75.47156764242952, 41.60793156475146 ], [ -75.471235449567004, 41.608258915281361 ], [ -75.470955730363642, 41.608547026989434 ], [ -75.470243912832061, 41.608837990518289 ], [ -75.467923057624631, 41.608964872250219 ], [ -75.465746794847831, 41.609089810553542 ], [ -75.464812665823246, 41.609368560521474 ], [ -75.464128442145437, 41.610048663777235 ], [ -75.463983364304141, 41.611042155221604 ], [ -75.464101047961378, 41.611675077414915 ], [ -75.464857751765052, 41.612101646145526 ], [ -75.465618153378486, 41.612335787305724 ], [ -75.465929207729545, 41.612646601722886 ], [ -75.466038430441543, 41.613036392282993 ], [ -75.465946468607811, 41.613551396973072 ], [ -75.465544017192968, 41.614436254549034 ], [ -75.464830851787653, 41.616080267432025 ], [ -75.464208157633351, 41.617503846972397 ], [ -75.464108354284335, 41.618240192116296 ], [ -75.463820630404371, 41.618763268307156 ], [ -75.463122362382137, 41.61932266865476 ], [ -75.4624169481433, 41.619672683411373 ], [ -75.461634919545787, 41.620018385860213 ], [ -75.460968845559123, 41.620420445268174 ], [ -75.460245330538925, 41.621402790956765 ], [ -75.460025618820595, 41.621702978898959 ], [ -75.459678866798214, 41.621769908591034 ], [ -75.459377800702867, 41.621588561891095 ], [ -75.459263382211802, 41.621346327994672 ], [ -75.459183995737561, 41.62080946137754 ], [ -75.459281242516397, 41.620382054576694 ], [ -75.459602919469489, 41.619973505094116 ], [ -75.460817223860118, 41.619143813709528 ], [ -75.460903361020129, 41.618794822956012 ], [ -75.460610848580046, 41.618402908558821 ], [ -75.459674290510165, 41.618050505439413 ], [ -75.458772029198215, 41.61782234815481 ], [ -75.457455500827834, 41.617428285697606 ], [ -75.455861662486413, 41.617383877525363 ], [ -75.454311830110782, 41.617389881246005 ], [ -75.452349128671486, 41.617273878919661 ], [ -75.451322278184577, 41.61707178032875 ], [ -75.449334615148729, 41.616939761056834 ], [ -75.44832357667967, 41.617011831511782 ], [ -75.447999451048858, 41.617134553928636 ], [ -75.447816238264679, 41.617444677477728 ], [ -75.447177462168625, 41.618114845272558 ], [ -75.445878291748684, 41.618679497901191 ], [ -75.444718837331223, 41.619170639928107 ], [ -75.443306187699818, 41.619510166314541 ], [ -75.442528946425497, 41.619704771367296 ], [ -75.442343854256123, 41.619845359088053 ], [ -75.442165949616978, 41.620065329494636 ], [ -75.442427132301617, 41.620596053178701 ], [ -75.442848451997634, 41.620870677252107 ], [ -75.443313515582744, 41.62093537657006 ], [ -75.44357996027388, 41.621051466310625 ], [ -75.443737562370885, 41.621460705133217 ], [ -75.444077356725856, 41.622279673783396 ], [ -75.444341179673103, 41.622469542102458 ], [ -75.444509304514128, 41.622583660868216 ], [ -75.444874086003566, 41.622701717932792 ], [ -75.444864885744806, 41.622959948329957 ], [ -75.444475784869354, 41.623524353221455 ], [ -75.443763795190137, 41.624353781996305 ], [ -75.443708994253612, 41.625022552888908 ], [ -75.443539799244036, 41.625628279823168 ], [ -75.44364239315118, 41.626830382861662 ], [ -75.444643841804506, 41.627860179356716 ], [ -75.445345122779514, 41.628682010313355 ], [ -75.445370194398066, 41.629057552398969 ], [ -75.44463705922233, 41.629129413642815 ], [ -75.443713859148559, 41.629139759273272 ], [ -75.442843857823092, 41.629814699655739 ], [ -75.442188957274183, 41.630926686031849 ], [ -75.442343849745058, 41.63246055516219 ], [ -75.44272354012773, 41.633187652195716 ], [ -75.442930731789943, 41.633784716248101 ], [ -75.443011334923597, 41.63459017082463 ], [ -75.442840246825696, 41.635095291519505 ], [ -75.442397371035156, 41.635250457486144 ], [ -75.44169812539586, 41.63523643016822 ], [ -75.440945812485538, 41.635483811670014 ], [ -75.440485175338694, 41.635523780171035 ], [ -75.440051658407839, 41.635416647632113 ], [ -75.439200297194716, 41.634934443769495 ], [ -75.439027979212511, 41.634690679765988 ], [ -75.438715166955689, 41.634520808887494 ], [ -75.438245440354393, 41.634560124843595 ], [ -75.437902019286852, 41.634677565490563 ], [ -75.437177827128593, 41.635063623306706 ], [ -75.436526137546466, 41.63551538335247 ], [ -75.436092015015888, 41.636075296423385 ], [ -75.435904338663676, 41.636772245276823 ], [ -75.435980420529248, 41.637870046839559 ], [ -75.436185205655804, 41.638595395919147 ], [ -75.436563390765315, 41.638791578266044 ], [ -75.437097196749747, 41.638902225063575 ], [ -75.438124485880721, 41.639211367726801 ], [ -75.438789428169784, 41.63997480825077 ], [ -75.439188463738503, 41.640646356559444 ], [ -75.439465046401608, 41.640818473570484 ], [ -75.439793053455148, 41.640946990224073 ], [ -75.440393026844845, 41.641165203333486 ], [ -75.440798873409378, 41.641435828051421 ], [ -75.441054869159416, 41.642228399489596 ], [ -75.441122963734216, 41.642771126698385 ], [ -75.441104231859512, 41.643295705172548 ], [ -75.441008033687069, 41.643539846979927 ], [ -75.440766466232674, 41.643567808088463 ], [ -75.440396701602268, 41.643511171260094 ], [ -75.440154547673444, 41.643555523960252 ], [ -75.439996296464528, 41.6436999900492 ], [ -75.439985168582183, 41.644011459058426 ], [ -75.439775821404325, 41.644120060358006 ], [ -75.439480760157622, 41.644050544628335 ], [ -75.438558346933732, 41.643749414712417 ], [ -75.437832730022237, 41.643656527319031 ], [ -75.43699977378941, 41.643775788059948 ], [ -75.436284165810008, 41.64415034831535 ], [ -75.435854279793631, 41.644618227148108 ], [ -75.435372686068249, 41.646252943652243 ], [ -75.435456154503342, 41.64711937433696 ], [ -75.435355379195258, 41.647810450259421 ], [ -75.433877732320497, 41.650405985990403 ], [ -75.432531391372834, 41.651888444563987 ], [ -75.4319644665879, 41.653004021728044 ], [ -75.431483331072684, 41.653555624534754 ], [ -75.430854718158045, 41.654242980608345 ], [ -75.430880705728356, 41.654557040761304 ], [ -75.431241699284911, 41.654859604030527 ], [ -75.432214133874155, 41.655190893213721 ], [ -75.434179007808311, 41.655296083580588 ], [ -75.435951861005776, 41.655266139895524 ], [ -75.43681136795972, 41.655086567800616 ], [ -75.43736604189985, 41.654868200203239 ], [ -75.440058448862686, 41.653275172381548 ], [ -75.440381307663429, 41.653124098953079 ], [ -75.440667843200004, 41.653122695492414 ], [ -75.440833285329234, 41.653330030511256 ], [ -75.440811855946322, 41.6537020788776 ], [ -75.440317051678704, 41.655256911675721 ], [ -75.439845757319858, 41.656153365242361 ], [ -75.438816941626783, 41.657285685619442 ], [ -75.438319794434577, 41.658168186488645 ], [ -75.437926857155688, 41.659913031421262 ], [ -75.437698265998662, 41.660928048447751 ], [ -75.437162078520657, 41.663635017334812 ], [ -75.437120785426472, 41.664164648115914 ], [ -75.437292819587284, 41.664584738667401 ], [ -75.437617873539793, 41.664945666889771 ], [ -75.438151668802504, 41.665137316451201 ], [ -75.438851658798981, 41.665314963433879 ], [ -75.439661124389488, 41.66531481908607 ], [ -75.440970882535368, 41.664617448081117 ], [ -75.441526978425102, 41.664422717867659 ], [ -75.443036769624555, 41.663906133801049 ], [ -75.443999033177292, 41.663302044373054 ], [ -75.444971216370291, 41.661774036682054 ], [ -75.44688174181762, 41.659012196052117 ], [ -75.44779484766245, 41.658042200821043 ], [ -75.448846666187904, 41.657411357853199 ], [ -75.449710203557217, 41.656680462124328 ], [ -75.450710571528575, 41.654823854272152 ], [ -75.4521604930016, 41.652802219247 ], [ -75.452484781250831, 41.652646396522726 ], [ -75.452824376423507, 41.652585808855697 ], [ -75.453045669621119, 41.652642021621112 ], [ -75.453146413342594, 41.652756288753793 ], [ -75.452495297479572, 41.654018364185156 ], [ -75.451604992300148, 41.655894771858591 ], [ -75.451114819220763, 41.657326210472462 ], [ -75.451062572951258, 41.658456357927044 ], [ -75.451033970959855, 41.660489984826945 ], [ -75.450376069279216, 41.662379794766203 ], [ -75.44962871129286, 41.663596745737323 ], [ -75.448810716751311, 41.664563142333776 ], [ -75.446824379157377, 41.666278703294886 ], [ -75.445194168581779, 41.667820914377657 ], [ -75.444266431835544, 41.669213131317157 ], [ -75.442951813149975, 41.672192762305627 ], [ -75.442456898303078, 41.673747598965448 ], [ -75.442437784952418, 41.674282529688085 ], [ -75.442803703012558, 41.674829853471991 ], [ -75.444199167860361, 41.675247318150944 ], [ -75.446027964730064, 41.675456050160072 ], [ -75.447447718338466, 41.675871677295156 ], [ -75.449745157177887, 41.677423415160249 ], [ -75.450715409781807, 41.67757187950226 ], [ -75.452153601255162, 41.67747155210526 ], [ -75.453178146055663, 41.677707124018639 ], [ -75.453509981245674, 41.678057926736479 ], [ -75.453488576007445, 41.678659807879782 ], [ -75.452655152601494, 41.679503607707368 ], [ -75.452621500661834, 41.680449420386651 ], [ -75.452904054777875, 41.682952707035518 ], [ -75.45279033737134, 41.683688651128044 ], [ -75.452437816778129, 41.684370610034172 ], [ -75.452252647178227, 41.685269174125594 ], [ -75.451854008317497, 41.687246186235733 ], [ -75.451375177729702, 41.688401356495383 ], [ -75.450903785370258, 41.690009009371039 ], [ -75.450765321939727, 41.691391238038364 ], [ -75.450739888924247, 41.692719514547505 ], [ -75.451105514144018, 41.694014083792744 ], [ -75.451983450746113, 41.695150199006498 ], [ -75.453274562477276, 41.696526841470963 ], [ -75.454429140288951, 41.697911484716244 ], [ -75.455296623848923, 41.698830188972167 ], [ -75.457083447185866, 41.700211878993557 ] ], [ [ -76.113338191619007, 41.155868272849894 ], [ -76.113098452661106, 41.155546551322686 ], [ -76.112366165985165, 41.155350654544755 ], [ -76.111645769782356, 41.15469604720932 ], [ -76.111628785676217, 41.153877907878602 ], [ -76.11216190131573, 41.15336121180853 ], [ -76.113292150036614, 41.152740655339031 ], [ -76.114142988058759, 41.152396984145135 ], [ -76.115069039147912, 41.152016925282396 ], [ -76.115502611593058, 41.151852256070242 ], [ -76.11599402157141, 41.151638779154865 ], [ -76.116495696696006, 41.151455897899424 ], [ -76.116828874294413, 41.152092342050928 ], [ -76.117036066447469, 41.151996511415774 ], [ -76.118103186311799, 41.151504243361721 ], [ -76.120042056107877, 41.150661882218756 ], [ -76.121510594443208, 41.149992356100398 ], [ -76.122325922420373, 41.149828764381766 ], [ -76.122774925336131, 41.149954056253868 ], [ -76.122817044768752, 41.150254241927989 ], [ -76.122412489293808, 41.150585562506052 ], [ -76.12174661631839, 41.151021209582538 ], [ -76.120674579834827, 41.151740617472541 ], [ -76.119667310795251, 41.152400436356274 ], [ -76.11905532722615, 41.153103294547016 ], [ -76.118821305103211, 41.153549364209127 ], [ -76.118762267466451, 41.153959806412317 ], [ -76.117932339031398, 41.154200117697627 ], [ -76.116519042265608, 41.154609328521119 ], [ -76.116412732832217, 41.154769748290683 ], [ -76.115349794844974, 41.155672155759724 ], [ -76.114497988776449, 41.156053271074256 ], [ -76.113851285712371, 41.156156428417951 ], [ -76.113338191619007, 41.155868272849894 ] ], [ [ -76.111295747572825, 41.156307330797887 ], [ -76.11141211530105, 41.156608576715925 ], [ -76.111503716978746, 41.156909469109088 ], [ -76.111399055380474, 41.157132671472809 ], [ -76.111220563544137, 41.157336099343922 ], [ -76.111093933004099, 41.157446642297892 ], [ -76.110959339458205, 41.157456324639384 ], [ -76.110958156562702, 41.157456307148323 ], [ -76.110579906505578, 41.15719590921799 ], [ -76.110462143956497, 41.156950815837668 ], [ -76.110317280546568, 41.156798959281694 ], [ -76.110171020034542, 41.156703254065981 ], [ -76.109874762149047, 41.156661586013442 ], [ -76.109503737855547, 41.156637576263435 ], [ -76.109208417077625, 41.156558471023281 ], [ -76.108964024977027, 41.156423918605519 ], [ -76.108795803069626, 41.156215552051485 ], [ -76.108752344391945, 41.155971516867062 ], [ -76.108758418200964, 41.155728187789933 ], [ -76.108790655136374, 41.155429058399257 ], [ -76.108747196994145, 41.155185023163156 ], [ -76.108823827179336, 41.155092493465467 ], [ -76.109071947945338, 41.155077304959072 ], [ -76.109368199423514, 41.15511897510136 ], [ -76.10983780826858, 41.155163113481287 ], [ -76.110156955429503, 41.15528000544316 ], [ -76.110643865867587, 41.155623976708092 ], [ -76.111080317244742, 41.156004676330653 ], [ -76.111295747572825, 41.156307330797887 ] ] ] } },
{ "type": "Feature", "properties": { "OBJECTID": 25, "Coal_Field": "Southern Anthracite", "Coal_Type": "Anthracite", "Status": "Final", "Feature_Source": "Map 1", "Comp_Scale": 250000, "Shape_Length": 1113787.9359325725, "Shape_Area": 5700750971.9149837 }, "geometry": { "type": "Polygon", "coordinates": [ [ [ -76.184290340449564, 40.790290241678349 ], [ -76.185100905345564, 40.78916884592995 ], [ -76.183857600269349, 40.788481928717204 ], [ -76.183745206321063, 40.787906072281565 ], [ -76.184640040668825, 40.787343881079714 ], [ -76.194251223444539, 40.785655120363991 ], [ -76.19679603842448, 40.784540730847581 ], [ -76.200341259765608, 40.783726887088143 ], [ -76.206388791331207, 40.78361648211029 ], [ -76.208416453340561, 40.783069249231829 ], [ -76.211983579748235, 40.781298114808521 ], [ -76.217041371396959, 40.780408177198396 ], [ -76.219071056122388, 40.779765059492874 ], [ -76.222613579960566, 40.779046212822024 ], [ -76.227946921209764, 40.777106492395859 ], [ -76.231484852615523, 40.776578755801069 ], [ -76.242827632166623, 40.776153083399279 ], [ -76.244718933733566, 40.775722615681701 ], [ -76.244757164188329, 40.775713914575235 ], [ -76.246744734943874, 40.77504915805229 ], [ -76.250204541319761, 40.774422200683404 ], [ -76.252298129785686, 40.773894098988684 ], [ -76.252294310759481, 40.774050168258647 ], [ -76.252289295674686, 40.774273120232223 ], [ -76.253498378864421, 40.774272594428872 ], [ -76.255260987820776, 40.774116308593186 ], [ -76.256972970620282, 40.773757136488243 ], [ -76.258692401871642, 40.773428315436462 ], [ -76.260330732973287, 40.772920364153954 ], [ -76.261991315554113, 40.772443426203374 ], [ -76.26432317676452, 40.771953269745993 ], [ -76.266994901265775, 40.771318826134745 ], [ -76.268344897595881, 40.771169266205781 ], [ -76.268348320030043, 40.771168597993423 ], [ -76.273754155061638, 40.770112162649077 ], [ -76.276927218015743, 40.769249470553241 ], [ -76.280718489735662, 40.768228640284192 ], [ -76.283622532508545, 40.76721047294545 ], [ -76.285084193275836, 40.766659027643925 ], [ -76.288240258031877, 40.76520693803819 ], [ -76.283298871874848, 40.76603326288712 ], [ -76.283444892373439, 40.765692829287147 ], [ -76.283590913770169, 40.765352394620642 ], [ -76.283858393563591, 40.765000336803055 ], [ -76.284257207691724, 40.764424551682538 ], [ -76.28456500142461, 40.763836853516509 ], [ -76.283860241303529, 40.763723831124828 ], [ -76.282903144425475, 40.763572253488022 ], [ -76.284279952750964, 40.762844642708174 ], [ -76.284947577808978, 40.762500450751538 ], [ -76.285507296743589, 40.762195578917321 ], [ -76.286174015533845, 40.761892059478122 ], [ -76.286556866375022, 40.761637294344048 ], [ -76.286639850465065, 40.761807925114695 ], [ -76.286955756349457, 40.762457481136302 ], [ -76.289581105977774, 40.762245250435349 ], [ -76.291313279467559, 40.761976043313339 ], [ -76.29338864186667, 40.76108043568864 ], [ -76.293434605344501, 40.761068045711987 ], [ -76.29344920324553, 40.761064110660215 ], [ -76.294734481706612, 40.760717608996231 ], [ -76.296541112486153, 40.760296190442951 ], [ -76.296266229714703, 40.75993870513814 ], [ -76.296079677617129, 40.759696090600123 ], [ -76.298255334239087, 40.759595413016989 ], [ -76.300308191410437, 40.759374085196946 ], [ -76.301428328555829, 40.758903321749273 ], [ -76.301623451408716, 40.758812591956584 ], [ -76.30163097850641, 40.758809091101945 ], [ -76.305814976183171, 40.757260546432533 ], [ -76.307344121485343, 40.756585035396341 ], [ -76.308896044780553, 40.755945343689447 ], [ -76.310359961234553, 40.755301972682538 ], [ -76.31196245688065, 40.754625765765674 ], [ -76.315642253878067, 40.753030236866429 ], [ -76.315829872766429, 40.75338709114105 ], [ -76.316902412108064, 40.752934458045139 ], [ -76.318495532171625, 40.752336634135439 ], [ -76.320440135690163, 40.751655568513499 ], [ -76.320715428172434, 40.751587392164801 ], [ -76.32072084398807, 40.751586050736442 ], [ -76.321587754667618, 40.751371355148763 ], [ -76.322753195437116, 40.75108735051888 ], [ -76.323684206644245, 40.750922515658424 ], [ -76.324507643482676, 40.750783475043697 ], [ -76.325129117614139, 40.750725149876722 ], [ -76.32512617993406, 40.750543490686979 ], [ -76.325121436847454, 40.750250367380943 ], [ -76.325655439993923, 40.750103158284254 ], [ -76.32692173502744, 40.749379123211845 ], [ -76.328547216450048, 40.748984120630361 ], [ -76.330189472883646, 40.748536581842679 ], [ -76.331637287367727, 40.747770218293006 ], [ -76.333139393831289, 40.747046926272056 ], [ -76.334497700085663, 40.746178168110227 ], [ -76.335951566689459, 40.745406184387249 ], [ -76.337514993020449, 40.744812294058484 ], [ -76.339263014316487, 40.74461013900401 ], [ -76.34023320835864, 40.744346180299829 ], [ -76.341229295782156, 40.743925308974099 ], [ -76.341686260841826, 40.74345613431089 ], [ -76.34208918545967, 40.742744639762513 ], [ -76.34087485914803, 40.743062510140774 ], [ -76.340625775429473, 40.743119009789673 ], [ -76.340567890580644, 40.742156407865771 ], [ -76.340620737899641, 40.741343217150607 ], [ -76.341235306601419, 40.740650963391317 ], [ -76.342159600763296, 40.740230919855236 ], [ -76.343332747478584, 40.739698827247146 ], [ -76.343796379064898, 40.739455851016423 ], [ -76.344545225074313, 40.739071737044632 ], [ -76.345270066993635, 40.738524430874222 ], [ -76.345512681200773, 40.738011950671329 ], [ -76.345668149901385, 40.737403462879165 ], [ -76.345618660366242, 40.737212966025901 ], [ -76.344370134089999, 40.737224912937336 ], [ -76.344113909564783, 40.737207338525998 ], [ -76.344075486613789, 40.737204702334182 ], [ -76.343408568490887, 40.7371589552206 ], [ -76.342947331169611, 40.737044828140739 ], [ -76.345372611041256, 40.736509601796321 ], [ -76.350857199995573, 40.735308925809903 ], [ -76.357329774339959, 40.733163819241241 ], [ -76.362003136420753, 40.731256891929746 ], [ -76.365328627973625, 40.729937198644549 ], [ -76.370521545892871, 40.729485206094623 ], [ -76.381073304663985, 40.728523850739933 ], [ -76.382412096767453, 40.72765109429902 ], [ -76.382815958526976, 40.726987980592646 ], [ -76.382634961468426, 40.726337443047179 ], [ -76.382024992919909, 40.725783346246345 ], [ -76.379503166257606, 40.72531632325444 ], [ -76.377739548673304, 40.725156314755111 ], [ -76.37064976834418, 40.725352549130513 ], [ -76.36888924275145, 40.725502587524936 ], [ -76.365609592997671, 40.726518718045604 ], [ -76.362165901762197, 40.727164193413898 ], [ -76.348207121086716, 40.727565329036871 ], [ -76.341067950323023, 40.72881562276639 ], [ -76.339626760220057, 40.728136430746851 ], [ -76.339853334362857, 40.726853593199131 ], [ -76.341153533906919, 40.725917624758338 ], [ -76.341931413204037, 40.724723843130704 ], [ -76.342317110398142, 40.72340441339459 ], [ -76.344107411398426, 40.721083528937875 ], [ -76.347912365631785, 40.718242113872478 ], [ -76.349493831002505, 40.717642763831897 ], [ -76.356503054013842, 40.716883780883911 ], [ -76.363382859453722, 40.715640195534817 ], [ -76.369738662929791, 40.714591175147582 ], [ -76.387269384292452, 40.710750349197134 ], [ -76.389441347739378, 40.710087734980426 ], [ -76.392274488810486, 40.709453512888032 ], [ -76.398590186280771, 40.707033480546819 ], [ -76.405346770979932, 40.703981684654806 ], [ -76.405807397665797, 40.703034916694655 ], [ -76.405455286216437, 40.702246717584124 ], [ -76.404146698496973, 40.701447383281156 ], [ -76.395724218583226, 40.69964376111178 ], [ -76.395673236377718, 40.69963066345484 ], [ -76.394653252973384, 40.699368619708721 ], [ -76.390717198770858, 40.699396939244409 ], [ -76.389116355218988, 40.699338124915393 ], [ -76.389085131130642, 40.699336976960019 ], [ -76.38692323092576, 40.699257513520479 ], [ -76.384751066842071, 40.69894765103848 ], [ -76.383569935295313, 40.698949720336223 ], [ -76.383490352343571, 40.698949859311583 ], [ -76.38315965992129, 40.698950436368094 ], [ -76.378645702678924, 40.698913949166467 ], [ -76.376878930234255, 40.69856563401008 ], [ -76.375704539668163, 40.697517541413433 ], [ -76.375779110708066, 40.696373248613355 ], [ -76.378400945446401, 40.695869081726073 ], [ -76.38299831493309, 40.695304957423303 ], [ -76.383773457111602, 40.69433884178293 ], [ -76.384541568603581, 40.693677843691454 ], [ -76.387327281357685, 40.692753473314667 ], [ -76.390120706546384, 40.691446224271523 ], [ -76.403297186095571, 40.686622800667863 ], [ -76.406964333786988, 40.685612492815963 ], [ -76.409491425414899, 40.684480468413824 ], [ -76.414456526412835, 40.681966022263452 ], [ -76.421163223900749, 40.679841636317043 ], [ -76.426618103668332, 40.677415358467833 ], [ -76.431686046915033, 40.67546303464966 ], [ -76.438757410109531, 40.673916129132166 ], [ -76.444323803356653, 40.672160351279679 ], [ -76.453427951030946, 40.669486778737749 ], [ -76.454439066807041, 40.669210938065802 ], [ -76.457980682985124, 40.668101866512487 ], [ -76.460505592915311, 40.667555703638229 ], [ -76.463024939127124, 40.667296600321471 ], [ -76.464547942073196, 40.666547739638119 ], [ -76.464680987343286, 40.6661663155447 ], [ -76.464316797917164, 40.665492185699257 ], [ -76.461806740554181, 40.665272792069267 ], [ -76.457267226032457, 40.665987925651173 ], [ -76.447694474347486, 40.666933465206149 ], [ -76.438612977382718, 40.668458137781762 ], [ -76.431799237310969, 40.669720798104585 ], [ -76.427251559903496, 40.6708175561185 ], [ -76.424718688080873, 40.671745799519854 ], [ -76.423713112453598, 40.671734266812877 ], [ -76.422591337289219, 40.67124276368606 ], [ -76.422355144427158, 40.670474248041714 ], [ -76.422619828942132, 40.66980720892554 ], [ -76.424154709581344, 40.668484667276608 ], [ -76.4298693639128, 40.665582576825003 ], [ -76.432036194229198, 40.664075693286605 ], [ -76.436483964577093, 40.661637448347001 ], [ -76.437134893433068, 40.660496134971424 ], [ -76.437155552787928, 40.659443386979625 ], [ -76.436787919913257, 40.658960582710542 ], [ -76.436287105542263, 40.658859167196191 ], [ -76.433766105481268, 40.659213394798847 ], [ -76.428198642734969, 40.661064384764337 ], [ -76.425180498209784, 40.661125561017428 ], [ -76.423160175084163, 40.661581019043197 ], [ -76.419728814629892, 40.66345609466206 ], [ -76.418576731617932, 40.664495812027155 ], [ -76.413511171504098, 40.666351868581543 ], [ -76.410479368873666, 40.667082580032776 ], [ -76.407959858907674, 40.667340533319802 ], [ -76.40341968609799, 40.668053537837721 ], [ -76.401397085521381, 40.668604310631778 ], [ -76.399003178347002, 40.668863533349018 ], [ -76.393086035443304, 40.669272852549547 ], [ -76.386047366396795, 40.669190014071958 ], [ -76.384794370621478, 40.668983771711872 ], [ -76.383924315027514, 40.668494866967706 ], [ -76.383680756072039, 40.668109087076218 ], [ -76.384205004642595, 40.667062305139808 ], [ -76.388764545391069, 40.66482761076783 ], [ -76.392025680832191, 40.663629146865354 ], [ -76.397369305452315, 40.662622278261679 ], [ -76.404200238172223, 40.660500319477769 ], [ -76.406873996502711, 40.658808356454692 ], [ -76.408028076482296, 40.657673051717929 ], [ -76.409064121534627, 40.656153465795065 ], [ -76.411113092645337, 40.654262701552909 ], [ -76.412512606997538, 40.653417371466773 ], [ -76.418352105276156, 40.650517285640639 ], [ -76.420014171398805, 40.649100532111291 ], [ -76.422426283972356, 40.64788382101392 ], [ -76.423949278098192, 40.647135493620368 ], [ -76.426351786522233, 40.646397217794394 ], [ -76.431428680115303, 40.643870631867202 ], [ -76.433834755318486, 40.642940788736766 ], [ -76.435856324077761, 40.642389428765348 ], [ -76.438881119995969, 40.641945140464202 ], [ -76.443914273050211, 40.641619203357202 ], [ -76.450460649510759, 40.641022887089918 ], [ -76.458091344392486, 40.639866134299716 ], [ -76.459121108384281, 40.639730937955946 ], [ -76.462810287976595, 40.639246510623636 ], [ -76.474897099909384, 40.638040269876029 ], [ -76.492030480805354, 40.635739058903653 ], [ -76.502116766697938, 40.633933828803862 ], [ -76.510188847584431, 40.63229760417039 ], [ -76.515231497639434, 40.631394308737356 ], [ -76.527832310275897, 40.62942222130669 ], [ -76.532874524098915, 40.628518147200658 ], [ -76.538925006178729, 40.62743296530698 ], [ -76.541957080307085, 40.626507418248167 ], [ -76.55254645378642, 40.624511586791186 ], [ -76.558577554286202, 40.624478167971255 ], [ -76.570665034465577, 40.622974733060936 ], [ -76.575205467552905, 40.621967957213009 ], [ -76.583264429567038, 40.620900832158291 ], [ -76.587797902933431, 40.620276398439067 ], [ -76.595859777927274, 40.619016965966409 ], [ -76.599898818443393, 40.617908482313496 ], [ -76.605440026977803, 40.617101915816015 ], [ -76.615018123138611, 40.61528177425653 ], [ -76.624378144004211, 40.613707860415481 ], [ -76.635935860709665, 40.611368896608987 ], [ -76.649041408600553, 40.608814025304156 ], [ -76.657871498127392, 40.606504548945807 ], [ -76.663736205268037, 40.605036841199031 ], [ -76.66353927321893, 40.600284962316202 ], [ -76.663129873112155, 40.590404182159645 ], [ -76.662944074944519, 40.585919010249498 ], [ -76.652163148214655, 40.586921940963421 ], [ -76.647124003903329, 40.58792701465002 ], [ -76.641062913814537, 40.589975083606483 ], [ -76.634017719682646, 40.59076887477336 ], [ -76.631125223469439, 40.591028113801286 ], [ -76.622571556282693, 40.591902330308869 ], [ -76.613393146414481, 40.592578317788544 ], [ -76.608856885522442, 40.593490927043767 ], [ -76.598415997188454, 40.594536170231038 ], [ -76.589235369865165, 40.595305939474727 ], [ -76.583828014109628, 40.595730178194586 ], [ -76.580811247589978, 40.595891172986732 ], [ -76.567607259435661, 40.596905655726765 ], [ -76.562578039748558, 40.597237035266637 ], [ -76.559557769891796, 40.597588893034136 ], [ -76.554027276903753, 40.598334094064583 ], [ -76.547471237394973, 40.599282659938737 ], [ -76.542931962159642, 40.600288367590615 ], [ -76.540912546217044, 40.600841634215747 ], [ -76.530352734887188, 40.60140082866674 ], [ -76.525314291130925, 40.602209120675489 ], [ -76.523030115638747, 40.602651915255279 ], [ -76.521235645451242, 40.602955034209891 ], [ -76.520068090608277, 40.603110709179568 ], [ -76.51423248316172, 40.603814306772826 ], [ -76.51070409622956, 40.604446632195398 ], [ -76.504653504140578, 40.605626073985349 ], [ -76.499605531668323, 40.60691177270995 ], [ -76.494560852799552, 40.608005840178748 ], [ -76.489516016784734, 40.60909968610838 ], [ -76.486480376812082, 40.610215279851694 ], [ -76.484463790550279, 40.610576135622217 ], [ -76.481953894968612, 40.610452914672436 ], [ -76.479940907798209, 40.610622278125554 ], [ -76.475529046802237, 40.611435279309113 ], [ -76.467857293405288, 40.611924834320284 ], [ -76.464344527895292, 40.611694380331159 ], [ -76.463845855391796, 40.611497381694441 ], [ -76.462488310663247, 40.610237829535926 ], [ -76.462259210038795, 40.609086558927075 ], [ -76.463032914098349, 40.608042179218444 ], [ -76.467996424744996, 40.604651148785265 ], [ -76.472586380435246, 40.601064322280884 ], [ -76.477057298543258, 40.597440431653844 ], [ -76.480445214939593, 40.595610935915374 ], [ -76.48560926871842, 40.593484862718995 ], [ -76.48982595328053, 40.591635427308454 ], [ -76.49040288986734, 40.59117361279862 ], [ -76.490375932065874, 40.590435217963076 ], [ -76.489704425267732, 40.590083275070732 ], [ -76.487668873512774, 40.590147231718092 ], [ -76.485899138716889, 40.590099184372654 ], [ -76.484601057553064, 40.589996352542087 ], [ -76.483798010255654, 40.589645413779266 ], [ -76.483779140850828, 40.589581433435391 ], [ -76.483585573590446, 40.588925111342604 ], [ -76.484281960624998, 40.587956286184543 ], [ -76.485535822382431, 40.587039036277424 ], [ -76.487875345124138, 40.585181087180885 ], [ -76.489315672053593, 40.584073260325361 ], [ -76.491235367440055, 40.583163630695289 ], [ -76.495150988789732, 40.581098783192914 ], [ -76.49685723007417, 40.580077266857707 ], [ -76.499355011601352, 40.578954813625053 ], [ -76.503162213985121, 40.577753399409985 ], [ -76.505186550970095, 40.576913659322464 ], [ -76.508725921899725, 40.57561151714544 ], [ -76.511262794271659, 40.574202803824818 ], [ -76.515713948110957, 40.571091382410707 ], [ -76.519634598770224, 40.569505787820404 ], [ -76.525732288291834, 40.565549926860655 ], [ -76.531313390412137, 40.562354120032026 ], [ -76.536008616551825, 40.55953165595583 ], [ -76.542975935141882, 40.555966902952541 ], [ -76.545392737169252, 40.554173262112471 ], [ -76.548304469155909, 40.55276762487668 ], [ -76.55058870433723, 40.551355407273952 ], [ -76.553006842989205, 40.549465890273019 ], [ -76.557701960759772, 40.546546798570951 ], [ -76.558849825586577, 40.545505611251578 ], [ -76.564695494988825, 40.54135360083361 ], [ -76.569008136289881, 40.538717305687427 ], [ -76.571669486353485, 40.537212783370073 ], [ -76.578508837438079, 40.533548818976385 ], [ -76.580159586696197, 40.532416776862725 ], [ -76.587882650323508, 40.528378265103591 ], [ -76.597002535207409, 40.523300135597225 ], [ -76.603852151345322, 40.518868915887815 ], [ -76.607397969350302, 40.516893667479195 ], [ -76.622371662116294, 40.506606038471197 ], [ -76.627309964863812, 40.503782162391914 ], [ -76.630217816008624, 40.502374389378495 ], [ -76.634035468356444, 40.500095790129208 ], [ -76.640414171920199, 40.496146875066742 ], [ -76.646742234936227, 40.492782091911756 ], [ -76.65065744016502, 40.490892292612273 ], [ -76.655552961746622, 40.488765362224939 ], [ -76.666319331746891, 40.483792469326012 ], [ -76.676199004128264, 40.479662778738842 ], [ -76.692734644361735, 40.471265950249894 ], [ -76.699586683144958, 40.46838982801723 ], [ -76.713034832047313, 40.462074519614404 ], [ -76.71602023283458, 40.46071069938192 ], [ -76.709891377585663, 40.446797132285539 ], [ -76.70961898794296, 40.446875380170312 ], [ -76.699827493805955, 40.450528315349366 ], [ -76.687114692165721, 40.45655413195162 ], [ -76.668782729526853, 40.465819361976266 ], [ -76.657764413767069, 40.470136489028576 ], [ -76.648590782716383, 40.474438210838571 ], [ -76.643202890943911, 40.476548006002339 ], [ -76.632439611349085, 40.481800721999491 ], [ -76.626985951925235, 40.483895867975704 ], [ -76.625886218641838, 40.484286224654412 ], [ -76.615858943350915, 40.489531804654497 ], [ -76.609082393318559, 40.493566247566797 ], [ -76.604835178178689, 40.496112334478177 ], [ -76.600585052143614, 40.499016950432683 ], [ -76.599033655470222, 40.500096137832486 ], [ -76.593316537073434, 40.504213252565158 ], [ -76.588378458261147, 40.506939940142772 ], [ -76.576971227609747, 40.513813099694254 ], [ -76.575068403382005, 40.515038271586896 ], [ -76.573855093318983, 40.515760897995854 ], [ -76.573741063907065, 40.516493579760194 ], [ -76.573676014992785, 40.516911539940374 ], [ -76.570648682566912, 40.518315869653954 ], [ -76.568219005342357, 40.519372053149944 ], [ -76.56149584220006, 40.523610988136475 ], [ -76.556433027497619, 40.526143548166473 ], [ -76.550220439526228, 40.529812709127512 ], [ -76.547938654644057, 40.531129224398192 ], [ -76.546416271389091, 40.53207068166946 ], [ -76.542742448595902, 40.534042702360239 ], [ -76.537920411913134, 40.537055591878335 ], [ -76.534490044013779, 40.539412808667095 ], [ -76.530932246329542, 40.541864307177057 ], [ -76.529276968800701, 40.54318704693376 ], [ -76.526732941162507, 40.545074736317815 ], [ -76.522034861805835, 40.548088259472046 ], [ -76.517071360350201, 40.551864581464315 ], [ -76.513386785167683, 40.554314176391038 ], [ -76.506147637755191, 40.558927217909179 ], [ -76.503729631343518, 40.560720015666604 ], [ -76.499999061162995, 40.562327570429417 ], [ -76.496769653066167, 40.563345008980775 ], [ -76.492911848305695, 40.564828024603592 ], [ -76.487804044779196, 40.566877160502514 ], [ -76.481947015106869, 40.568316498677007 ], [ -76.479231221967495, 40.568952485061843 ], [ -76.477268453418446, 40.569568133058603 ], [ -76.477256411874606, 40.570203122836929 ], [ -76.477292433113263, 40.570775089860824 ], [ -76.472813255699705, 40.572917065494437 ], [ -76.472761993440329, 40.572940412672438 ], [ -76.46997794374181, 40.573552296693201 ], [ -76.468169622113265, 40.573579809813211 ], [ -76.46804856945667, 40.573995335562998 ], [ -76.468011347528375, 40.574345185058483 ], [ -76.467934471352422, 40.57506578582398 ], [ -76.46787730913357, 40.575559408779931 ], [ -76.466246017282501, 40.576390505050014 ], [ -76.46216316168254, 40.577784079448932 ], [ -76.458025055428209, 40.579112459849739 ], [ -76.452812856618294, 40.580621942977757 ], [ -76.444987241468368, 40.58324001061731 ], [ -76.44209901557069, 40.584002034323142 ], [ -76.438564623028896, 40.584670751209153 ], [ -76.433040074255587, 40.586261701214355 ], [ -76.429886270888588, 40.587621749295366 ], [ -76.428078629458184, 40.588346826316545 ], [ -76.428012103298855, 40.588373509941803 ], [ -76.427319003444651, 40.589427174740038 ], [ -76.427302680942901, 40.589451990187136 ], [ -76.426672726158671, 40.590552436346172 ], [ -76.4266186656277, 40.590699458951157 ], [ -76.426172817523806, 40.591911969882965 ], [ -76.426146497018905, 40.591968040791926 ], [ -76.425643631990951, 40.593039337787765 ], [ -76.42557397147057, 40.593176647117197 ], [ -76.424213002216135, 40.593615415259769 ], [ -76.422443945135299, 40.594213350182208 ], [ -76.418971773259074, 40.595487176592435 ], [ -76.414992671334971, 40.596755044897343 ], [ -76.40617667319701, 40.599890871599364 ], [ -76.401949725767651, 40.601091009230053 ], [ -76.395129793407577, 40.603041187228094 ], [ -76.389849143414963, 40.605049692745837 ], [ -76.384925111396242, 40.607426267239077 ], [ -76.38170523463512, 40.608669576654478 ], [ -76.3799639441511, 40.609545915169406 ], [ -76.377377527718977, 40.610636435578265 ], [ -76.373305014195608, 40.612445999292902 ], [ -76.369593731466793, 40.613569586134915 ], [ -76.35897905711002, 40.616601328967924 ], [ -76.35391158697611, 40.618646219987134 ], [ -76.348347429939849, 40.620397689852545 ], [ -76.344296210402078, 40.621880117343458 ], [ -76.340246829334703, 40.623266696928312 ], [ -76.334173461671725, 40.625298446091605 ], [ -76.330628132804492, 40.626595132819681 ], [ -76.31393519213286, 40.631653883972028 ], [ -76.306845033452092, 40.634150175582967 ], [ -76.30279210102799, 40.635631112986871 ], [ -76.300765569097592, 40.63637152803161 ], [ -76.292667330830909, 40.638950024664936 ], [ -76.289122594425677, 40.640149709340896 ], [ -76.277714879871908, 40.644599778742219 ], [ -76.273156020990342, 40.646168948011464 ], [ -76.271635650234913, 40.646723862359565 ], [ -76.266565450813857, 40.648669126409864 ], [ -76.263024004104423, 40.649676595010348 ], [ -76.25616646963347, 40.652842814521705 ], [ -76.253255065866398, 40.653762397361014 ], [ -76.239676085108144, 40.659520602859104 ], [ -76.234738275087096, 40.661083249766882 ], [ -76.226738372961364, 40.664615553822969 ], [ -76.222684010914392, 40.66599787848476 ], [ -76.21988846859827, 40.667301019009322 ], [ -76.215831610123558, 40.668778792226952 ], [ -76.207565161052273, 40.671684060877524 ], [ -76.201902539438734, 40.673091968652102 ], [ -76.198354375869869, 40.674288767223601 ], [ -76.191266599516183, 40.676299257068116 ], [ -76.189744864941488, 40.676853052036371 ], [ -76.183172822297323, 40.678295663460212 ], [ -76.179626309385938, 40.67939618137526 ], [ -76.175572368141317, 40.680681120035771 ], [ -76.17203012611931, 40.681590013607462 ], [ -76.165425506583318, 40.684371292367906 ], [ -76.16238577985645, 40.685286781884969 ], [ -76.160863611022521, 40.685840187040434 ], [ -76.158834013255301, 40.686578029187523 ], [ -76.156294673221254, 40.687595973236313 ], [ -76.151229497822882, 40.689057537416573 ], [ -76.145391414495919, 40.691273927819203 ], [ -76.142348808916225, 40.69228456792473 ], [ -76.134226271720223, 40.695330072368186 ], [ -76.129143802129718, 40.697460479118341 ], [ -76.120505437560809, 40.700976381258599 ], [ -76.118982575992732, 40.70152921954643 ], [ -76.111358510448781, 40.704675860120389 ], [ -76.107809466465312, 40.705774115430962 ], [ -76.105263931842416, 40.706982282221077 ], [ -76.101712309521517, 40.708176034345719 ], [ -76.097147447107247, 40.709642346083761 ], [ -76.091070959346951, 40.7111824901245 ], [ -76.088031423919801, 40.71200028321288 ], [ -76.0834755661663, 40.713083288984535 ], [ -76.080950851247508, 40.713429712425047 ], [ -76.076375600727516, 40.715277934776836 ], [ -76.073838759110345, 40.716102637707074 ], [ -76.070290930738395, 40.717104025906856 ], [ -76.068772120736156, 40.717464809387607 ], [ -76.064737992329839, 40.717788888451317 ], [ -76.062208176231266, 40.718326269811811 ], [ -76.059175254568999, 40.718856229076401 ], [ -76.054618495052679, 40.719938074751099 ], [ -76.053104407618619, 40.720107277314831 ], [ -76.052088522894906, 40.720475230899623 ], [ -76.051316860683585, 40.721133934455338 ], [ -76.050632923046138, 40.72250147361877 ], [ -76.050611086510841, 40.722545136510632 ], [ -76.050474327379234, 40.722818579844919 ], [ -76.047778076703992, 40.724247296233678 ], [ -76.046245503071447, 40.72476837345463 ], [ -76.044740464916401, 40.725376736609505 ], [ -76.043551017781681, 40.726318938722457 ], [ -76.043463149020837, 40.72763429662691 ], [ -76.043743957795527, 40.728422616804529 ], [ -76.044491557006751, 40.728612957435622 ], [ -76.046227592711276, 40.728887494717803 ], [ -76.048000182059184, 40.728962956845919 ], [ -76.049775588702218, 40.729000389500179 ], [ -76.051552074722863, 40.729027318024876 ], [ -76.052499002838672, 40.728974412602852 ], [ -76.053328261508028, 40.729057132566048 ], [ -76.053978025011745, 40.729633651997268 ], [ -76.053920918971457, 40.730561901036424 ], [ -76.053310180365443, 40.731732523505201 ], [ -76.052266802134056, 40.732686208817007 ], [ -76.050891656520875, 40.733845854792776 ], [ -76.05043632107045, 40.735141421615118 ], [ -76.050270273351629, 40.736048405386484 ], [ -76.050987507420771, 40.737900101002531 ], [ -76.051075386749758, 40.739451826619508 ], [ -76.050533087811587, 40.740435869199715 ], [ -76.049631743410401, 40.741597639191255 ], [ -76.048616922567732, 40.742708691477759 ], [ -76.047281663902353, 40.743615161157848 ], [ -76.045068830835987, 40.745005951383241 ], [ -76.044613598425045, 40.745252830790605 ], [ -76.044562773730974, 40.745280393211324 ], [ -76.041509781898611, 40.746935975461248 ], [ -76.040501617682409, 40.748026906597524 ], [ -76.039345501834873, 40.749055405541888 ], [ -76.03816287850303, 40.750066573543769 ], [ -76.036786530040274, 40.750886098873103 ], [ -76.035503416007799, 40.751798653019613 ], [ -76.034319717706111, 40.752809505221407 ], [ -76.033157045928888, 40.753832764651847 ], [ -76.032085567061799, 40.754846227389478 ], [ -76.029894186881933, 40.756500192645319 ], [ -76.025302248899479, 40.760213955177136 ], [ -76.022380745047386, 40.762206877633076 ], [ -76.018980907230031, 40.764192550892346 ], [ -76.014903872780891, 40.76645888932628 ], [ -76.011603030246562, 40.768300356972837 ], [ -76.007728179642726, 40.770133063998557 ], [ -76.004721507879168, 40.771687828250208 ], [ -75.999652958581947, 40.773706793446813 ], [ -75.996864293135275, 40.77492945944352 ], [ -75.991970216884255, 40.77703092794043 ], [ -75.986049829872684, 40.779271936175682 ], [ -75.982744043173682, 40.780568356635563 ], [ -75.980028997730315, 40.781542627429531 ], [ -75.978398524352954, 40.782131343975557 ], [ -75.978369011180902, 40.783241413616011 ], [ -75.974458339975669, 40.784585745649458 ], [ -75.967372905799508, 40.787015090004637 ], [ -75.958989602823294, 40.789527487948746 ], [ -75.954527266887538, 40.790701541130744 ], [ -75.949444541030772, 40.79212478079625 ], [ -75.945322574786758, 40.793303776558425 ], [ -75.942119431267784, 40.794288240677744 ], [ -75.941822611110865, 40.794391611130365 ], [ -75.943083910481818, 40.794336552369387 ], [ -75.94506506115151, 40.794250043582458 ], [ -75.944058544475865, 40.794528097261427 ], [ -75.941194461129655, 40.795413430212342 ], [ -75.932875920318324, 40.79845743674538 ], [ -75.921492978574534, 40.802223329011781 ], [ -75.912592398539232, 40.804667078340117 ], [ -75.904221293290732, 40.807339759286243 ], [ -75.900747421235238, 40.808277353370791 ], [ -75.865954007670652, 40.81864446789902 ], [ -75.864147205544867, 40.819204530745786 ], [ -75.862092690264475, 40.820077970532381 ], [ -75.86038843784516, 40.82122920510438 ], [ -75.857425829647624, 40.822541201859558 ], [ -75.853562823136954, 40.824019736562143 ], [ -75.852173504045538, 40.824586467399577 ], [ -75.851079949665817, 40.825248743356482 ], [ -75.851024726522809, 40.826368600845541 ], [ -75.850296133537796, 40.826527918280192 ], [ -75.849529708834694, 40.826695501805546 ], [ -75.849282044167694, 40.827577380540355 ], [ -75.848960349051595, 40.828388391603184 ], [ -75.848335069421083, 40.829375803162101 ], [ -75.8473581709179, 40.830130665407012 ], [ -75.84317791870879, 40.832238520095721 ], [ -75.834013676250294, 40.835306678206464 ], [ -75.815771414508006, 40.840444524486202 ], [ -75.809501737875607, 40.842470766277479 ], [ -75.790878540691736, 40.850273868557586 ], [ -75.778985527346208, 40.85456104874396 ], [ -75.769918651133551, 40.858169905377366 ], [ -75.767137061534157, 40.859658158450074 ], [ -75.767126400149351, 40.859663862327857 ], [ -75.768635329022587, 40.859494841024841 ], [ -75.769583692274807, 40.859388600640422 ], [ -75.766749255681219, 40.860292276464833 ], [ -75.764101977604611, 40.860927005527245 ], [ -75.759651293237113, 40.861938738530185 ], [ -75.753372552063809, 40.86414312863554 ], [ -75.748109875634142, 40.866319441516602 ], [ -75.74623437913219, 40.867103179130659 ], [ -75.744894847366524, 40.867941551124865 ], [ -75.744577165788556, 40.868570921073236 ], [ -75.745687030989188, 40.869406496304677 ], [ -75.747042591663345, 40.870019576487117 ], [ -75.748827071058059, 40.870277286240864 ], [ -75.751334391913687, 40.870069095580504 ], [ -75.757158328775375, 40.869378399684905 ], [ -75.764325049747441, 40.868458876326365 ], [ -75.770757349861967, 40.867118167560314 ], [ -75.778625122623254, 40.865710921662384 ], [ -75.786314793225202, 40.86425475743134 ], [ -75.795311043127541, 40.863046958104597 ], [ -75.799803740458458, 40.862624100798627 ], [ -75.803589189099782, 40.861871696408528 ], [ -75.80744088687544, 40.860893531195543 ], [ -75.813561279586324, 40.859953316795824 ], [ -75.821846663385898, 40.858504758373329 ], [ -75.82586260862341, 40.8580275670557 ], [ -75.833660744099703, 40.85688748040171 ], [ -75.838399471571734, 40.856195097706099 ], [ -75.842686494370056, 40.854588051242189 ], [ -75.848766916015094, 40.85291969410077 ], [ -75.853512983264267, 40.851954703651501 ], [ -75.858742960874395, 40.850770693167718 ], [ -75.86441120822515, 40.848867997345522 ], [ -75.869396852841334, 40.847860911323572 ], [ -75.873192279396093, 40.84669821286051 ], [ -75.894158795161502, 40.840143861245288 ], [ -75.898947089737277, 40.838678807128055 ], [ -75.909485581499467, 40.835491326683432 ], [ -75.917908734123486, 40.832663459389408 ], [ -75.920896524103142, 40.831788294275967 ], [ -75.925662527458186, 40.830004309094797 ], [ -75.934580912649508, 40.82701565484652 ], [ -75.941450998855458, 40.824674506261651 ], [ -75.948190635864165, 40.822696505146851 ], [ -75.95084503216772, 40.821917330681067 ], [ -75.951546408057851, 40.821158732148014 ], [ -75.952339331663509, 40.820536164403599 ], [ -75.953558528166226, 40.819602764839516 ], [ -75.955255077495579, 40.818676770971337 ], [ -75.957559293219575, 40.817352024925363 ], [ -75.959974228696979, 40.816346407763845 ], [ -75.962622901165162, 40.815525758423703 ], [ -75.965521134832969, 40.814300746710281 ], [ -75.967821359714691, 40.813111783696677 ], [ -75.969149842336108, 40.812542709335695 ], [ -75.970244474639927, 40.811788614015299 ], [ -75.970619446109836, 40.811159474811419 ], [ -75.971711622640385, 40.810496029474479 ], [ -75.973038807753127, 40.809972241571778 ], [ -75.974464232285428, 40.809843521803217 ], [ -75.983595433892006, 40.808048019156637 ], [ -75.991280458249889, 40.806351241713188 ], [ -75.999652547495614, 40.804423391781278 ], [ -76.001769573437329, 40.804066957803116 ], [ -76.00483249207447, 40.803330575562406 ], [ -76.007848546305098, 40.802593403436127 ], [ -76.015462068138049, 40.799719425055159 ], [ -76.017931012428335, 40.79840448847861 ], [ -76.018601634998603, 40.798002469512795 ], [ -76.018614536457974, 40.797994736658616 ], [ -76.019262751426808, 40.797606141957459 ], [ -76.020562436063599, 40.79623802601332 ], [ -76.021148979819202, 40.795286167475219 ], [ -76.019396101823617, 40.79607822200083 ], [ -76.018087331736851, 40.796669571368504 ], [ -76.01808096030048, 40.796672450524845 ], [ -76.01764317854105, 40.796870249700113 ], [ -76.015522285569844, 40.797407662196576 ], [ -76.013313317029571, 40.797730234110851 ], [ -76.013748447528627, 40.79720308837905 ], [ -76.014943511679149, 40.796260415575709 ], [ -76.015891574235084, 40.795812133504597 ], [ -76.01761847191645, 40.795491021764789 ], [ -76.017407227980073, 40.794960012117123 ], [ -76.017202705901667, 40.794445889307156 ], [ -76.018791596008427, 40.794151367389325 ], [ -76.020928015093872, 40.792986481941277 ], [ -76.023214647398504, 40.791641724020756 ], [ -76.02447210316106, 40.79122150764951 ], [ -76.024495550664938, 40.790316426843297 ], [ -76.02450836311462, 40.789821864394511 ], [ -76.026769204874483, 40.789933214225229 ], [ -76.028485534360414, 40.789481353507988 ], [ -76.031696835164027, 40.788197535368106 ], [ -76.035694322093448, 40.786688284251326 ], [ -76.039974528826477, 40.784903491419605 ], [ -76.044178449080576, 40.782846370964386 ], [ -76.046674702556714, 40.781786891260424 ], [ -76.048363474400404, 40.7808818053891 ], [ -76.048315070337964, 40.781077829404083 ], [ -76.048122251188104, 40.781858691473317 ], [ -76.049700029259199, 40.7820402088457 ], [ -76.050633880600259, 40.782093367143482 ], [ -76.051605800547506, 40.782084508651998 ], [ -76.053303046548692, 40.781778002455397 ], [ -76.055113471117338, 40.781081779370837 ], [ -76.056657477795042, 40.780523041341397 ], [ -76.058071554317607, 40.780059276323129 ], [ -76.059813393346687, 40.779605012726769 ], [ -76.06145476999977, 40.779124159021812 ], [ -76.063085059301812, 40.778604715754533 ], [ -76.064787419483949, 40.778218121233301 ], [ -76.06749846588562, 40.777750792222292 ], [ -76.067889175276065, 40.777427761158776 ], [ -76.069036477257214, 40.776368514713589 ], [ -76.069101404000293, 40.77630856907772 ], [ -76.069883734232207, 40.775513755562294 ], [ -76.07137942645106, 40.776523623779426 ], [ -76.072692640637513, 40.777397697520072 ], [ -76.074412595924898, 40.777634608248526 ], [ -76.076181510800112, 40.777747610497244 ], [ -76.077854101121829, 40.777296039283719 ], [ -76.07938082013554, 40.776620865627031 ], [ -76.080774881045897, 40.775788181578015 ], [ -76.082339243885528, 40.775147103771289 ], [ -76.083282759022282, 40.775184345661188 ], [ -76.083716936264125, 40.775527182251459 ], [ -76.083990149030157, 40.775867665002806 ], [ -76.084542210133719, 40.775215852611289 ], [ -76.084839268187238, 40.774867003177903 ], [ -76.090521789824024, 40.774439566404958 ], [ -76.091501909856518, 40.774382797449022 ], [ -76.090379493253906, 40.776104483416475 ], [ -76.090386934788697, 40.776107446935448 ], [ -76.090726136979399, 40.77624252592274 ], [ -76.092467956820641, 40.776362292691154 ], [ -76.094712831321104, 40.776299769370794 ], [ -76.097205698495031, 40.776288126699811 ], [ -76.098960273363701, 40.7760757809585 ], [ -76.099053177659911, 40.775688189484931 ], [ -76.101630656753002, 40.776065676936064 ], [ -76.103397579810306, 40.776170100711617 ], [ -76.105176248846234, 40.77622767080193 ], [ -76.106944168211854, 40.776364841407009 ], [ -76.108714602568483, 40.776484584623468 ], [ -76.110485513844068, 40.776596659084674 ], [ -76.112245589777714, 40.776778186171022 ], [ -76.114023824429125, 40.776858353583648 ], [ -76.11580120467211, 40.776901025916452 ], [ -76.117542137127302, 40.776705902429264 ], [ -76.119241773084042, 40.776311663704803 ], [ -76.121015587967719, 40.77619439039664 ], [ -76.122759036953582, 40.776009464957149 ], [ -76.124475223437656, 40.77568611552379 ], [ -76.125382319690488, 40.775427867557227 ], [ -76.127602186932023, 40.77483043823716 ], [ -76.129267492188163, 40.774364878337963 ], [ -76.13083581894837, 40.774107484174806 ], [ -76.132783420671402, 40.77336642999861 ], [ -76.134358494222639, 40.772829679799351 ], [ -76.13552864561386, 40.772501660142204 ], [ -76.13678104717286, 40.771538070735829 ], [ -76.137361864907859, 40.770082365786514 ], [ -76.134491173799944, 40.770592171107253 ], [ -76.132806676195642, 40.771021495616225 ], [ -76.131108867299034, 40.771417697637204 ], [ -76.129390970002831, 40.771764499665089 ], [ -76.127656283837865, 40.772056895751184 ], [ -76.125891629384668, 40.772218976299072 ], [ -76.124140641291902, 40.772450864969336 ], [ -76.122371355505308, 40.772570383498376 ], [ -76.120597274222447, 40.772661345307988 ], [ -76.118823815833707, 40.772756018284767 ], [ -76.117050315522974, 40.772850459775263 ], [ -76.115289353358918, 40.773020168409815 ], [ -76.113528123663031, 40.773197466309881 ], [ -76.111752034787997, 40.773306126020714 ], [ -76.107747888090032, 40.773312248791285 ], [ -76.104505309788934, 40.773408175738076 ], [ -76.107331705264158, 40.772501051968739 ], [ -76.110224983436154, 40.771405333039183 ], [ -76.112297954856288, 40.770724227037206 ], [ -76.115451196287381, 40.770679922406345 ], [ -76.116867661431314, 40.770418156084361 ], [ -76.118616218625633, 40.770303183397736 ], [ -76.120363063117338, 40.770258008371833 ], [ -76.122392282785071, 40.769937382210898 ], [ -76.124054077419203, 40.7696115509641 ], [ -76.125892760592407, 40.769567584192274 ], [ -76.127745126334915, 40.769418611103852 ], [ -76.129507990742241, 40.769248804342169 ], [ -76.131242818610801, 40.768967889236137 ], [ -76.132956736346415, 40.768650363611002 ], [ -76.134688177734986, 40.768371210321291 ], [ -76.136435676282019, 40.768212265496601 ], [ -76.13814355104661, 40.768123536708288 ], [ -76.139910322126568, 40.767968034304097 ], [ -76.141641499248223, 40.767670890244204 ], [ -76.14337420057484, 40.767381552713992 ], [ -76.145049359283078, 40.766956808526629 ], [ -76.146697198435135, 40.766459019594329 ], [ -76.148298913709553, 40.765879175339002 ], [ -76.149897760068413, 40.765294282840003 ], [ -76.151565812413423, 40.764845213390046 ], [ -76.153207446063576, 40.764339339846401 ], [ -76.154641705210551, 40.763569085124757 ], [ -76.156113445762031, 40.762818483112305 ], [ -76.157440716560842, 40.761919319884846 ], [ -76.158803042992204, 40.761154853248051 ], [ -76.160015275690526, 40.760403191251406 ], [ -76.161424471468564, 40.759095418363437 ], [ -76.162913802875153, 40.758277687843872 ], [ -76.164367978508395, 40.758034744488185 ], [ -76.166046147214757, 40.757901600455789 ], [ -76.167797634892622, 40.757646214203483 ], [ -76.169103196578774, 40.756825884699822 ], [ -76.170685872134428, 40.755939479020526 ], [ -76.171901185183373, 40.755048030436434 ], [ -76.17348378366556, 40.75416158341659 ], [ -76.174785029639764, 40.753288125416645 ], [ -76.176361835055701, 40.752873673927326 ], [ -76.177937209239403, 40.752352386588264 ], [ -76.178789231189569, 40.752522808112921 ], [ -76.179943132369232, 40.752922434379293 ], [ -76.18055961769835, 40.754048440311834 ], [ -76.179798652924035, 40.755155716184213 ], [ -76.178578501665768, 40.756256736216571 ], [ -76.177278011571573, 40.756867689665349 ], [ -76.175887312870188, 40.757407548118813 ], [ -76.174221087550677, 40.757943625991089 ], [ -76.172645017931515, 40.758550766165996 ], [ -76.17106891966462, 40.759157881114326 ], [ -76.169464562530138, 40.759635271575029 ], [ -76.167870285825686, 40.760096933725052 ], [ -76.166350777255147, 40.760640122744199 ], [ -76.165006151755634, 40.761479228902211 ], [ -76.163564706551668, 40.762268944694284 ], [ -76.16245782228367, 40.763273649140729 ], [ -76.162251499151822, 40.763986256508772 ], [ -76.162778316751144, 40.764550603232252 ], [ -76.164574087747681, 40.765182542315607 ], [ -76.165900097711386, 40.765869604110229 ], [ -76.168917575830875, 40.765620776541681 ], [ -76.171929783579884, 40.765481068087276 ], [ -76.174941011900117, 40.765286716216153 ], [ -76.177592443454657, 40.765041391867442 ], [ -76.180814104490821, 40.764571881496735 ], [ -76.183752534406338, 40.764323476112992 ], [ -76.186232690288733, 40.763871648201849 ], [ -76.18634419046866, 40.763851333726841 ], [ -76.187335235147515, 40.763731424054576 ], [ -76.188668737732456, 40.765240288169892 ], [ -76.188792009913143, 40.765379767610419 ], [ -76.19060063005567, 40.765097963488238 ], [ -76.192338501024111, 40.764869737022806 ], [ -76.193989802333476, 40.764379271142303 ], [ -76.195561572168927, 40.763863283857958 ], [ -76.197251244170815, 40.763567723972926 ], [ -76.198913979561524, 40.763578694063078 ], [ -76.198100811841726, 40.765031780143296 ], [ -76.197166887682499, 40.767008737270743 ], [ -76.198272470391728, 40.767023604009687 ], [ -76.198528946365514, 40.767027051505046 ], [ -76.198726492727786, 40.766256006094906 ], [ -76.199760542052303, 40.765551459563888 ], [ -76.200183144376453, 40.765253498465277 ], [ -76.201083948960047, 40.764906052782955 ], [ -76.201738946855372, 40.764688671870857 ], [ -76.202984854118455, 40.763716708599858 ], [ -76.204144148141722, 40.762687722633849 ], [ -76.205078251249716, 40.761521467198293 ], [ -76.205462897996924, 40.761017486768218 ], [ -76.206473775039086, 40.761628162946778 ], [ -76.206770263996589, 40.762165746596018 ], [ -76.206884648240802, 40.762908655544706 ], [ -76.205996611399428, 40.764031363483561 ], [ -76.20486383480997, 40.764901444593718 ], [ -76.204335944911548, 40.765723342519443 ], [ -76.203483882607529, 40.766892489328839 ], [ -76.203727677847255, 40.766875749840644 ], [ -76.205766213681187, 40.766737244612713 ], [ -76.206032494606447, 40.766699059934233 ], [ -76.20745804213783, 40.765875633644093 ], [ -76.208136715621208, 40.765120521293703 ], [ -76.208305248458103, 40.7637183322949 ], [ -76.208274606114472, 40.762023404616706 ], [ -76.208460459475958, 40.761579218441234 ], [ -76.208844149392675, 40.761354079006345 ], [ -76.209620849324835, 40.761419639924803 ], [ -76.210402888437272, 40.761779968553164 ], [ -76.211094693732477, 40.762509771436036 ], [ -76.211581978594538, 40.762652068342597 ], [ -76.212561903272999, 40.763231421566012 ], [ -76.213533816103137, 40.76336861360204 ], [ -76.215081916200646, 40.763204901453889 ], [ -76.216530400669669, 40.762894806450255 ], [ -76.218269643662651, 40.762581624583341 ], [ -76.219909256076363, 40.762122054600077 ], [ -76.220055749926004, 40.762009744665484 ], [ -76.223152187338073, 40.761879682869377 ], [ -76.225348975567499, 40.761737660045505 ], [ -76.228556872288138, 40.761651686978794 ], [ -76.231805417813831, 40.761550644617508 ], [ -76.231648096589353, 40.763485372505428 ], [ -76.231648084233598, 40.763485525440807 ], [ -76.226577823588514, 40.765142257778344 ], [ -76.215817344766748, 40.767947997258773 ], [ -76.211882261952752, 40.769331468023502 ], [ -76.206180352818421, 40.770882630504744 ], [ -76.202741741891472, 40.772559591952948 ], [ -76.200429198898846, 40.774538738714554 ], [ -76.199784669531795, 40.77544409944322 ], [ -76.199096087233912, 40.775663944001302 ], [ -76.197593791402724, 40.775857229069736 ], [ -76.194481539777797, 40.775798849759681 ], [ -76.189809796369531, 40.776463886110257 ], [ -76.188410025902741, 40.776961254977628 ], [ -76.18335665702071, 40.777658552321896 ], [ -76.18134249705659, 40.777631196533861 ], [ -76.178321259613128, 40.777590097247412 ], [ -76.16368223411655, 40.778921380480071 ], [ -76.156605140826869, 40.779972556616748 ], [ -76.148513819842407, 40.781296393195127 ], [ -76.145476326668515, 40.781924256405006 ], [ -76.13535405021733, 40.783888960873036 ], [ -76.126853874941546, 40.786449924430784 ], [ -76.119253134969384, 40.788257198290928 ], [ -76.113820587559658, 40.788946075652625 ], [ -76.108760928846948, 40.789831441757272 ], [ -76.103701142718862, 40.790716582020515 ], [ -76.102301984751364, 40.791270938555776 ], [ -76.103418230881175, 40.791858765335782 ], [ -76.108972641452127, 40.791461707705061 ], [ -76.1170682292137, 40.79004500470495 ], [ -76.123233735787167, 40.789717250363182 ], [ -76.127170928832101, 40.788943134554835 ], [ -76.13323519382503, 40.788166756711057 ], [ -76.136000395488892, 40.788396903256952 ], [ -76.139278490695744, 40.788251258815663 ], [ -76.142064523086916, 40.787620058978945 ], [ -76.145598986489532, 40.787286362190535 ], [ -76.147624918915582, 40.786835901247656 ], [ -76.150648825375086, 40.786782124790477 ], [ -76.151646837552434, 40.787178836248607 ], [ -76.15163075492849, 40.787848664141492 ], [ -76.151111059226324, 40.788511515629246 ], [ -76.150020794191093, 40.789219614184873 ], [ -76.144792821938125, 40.789381023244736 ], [ -76.142769107310855, 40.789735743239525 ], [ -76.136324240002949, 40.791451457114661 ], [ -76.13009481093286, 40.793004500449669 ], [ -76.129075874893232, 40.793468799308499 ], [ -76.127050300021651, 40.794182519899778 ], [ -76.12501485822348, 40.794153876846302 ], [ -76.122979415834891, 40.794125196890526 ], [ -76.121887653710431, 40.794165063277518 ], [ -76.120018947409932, 40.794823644001418 ], [ -76.114928617563109, 40.796103339687434 ], [ -76.11135652071691, 40.796951671783205 ], [ -76.106785725853939, 40.798418210446165 ], [ -76.10476155789101, 40.798772252704929 ], [ -76.09381106630704, 40.803497359138937 ], [ -76.088750070058836, 40.804381813436763 ], [ -76.086205171358486, 40.805398072216704 ], [ -76.078097527959088, 40.807195290024964 ], [ -76.077334709370703, 40.807471395436941 ], [ -76.076814131504662, 40.80813388990785 ], [ -76.077058786131232, 40.808424598567854 ], [ -76.079071364206257, 40.808549480679282 ], [ -76.080713341093869, 40.808381805234063 ], [ -76.082230004323321, 40.808027619169145 ], [ -76.094752856766092, 40.807045135047872 ], [ -76.10204365410975, 40.806180482079391 ], [ -76.110909102463637, 40.80489014323355 ], [ -76.116471250665299, 40.804107530143298 ], [ -76.117476347752117, 40.804217475420486 ], [ -76.118474411705691, 40.80461447483291 ], [ -76.118457987570096, 40.80528428723666 ], [ -76.117944869080191, 40.805659915541796 ], [ -76.115623410167842, 40.806327634245456 ], [ -76.115969602092164, 40.806277774630004 ], [ -76.124139825114725, 40.804961969440434 ], [ -76.128882183490816, 40.804158413537415 ], [ -76.139747539722379, 40.80267653518257 ], [ -76.145289127519561, 40.801957860078737 ], [ -76.1495513146874, 40.800989213720094 ], [ -76.153895156208918, 40.799791747501629 ], [ -76.160915161891452, 40.797441502160197 ], [ -76.167263304404898, 40.795174789406659 ], [ -76.173326335351604, 40.793360408111866 ], [ -76.180059455137012, 40.791422327575418 ], [ -76.184290340449564, 40.790290241678349 ] ], [ [ -76.206989758859876, 40.756122402088664 ], [ -76.206741121330268, 40.757461906082725 ], [ -76.206280291944779, 40.759394238020946 ], [ -76.204922605687045, 40.759408429585086 ], [ -76.202776763058765, 40.759812825957475 ], [ -76.201345525887547, 40.760046027389293 ], [ -76.200339821069264, 40.760312888915109 ], [ -76.200991162813835, 40.75925031001902 ], [ -76.201345189075951, 40.758079270328516 ], [ -76.200492332577696, 40.756992250659209 ], [ -76.199019318313105, 40.756207224275826 ], [ -76.19799643933618, 40.755162742143419 ], [ -76.198230946013666, 40.754457563982022 ], [ -76.198461464103445, 40.753964056398644 ], [ -76.199441893497792, 40.752865953524349 ], [ -76.200032883053296, 40.751632328482899 ], [ -76.200913633895453, 40.750557953249562 ], [ -76.201498903234281, 40.749321307820694 ], [ -76.202345399224754, 40.748166091871688 ], [ -76.203712189040218, 40.747394349767703 ], [ -76.205480164578091, 40.74720598080193 ], [ -76.207179047532279, 40.74755595303732 ], [ -76.208662465314333, 40.748238347445486 ], [ -76.210101305662931, 40.749031865221035 ], [ -76.210996177889399, 40.749441011816145 ], [ -76.2117374092104, 40.750169138415167 ], [ -76.21185494664455, 40.750651708333692 ], [ -76.211379909041327, 40.751373353394527 ], [ -76.210483413723523, 40.751950918336043 ], [ -76.208956266321451, 40.752441260592938 ], [ -76.207918527870135, 40.753525941253287 ], [ -76.207318934629654, 40.754796189216151 ], [ -76.206989758859876, 40.756122402088664 ] ], [ [ -76.273315090426209, 40.754577811039923 ], [ -76.273455960233036, 40.753296666425314 ], [ -76.273826441088758, 40.751804633693091 ], [ -76.274189327661531, 40.750654619680205 ], [ -76.274112209505134, 40.749221431128326 ], [ -76.27384974381927, 40.748212692309885 ], [ -76.27280752687841, 40.747217942697013 ], [ -76.274430900615869, 40.746669386181139 ], [ -76.275577809416546, 40.74635310988436 ], [ -76.277083334188248, 40.746928256807685 ], [ -76.277962174634723, 40.746887226681466 ], [ -76.279883410368882, 40.745527283538287 ], [ -76.281638924892547, 40.745505430524162 ], [ -76.283401784025045, 40.745418851124789 ], [ -76.285177962340853, 40.745544531217725 ], [ -76.287113653940182, 40.745550762292503 ], [ -76.287424181517878, 40.745509692702711 ], [ -76.287434223155842, 40.745508364016608 ], [ -76.289004233721272, 40.745300702733743 ], [ -76.290750426547334, 40.745120960535303 ], [ -76.292476495127545, 40.744825447386006 ], [ -76.294214566300255, 40.744575591114199 ], [ -76.295777636572822, 40.74419654873504 ], [ -76.295882993525154, 40.74417099951868 ], [ -76.298422153411593, 40.743672794177954 ], [ -76.298437328800262, 40.743656991023435 ], [ -76.299884566341035, 40.74214984445274 ], [ -76.301307756525929, 40.74135074454432 ], [ -76.30440039617649, 40.740196348659317 ], [ -76.304640445012211, 40.739621727157534 ], [ -76.304697870401341, 40.739594529898504 ], [ -76.306684842456363, 40.738653466087229 ], [ -76.308137441000241, 40.737862693163272 ], [ -76.309584053691736, 40.737076930521489 ], [ -76.311813323703404, 40.735997306327128 ], [ -76.311839535074597, 40.735996494656924 ], [ -76.311893530387067, 40.735994823208337 ], [ -76.313126783162531, 40.735851495796346 ], [ -76.31452479177004, 40.735913356101378 ], [ -76.315456471520761, 40.736131263904809 ], [ -76.31631844109593, 40.736661429878346 ], [ -76.313158590939707, 40.738134732424164 ], [ -76.312711852653351, 40.738349340082912 ], [ -76.312669425654235, 40.738369721123398 ], [ -76.310655364639047, 40.739337209244269 ], [ -76.309223566396781, 40.740136987953029 ], [ -76.307852138698479, 40.740995095822427 ], [ -76.306006513520487, 40.741955448329165 ], [ -76.306367489974591, 40.74259726777376 ], [ -76.306631946759893, 40.743067466139202 ], [ -76.306742501864903, 40.743288135937995 ], [ -76.304757478615116, 40.743942095492514 ], [ -76.302819972034186, 40.74473529387037 ], [ -76.299597935105396, 40.745846090909588 ], [ -76.297987475535592, 40.746414128598246 ], [ -76.296356557898051, 40.746949635902673 ], [ -76.295435800075509, 40.747153586114685 ], [ -76.294818494121088, 40.747153293432405 ], [ -76.294783628478115, 40.747155689867789 ], [ -76.292741402256112, 40.74729597328804 ], [ -76.291013850643239, 40.747629467252786 ], [ -76.289372208116816, 40.748132606669223 ], [ -76.287639073883767, 40.748408122900159 ], [ -76.285954781251945, 40.748832912742131 ], [ -76.284218016294346, 40.749113624640721 ], [ -76.28251021811208, 40.749482843808394 ], [ -76.28074865488378, 40.749687369986717 ], [ -76.279776632592885, 40.749742267914911 ], [ -76.278889333150403, 40.750096179976353 ], [ -76.279949837550831, 40.751602269653006 ], [ -76.280567310687147, 40.752849598555272 ], [ -76.28129378884168, 40.754047328543408 ], [ -76.279084222686606, 40.755032941129528 ], [ -76.277487031724519, 40.755553439848171 ], [ -76.275731363282205, 40.755745851618983 ], [ -76.273510599222448, 40.755906016897221 ], [ -76.273315090426209, 40.754577811039923 ] ], [ [ -76.279200125883278, 40.73725236613042 ], [ -76.280291061662837, 40.738356403422287 ], [ -76.281010196414243, 40.739566861128921 ], [ -76.281498685159562, 40.740861107514803 ], [ -76.282095553453772, 40.742075216211028 ], [ -76.282809410976142, 40.74336306556394 ], [ -76.28073945897853, 40.743941695686473 ], [ -76.27921750140456, 40.744635923803628 ], [ -76.27881933215761, 40.744304428947487 ], [ -76.278744335007232, 40.743722480493481 ], [ -76.279068336504864, 40.743288216406981 ], [ -76.279317337161643, 40.741956118478775 ], [ -76.279657307878438, 40.741381228344423 ], [ -76.279428695814374, 40.740611723757212 ], [ -76.278770799158963, 40.739364035045185 ], [ -76.278228320155833, 40.738057082137892 ], [ -76.278241445015681, 40.737463175150907 ], [ -76.278617949372986, 40.737119043022389 ], [ -76.279200125883278, 40.73725236613042 ] ], [ [ -76.315200990542095, 40.739410884990058 ], [ -76.316158116594579, 40.738938882353956 ], [ -76.31831638383288, 40.738337643019463 ], [ -76.319491483954295, 40.738063764551733 ], [ -76.319451873087147, 40.738396712508795 ], [ -76.319436898325918, 40.738522580436999 ], [ -76.319480415939267, 40.738696837138193 ], [ -76.321657386723672, 40.738580680433813 ], [ -76.323412825643743, 40.738371690704184 ], [ -76.325183239409938, 40.738279473410842 ], [ -76.326959748879943, 40.73829488335204 ], [ -76.328735327764207, 40.738333315275497 ], [ -76.330510625401232, 40.738386702767414 ], [ -76.332475661466006, 40.738768809259099 ], [ -76.333586243147906, 40.739423902441494 ], [ -76.333811388640001, 40.739705977700581 ], [ -76.33281275441793, 40.739888055708299 ], [ -76.332054937046763, 40.740046594664804 ], [ -76.331304994018907, 40.740313927193348 ], [ -76.330876909781892, 40.740609423699276 ], [ -76.330118721187773, 40.741149461361111 ], [ -76.329718557084135, 40.741641451603954 ], [ -76.327007608604802, 40.741693074233417 ], [ -76.325231431109358, 40.741702058178845 ], [ -76.321683711656476, 40.741568307593852 ], [ -76.322044420457658, 40.74186223788503 ], [ -76.322505952294421, 40.742238321224541 ], [ -76.322575705757373, 40.742328757750265 ], [ -76.318901375954809, 40.74229400323788 ], [ -76.316938165664652, 40.742211603712349 ], [ -76.31743548439843, 40.742688405678962 ], [ -76.317270486190694, 40.742732797701905 ], [ -76.31554487239562, 40.742948250693864 ], [ -76.313770124667954, 40.742860175043539 ], [ -76.311998946170306, 40.742755586142636 ], [ -76.310258587886935, 40.742485349818644 ], [ -76.309848915463562, 40.742270354363306 ], [ -76.309749488242431, 40.741908951874372 ], [ -76.310256470287229, 40.741406068109384 ], [ -76.311493893754857, 40.740433202826253 ], [ -76.313746250979335, 40.739448683831895 ], [ -76.314041061874988, 40.739689654136122 ], [ -76.314440079671925, 40.740015796301954 ], [ -76.315200990542095, 40.739410884990058 ] ] ] } },
{ "type": "Feature", "properties": { "OBJECTID": 29, "Coal_Field": "Southern Anthracite", "Coal_Type": "Anthracite", "Status": "Final", "Feature_Source": "Map 1", "Comp_Scale": 250000, "Shape_Length": 32476.715621609597, "Shape_Area": 25881650.29479092 }, "geometry": { "type": "Polygon", "coordinates": [ [ [ -76.143011267771087, 40.772182111863344 ], [ -76.14206239771741, 40.77342621349905 ], [ -76.141963000816631, 40.775014258382043 ], [ -76.140711646844281, 40.77598659738468 ], [ -76.138945067299915, 40.776945139047797 ], [ -76.139290549262853, 40.77785802368485 ], [ -76.140738382514073, 40.778786279961324 ], [ -76.143089546743056, 40.779221604354731 ], [ -76.144864115524044, 40.779112324453756 ], [ -76.146339452423817, 40.778444715731361 ], [ -76.14802068188537, 40.777839819867111 ], [ -76.149506017144034, 40.777458489382454 ], [ -76.151007463676819, 40.776873963040124 ], [ -76.152375004588194, 40.776363453721075 ], [ -76.15367441883366, 40.775822623896502 ], [ -76.155160877511577, 40.775144662886404 ], [ -76.156735818599174, 40.774607605086096 ], [ -76.158697705333665, 40.774165984894069 ], [ -76.160222345977203, 40.773838516243373 ], [ -76.161983787269264, 40.773740492345254 ], [ -76.163729897103906, 40.773479190303377 ], [ -76.165493216229009, 40.773310396281779 ], [ -76.167228693800581, 40.773016535309829 ], [ -76.168983574912602, 40.772806770687737 ], [ -76.170729215156825, 40.772554132736616 ], [ -76.172495668680611, 40.772411329759969 ], [ -76.174270724104744, 40.77231408609596 ], [ -76.176044102582296, 40.772291991940108 ], [ -76.177814442377581, 40.772432777341237 ], [ -76.179591767092845, 40.77254737377563 ], [ -76.181359641907406, 40.772595950727634 ], [ -76.183078452643556, 40.772260974438723 ], [ -76.184091448061707, 40.771838657057664 ], [ -76.186550158078944, 40.771713893666615 ], [ -76.188321963927507, 40.771594961355532 ], [ -76.19007442844601, 40.771359732491412 ], [ -76.190738638319772, 40.77120699319601 ], [ -76.190956972798261, 40.770378982180496 ], [ -76.190089585939276, 40.769198592157785 ], [ -76.189046966122547, 40.76812652775574 ], [ -76.187862304439705, 40.76711331255931 ], [ -76.186840204662246, 40.765917595487487 ], [ -76.184022294206841, 40.76598997968707 ], [ -76.182264740725557, 40.766194699963911 ], [ -76.180498223644634, 40.766343139019007 ], [ -76.178742143701825, 40.766550368331366 ], [ -76.176986618123109, 40.766760808086268 ], [ -76.175215369847294, 40.766890537099272 ], [ -76.173489975600006, 40.767174266504412 ], [ -76.172684464839392, 40.767728277460833 ], [ -76.171112707244887, 40.76832259196798 ], [ -76.16892479000721, 40.76862423068097 ], [ -76.166494458639136, 40.768638285282655 ], [ -76.163853160118492, 40.76903171436026 ], [ -76.161488590862447, 40.769273837352998 ], [ -76.159050339630127, 40.769407507735039 ], [ -76.157766975289945, 40.769805864844024 ], [ -76.156203265148079, 40.770441668006825 ], [ -76.154927136337122, 40.771393755870527 ], [ -76.153226135163237, 40.771642489509404 ], [ -76.151480196288645, 40.771853365819354 ], [ -76.149702932870781, 40.771951403949785 ], [ -76.147933470538177, 40.771958706488043 ], [ -76.146183626161147, 40.771677131559166 ], [ -76.144130334129017, 40.771499175630375 ], [ -76.143011267771087, 40.772182111863344 ] ] ] } },
{ "type": "Feature", "properties": { "OBJECTID": 30, "Coal_Field": "Western Middle Anthracite", "Coal_Type": "Anthracite", "Status": "Final", "Feature_Source": "Map 1", "Comp_Scale": 250000, "Shape_Length": 592983.50212020904, "Shape_Area": 2939395175.3932014 }, "geometry": { "type": "Polygon", "coordinates": [ [ [ -75.977583903597235, 40.87376929974657 ], [ -75.977278476695147, 40.875005356269504 ], [ -75.976514059362103, 40.875938944900753 ], [ -75.975447052495696, 40.876542919277028 ], [ -75.973719256174135, 40.876843428448431 ], [ -75.973691332272068, 40.876848284836861 ], [ -75.973671727687872, 40.87685169391743 ], [ -75.97066517887184, 40.876805390405444 ], [ -75.968133752883276, 40.877149215198727 ], [ -75.965592019502452, 40.877875694679283 ], [ -75.964442047880937, 40.878432220092904 ], [ -75.963405251039461, 40.879469074001335 ], [ -75.963306425295798, 40.881279926155131 ], [ -75.96296527239106, 40.881759489775327 ], [ -75.962453277350093, 40.882038715950706 ], [ -75.961488612826173, 40.882271299271629 ], [ -75.959247875190812, 40.88233851109878 ], [ -75.956373630554779, 40.882997301008395 ], [ -75.95335835277541, 40.884863768823607 ], [ -75.950091343621864, 40.886444104053652 ], [ -75.945887864307167, 40.888289785593415 ], [ -75.943572580664295, 40.889027006523762 ], [ -75.941271118113306, 40.889670646125964 ], [ -75.940535232607488, 40.890311780285479 ], [ -75.940782180861618, 40.890507085818228 ], [ -75.942543386031332, 40.890642127834816 ], [ -75.945452420457841, 40.890388763131902 ], [ -75.949136709644677, 40.889759445501213 ], [ -75.95216587291479, 40.889344917917207 ], [ -75.960276315934934, 40.88793947975303 ], [ -75.965456836183293, 40.886700505058727 ], [ -75.970883551392902, 40.886165955702097 ], [ -75.975472301109377, 40.885685435832073 ], [ -75.980021217039138, 40.885372407079899 ], [ -75.988223216102554, 40.88409112855684 ], [ -75.99168097099502, 40.88325337288768 ], [ -75.99421252767084, 40.882909034751812 ], [ -75.999651512911882, 40.881571660551764 ], [ -76.002593723628777, 40.880737241176298 ], [ -76.004116594089197, 40.880377435085371 ], [ -76.006410920899313, 40.87945496692209 ], [ -76.014897311997885, 40.878051475923165 ], [ -76.017319973371485, 40.877035000408696 ], [ -76.020266740333227, 40.875260587450214 ], [ -76.021922924644542, 40.874615386485438 ], [ -76.024103195378615, 40.873212258462885 ], [ -76.026528030228164, 40.872099898866139 ], [ -76.034160422121445, 40.869533586618672 ], [ -76.040366356307075, 40.868477126263478 ], [ -76.043789284608451, 40.867762066463506 ], [ -76.047852173372007, 40.866673475430495 ], [ -76.054561818685201, 40.865623680357729 ], [ -76.056976135262587, 40.864893393952642 ], [ -76.061535509248785, 40.864098762561767 ], [ -76.069628709692438, 40.86316405170296 ], [ -76.075702692825416, 40.862295193501922 ], [ -76.079246184042603, 40.861772263614725 ], [ -76.083412599961108, 40.861545385131663 ], [ -76.086559408522945, 40.860958600024297 ], [ -76.087321404489941, 40.860018775074835 ], [ -76.087706585551629, 40.859717744969025 ], [ -76.087720239647837, 40.85970707410938 ], [ -76.088618709161793, 40.858604800589987 ], [ -76.090041515313132, 40.857850087450039 ], [ -76.091589448899413, 40.857194056775768 ], [ -76.092887022469355, 40.856340605379415 ], [ -76.094685226964643, 40.855881926611048 ], [ -76.096733745806731, 40.855620608296931 ], [ -76.09832597650545, 40.855575100580566 ], [ -76.099614600074602, 40.854831104034595 ], [ -76.100829200068532, 40.854080130893927 ], [ -76.10315588396422, 40.854096958756649 ], [ -76.104882124359364, 40.853746054083402 ], [ -76.107255474493968, 40.853950105607282 ], [ -76.108051132012747, 40.85385137885104 ], [ -76.109756066225756, 40.853407929674276 ], [ -76.111218038637986, 40.853152395386914 ], [ -76.112557491997151, 40.852951145497343 ], [ -76.112898274529272, 40.852899940957883 ], [ -76.113672231779475, 40.852845739990443 ], [ -76.11334026590734, 40.85268516010165 ], [ -76.112115646174544, 40.852170411998031 ], [ -76.111209872688264, 40.851941281911266 ], [ -76.112374849813492, 40.851678580233965 ], [ -76.113465755983881, 40.85136539825217 ], [ -76.115056092935447, 40.851123044562854 ], [ -76.116342440877219, 40.850580950455502 ], [ -76.117134417331698, 40.850270628404878 ], [ -76.117822949556185, 40.849734309512669 ], [ -76.118215123522248, 40.849352188288258 ], [ -76.118508932578962, 40.849046684116182 ], [ -76.118567128386985, 40.848268407015411 ], [ -76.118349841149382, 40.848367697208907 ], [ -76.117934467382838, 40.848557503115359 ], [ -76.116584213424787, 40.847593307546752 ], [ -76.114887051834557, 40.8472571282758 ], [ -76.113454213726072, 40.84641543062456 ], [ -76.11271870510113, 40.84603961960719 ], [ -76.112636778735364, 40.845797220343876 ], [ -76.112778784463018, 40.845455708129201 ], [ -76.113032641118295, 40.845193019296161 ], [ -76.113750106194459, 40.845075121152149 ], [ -76.114748533820162, 40.844902780626455 ], [ -76.116500342813978, 40.844666146865677 ], [ -76.118253067486791, 40.844432398439075 ], [ -76.119939315838295, 40.844061094787591 ], [ -76.121127824303159, 40.843107847141084 ], [ -76.122416153691518, 40.842175293323734 ], [ -76.123791656939616, 40.841313588649619 ], [ -76.124789252364096, 40.841255872687789 ], [ -76.125408444893381, 40.841554936831571 ], [ -76.125742208476353, 40.842843756543999 ], [ -76.12613942661207, 40.844774999036595 ], [ -76.12614556922604, 40.844778209171743 ], [ -76.126201746935351, 40.844807569785772 ], [ -76.127373607815954, 40.845420030573734 ], [ -76.128078123098547, 40.845784354476741 ], [ -76.128847977462556, 40.845882881076939 ], [ -76.129263322255568, 40.845666695538533 ], [ -76.129961553712377, 40.845659856670586 ], [ -76.130715844721308, 40.845566279116426 ], [ -76.131289994040927, 40.845752893708543 ], [ -76.131373324477721, 40.846547530881388 ], [ -76.131241780689535, 40.847026093393268 ], [ -76.130971486620652, 40.84755904604885 ], [ -76.130840838374823, 40.848090629728624 ], [ -76.130995794649266, 40.84899062472136 ], [ -76.131352131753218, 40.849411370461347 ], [ -76.131780105067008, 40.849937473288598 ], [ -76.131799026250761, 40.851050922137723 ], [ -76.131595845725883, 40.851424127456823 ], [ -76.130561910171636, 40.852229719609475 ], [ -76.129734743898013, 40.852874187482321 ], [ -76.12883874461609, 40.853586434092975 ], [ -76.123439982393108, 40.853602873376978 ], [ -76.122796257604449, 40.854670596689914 ], [ -76.121376711604071, 40.855481528236673 ], [ -76.119834274762937, 40.855932258383319 ], [ -76.118126171547615, 40.856288091615774 ], [ -76.116680535361041, 40.856680577527612 ], [ -76.114599089583407, 40.856637393115605 ], [ -76.112871641938924, 40.856914594748595 ], [ -76.111136901515593, 40.856906700171841 ], [ -76.109594128597081, 40.85737914518706 ], [ -76.108467849004185, 40.857681581978134 ], [ -76.108109500533601, 40.858625635575969 ], [ -76.108117442674796, 40.859102829852425 ], [ -76.10867785190915, 40.859376666942133 ], [ -76.11042107365472, 40.85956537804212 ], [ -76.112177086164039, 40.859460193884814 ], [ -76.113911314405243, 40.859160255180456 ], [ -76.115062092535467, 40.858892839202781 ], [ -76.116361700813044, 40.85842230544349 ], [ -76.118577555383396, 40.858104420537153 ], [ -76.120604308941196, 40.857993367943209 ], [ -76.122519033780762, 40.858077639809046 ], [ -76.124299300512902, 40.858030642555505 ], [ -76.126079732145982, 40.857979994135981 ], [ -76.127086757486879, 40.857939121918875 ], [ -76.137792897398413, 40.857385321146644 ], [ -76.141493355577268, 40.857797629555215 ], [ -76.150199126175835, 40.855404105723757 ], [ -76.173677071986589, 40.851077237157035 ], [ -76.184367327539391, 40.849935675347858 ], [ -76.193804670642564, 40.847618611315092 ], [ -76.20214767882041, 40.844866989639755 ], [ -76.209866270124692, 40.842004972015303 ], [ -76.214653350296473, 40.840449885316708 ], [ -76.227989370057244, 40.834479555422568 ], [ -76.236228716889698, 40.832296947818449 ], [ -76.244747057793646, 40.830442903132194 ], [ -76.251779349986734, 40.829408100464036 ], [ -76.256501919346277, 40.828997199206626 ], [ -76.256608773555712, 40.828512643654953 ], [ -76.256641152248847, 40.828365817630761 ], [ -76.256763153046563, 40.827962944264513 ], [ -76.25904835907231, 40.827419893179808 ], [ -76.26906664336218, 40.825754308496386 ], [ -76.270532498343059, 40.82519546911287 ], [ -76.269802540057981, 40.824426795641855 ], [ -76.271319275744816, 40.824299424925314 ], [ -76.273866098750773, 40.824276754826506 ], [ -76.275433917292474, 40.824098798419861 ], [ -76.275687219224238, 40.82334709811559 ], [ -76.275912738989888, 40.82267782704367 ], [ -76.277845259835516, 40.822419976400951 ], [ -76.284111188812219, 40.821257431074102 ], [ -76.284608623021242, 40.82068500003318 ], [ -76.284925516632711, 40.820320322741985 ], [ -76.286361803571566, 40.820264619205702 ], [ -76.290135134569397, 40.819835837840039 ], [ -76.292568348048889, 40.819575568170194 ], [ -76.292643042524105, 40.819313083918665 ], [ -76.292806290106441, 40.818739414394535 ], [ -76.292812929947445, 40.818716075227989 ], [ -76.292942467226482, 40.818260859163203 ], [ -76.295079808398512, 40.817652666695373 ], [ -76.297165003024745, 40.81732655946611 ], [ -76.300039405751718, 40.81661319801055 ], [ -76.302824506946678, 40.816430423276564 ], [ -76.305408972305571, 40.816174188785993 ], [ -76.30829954274185, 40.816292745671888 ], [ -76.309856977241893, 40.816351649107226 ], [ -76.309622377347367, 40.81586771501366 ], [ -76.309482087107341, 40.815627895524386 ], [ -76.30922296617976, 40.815184939869134 ], [ -76.309832968046052, 40.815229685466555 ], [ -76.311366967495502, 40.815274250526585 ], [ -76.314357079537942, 40.815391522408987 ], [ -76.316549138255795, 40.81544217023832 ], [ -76.317808992281954, 40.815596300088814 ], [ -76.317698544314112, 40.81545566361735 ], [ -76.31668220013195, 40.814581684204093 ], [ -76.31653946578065, 40.814458940377655 ], [ -76.31631837377958, 40.814331481873531 ], [ -76.318907518661092, 40.814213175079878 ], [ -76.320683558430147, 40.81411780557 ], [ -76.322457211898282, 40.814000955108312 ], [ -76.324219935652252, 40.813830158653666 ], [ -76.325920110556254, 40.813435616946116 ], [ -76.326833314702654, 40.813257329250611 ], [ -76.327636631252972, 40.813409983474216 ], [ -76.327964622206551, 40.813986729590837 ], [ -76.32748161195147, 40.814530891829811 ], [ -76.326043044492891, 40.815179961360791 ], [ -76.324530588990825, 40.815724386933184 ], [ -76.322946666784262, 40.816327460041734 ], [ -76.321613590972262, 40.817211830637582 ], [ -76.318743254039148, 40.819066501127111 ], [ -76.318710418047345, 40.818844640751223 ], [ -76.318652165144627, 40.818451048288892 ], [ -76.315348762359591, 40.819843901134959 ], [ -76.310779546471551, 40.821393500965009 ], [ -76.308928344256557, 40.821841167341198 ], [ -76.309270269359928, 40.821465106554299 ], [ -76.309686566352454, 40.821007239549523 ], [ -76.306123415228328, 40.822143577903482 ], [ -76.30286824985096, 40.823769367332311 ], [ -76.301165910750498, 40.824385479080043 ], [ -76.301139033449829, 40.824395205982469 ], [ -76.300494450870573, 40.824628482923465 ], [ -76.298807387134872, 40.824950161151747 ], [ -76.298318291928666, 40.825409658686837 ], [ -76.298129429468815, 40.825941435559955 ], [ -76.299427014921335, 40.826078142799304 ], [ -76.300723133386498, 40.826139186194965 ], [ -76.302403807916576, 40.825942469428732 ], [ -76.303277677326875, 40.825753221405073 ], [ -76.303771730110256, 40.826012461605373 ], [ -76.304494966096641, 40.826391951789482 ], [ -76.30489080379634, 40.826322049189059 ], [ -76.306100868937136, 40.82607837555453 ], [ -76.308386927279017, 40.825825459558622 ], [ -76.31170829790247, 40.825632287123597 ], [ -76.310940161062277, 40.82510957395516 ], [ -76.310357115969239, 40.824680471043422 ], [ -76.310054672062464, 40.824457877492875 ], [ -76.309936571062323, 40.824391544663285 ], [ -76.311445856084958, 40.824353072125575 ], [ -76.313235404335003, 40.824181372533431 ], [ -76.316213975812474, 40.823693411931963 ], [ -76.319789999665815, 40.823198537685244 ], [ -76.322068403961083, 40.822567111980661 ], [ -76.322189867331531, 40.822538250964357 ], [ -76.322218216090462, 40.822531514773758 ], [ -76.324745086230251, 40.821931064423659 ], [ -76.329002599143891, 40.821666172845021 ], [ -76.329002859206625, 40.821666156800511 ], [ -76.329221682946951, 40.821652537776295 ], [ -76.331507491676206, 40.821399162888866 ], [ -76.333692188923564, 40.821071247872482 ], [ -76.336874162330417, 40.820807393941479 ], [ -76.339366660428695, 40.820929789926687 ], [ -76.341653920940317, 40.820751858915074 ], [ -76.343343700260377, 40.820580849763743 ], [ -76.34504109954338, 40.820788049765049 ], [ -76.345944935661677, 40.821155821017044 ], [ -76.346056727011785, 40.821759829075248 ], [ -76.345166613542233, 40.822072876773021 ], [ -76.344276492811531, 40.8223859202988 ], [ -76.342896075407353, 40.823082988758067 ], [ -76.339727696781196, 40.824027827382103 ], [ -76.337748171494439, 40.824656136894106 ], [ -76.335171100441755, 40.825291329177503 ], [ -76.331513631557002, 40.826695595175067 ], [ -76.329239704266797, 40.827554146734194 ], [ -76.326076930657976, 40.828801203052869 ], [ -76.324475136965759, 40.829258856370565 ], [ -76.324450375928123, 40.829265931733019 ], [ -76.322538452067619, 40.829610026505691 ], [ -76.32078753017106, 40.829972753918689 ], [ -76.319429777893589, 40.8301637742818 ], [ -76.317842268584087, 40.830484594560495 ], [ -76.315171140055327, 40.831423066187035 ], [ -76.310851534199912, 40.832576631439238 ], [ -76.310951580977033, 40.832370459520654 ], [ -76.311045388708067, 40.832223377289182 ], [ -76.311377215564406, 40.831703099002844 ], [ -76.310301376925395, 40.832008178136192 ], [ -76.309610145384596, 40.832318692541186 ], [ -76.308524974626962, 40.832860666724237 ], [ -76.307931839786249, 40.833094388620246 ], [ -76.307142468567477, 40.833481663645415 ], [ -76.305660344322803, 40.83410377305438 ], [ -76.303883825431086, 40.834956187111239 ], [ -76.302761755959423, 40.836173897066367 ], [ -76.300740376515975, 40.836470993345536 ], [ -76.298600287791473, 40.83661494465845 ], [ -76.296685068334753, 40.83676168608055 ], [ -76.295238158182187, 40.837092370100493 ], [ -76.293845048022959, 40.838548882939726 ], [ -76.292811816397034, 40.839684511401337 ], [ -76.290251720988906, 40.841470885862719 ], [ -76.287439461114104, 40.843254006597611 ], [ -76.285658395401597, 40.843997200623065 ], [ -76.28386672784778, 40.845218843085789 ], [ -76.281316763574637, 40.84652653084737 ], [ -76.272918634053426, 40.850056788592866 ], [ -76.266837368101349, 40.851414622097693 ], [ -76.263801999951994, 40.851854180797162 ], [ -76.2608818924964, 40.85277375486411 ], [ -76.260110679970794, 40.853433852468839 ], [ -76.260223824400029, 40.85400964412711 ], [ -76.260721511659625, 40.854303232925268 ], [ -76.264760983239754, 40.854068128312711 ], [ -76.266914224150327, 40.853617210890746 ], [ -76.269325903103635, 40.852882405155711 ], [ -76.274033714086201, 40.850932552853301 ], [ -76.282034794364506, 40.848258664523392 ], [ -76.284584812134653, 40.846950961271695 ], [ -76.292209060084446, 40.844175849570838 ], [ -76.298291271902485, 40.842720954882836 ], [ -76.303856683322252, 40.841833597390718 ], [ -76.3069017524017, 40.840914484819663 ], [ -76.310685646383533, 40.839663454502642 ], [ -76.31278428897275, 40.838628981960078 ], [ -76.312693273595855, 40.838305261415726 ], [ -76.312627635528187, 40.838071799489839 ], [ -76.312580207880544, 40.838009466918543 ], [ -76.314820981371184, 40.837731695444333 ], [ -76.320700845958484, 40.836237192644354 ], [ -76.320627693593678, 40.835649876503346 ], [ -76.32061187967706, 40.835522912819101 ], [ -76.320670616495008, 40.835267541411092 ], [ -76.321898559932464, 40.835166202868585 ], [ -76.325426556227782, 40.835209798780241 ], [ -76.327454854975997, 40.834660475880554 ], [ -76.342615366192447, 40.832931853732099 ], [ -76.346663435807898, 40.832215352929246 ], [ -76.352345322857047, 40.831709948249816 ], [ -76.357267153885715, 40.831386541661637 ], [ -76.360299033615831, 40.831040188736281 ], [ -76.362832903321546, 40.83040060087518 ], [ -76.365874679145307, 40.829575600769509 ], [ -76.37042230419263, 40.829055696880921 ], [ -76.37586696390342, 40.828925346821109 ], [ -76.381659725368976, 40.828657925340487 ], [ -76.382397532630733, 40.828623843863767 ], [ -76.38240326398774, 40.828623578439739 ], [ -76.384564237470698, 40.828523729215931 ], [ -76.388832655265034, 40.828515249046426 ], [ -76.398915923843091, 40.828435453964943 ], [ -76.409018421597949, 40.82740455710131 ], [ -76.418112721839549, 40.826361144034706 ], [ -76.425679658960817, 40.826065296326092 ], [ -76.427703086773647, 40.825705591952399 ], [ -76.433761867918051, 40.825200480880234 ], [ -76.437808568752402, 40.824480750113175 ], [ -76.44790432440702, 40.823733531355259 ], [ -76.450046065429504, 40.823757666135414 ], [ -76.454477930347139, 40.822658784733378 ], [ -76.463669156149706, 40.823048726923034 ], [ -76.467585750713098, 40.822517946584597 ], [ -76.472139562525541, 40.821611187474069 ], [ -76.483775522026278, 40.819346254719839 ], [ -76.491501890060192, 40.81722904584467 ], [ -76.494181534368451, 40.816262604527381 ], [ -76.496187446156569, 40.815744582681631 ], [ -76.496881510007597, 40.81608721473205 ], [ -76.496925594176204, 40.81611839933467 ], [ -76.497174958631689, 40.815489543288948 ], [ -76.498495566827216, 40.815148461581032 ], [ -76.503037402711243, 40.813525186149732 ], [ -76.516209069365061, 40.809837676586682 ], [ -76.524304090740372, 40.808105111656431 ], [ -76.533918910913727, 40.805909364315546 ], [ -76.539987353086346, 40.804728685265751 ], [ -76.547064917433715, 40.803462477462894 ], [ -76.553138082439347, 40.801993974815254 ], [ -76.556807732896658, 40.801074694544781 ], [ -76.560989614994597, 40.799681942141625 ], [ -76.563021789148678, 40.79874559049744 ], [ -76.566842601445657, 40.796391649817409 ], [ -76.56886100120785, 40.796220861395184 ], [ -76.569352015483688, 40.796257020336284 ], [ -76.570828470644045, 40.793721083590896 ], [ -76.571630599768298, 40.79234327023169 ], [ -76.573959328179029, 40.784376735333382 ], [ -76.574117435006798, 40.776998326190018 ], [ -76.575049153791284, 40.771269569200022 ], [ -76.573594137020407, 40.763666162608587 ], [ -76.572099887971575, 40.757907337827774 ], [ -76.571576135312398, 40.756684197051946 ], [ -76.57079574354232, 40.754861628140759 ], [ -76.570345593148886, 40.753810273823468 ], [ -76.568092175693096, 40.754177278524942 ], [ -76.562325171482442, 40.755234258243682 ], [ -76.562309156310391, 40.755237193492249 ], [ -76.562263645879369, 40.755247789002034 ], [ -76.555549255498093, 40.75681086218141 ], [ -76.549905268790312, 40.757734849221741 ], [ -76.542339602181386, 40.758421800380518 ], [ -76.539193006964908, 40.75854884505555 ], [ -76.536417017330393, 40.75874262664869 ], [ -76.532777697530378, 40.758801649340022 ], [ -76.52973919119907, 40.759055171102801 ], [ -76.524704603845777, 40.759001867641722 ], [ -76.518656038806057, 40.759320444136783 ], [ -76.511088140495843, 40.760101046655002 ], [ -76.5045305917577, 40.760700599756284 ], [ -76.503520075461282, 40.760881150001843 ], [ -76.500475922213369, 40.762092695938343 ], [ -76.49896188904188, 40.762267761756462 ], [ -76.498591469297324, 40.761880845089131 ], [ -76.498978070739511, 40.761406400842645 ], [ -76.500502859565856, 40.760657093077242 ], [ -76.506069596311235, 40.75918556482678 ], [ -76.512125309178543, 40.758484819454459 ], [ -76.516681191114486, 40.757193389419825 ], [ -76.520736998497952, 40.755705004696829 ], [ -76.522757782258481, 40.755343588475647 ], [ -76.524280399470129, 40.754689672417506 ], [ -76.524666771379316, 40.754215139607759 ], [ -76.524549719137795, 40.753735264085186 ], [ -76.524305053357764, 40.753349761665397 ], [ -76.523058855981446, 40.752666443291403 ], [ -76.521055810409948, 40.752070788044954 ], [ -76.51900634711555, 40.751966260458076 ], [ -76.514064953488813, 40.751689926780521 ], [ -76.511534240105846, 40.750999618411107 ], [ -76.507990506859556, 40.750077296006324 ], [ -76.505456813361477, 40.749552630740439 ], [ -76.502747511227014, 40.749241836612519 ], [ -76.503226177442841, 40.748367995109447 ], [ -76.50360803850208, 40.747377333455965 ], [ -76.503264393827223, 40.746323578003327 ], [ -76.502403937907786, 40.745706363041712 ], [ -76.501390954835244, 40.74547435543986 ], [ -76.500518105135868, 40.745520181705764 ], [ -76.499818372035534, 40.745604534711681 ], [ -76.498745211885122, 40.745895832779425 ], [ -76.49678953398886, 40.746323647948373 ], [ -76.495508777155123, 40.746512730270709 ], [ -76.494380429304016, 40.74675731002764 ], [ -76.493168798517829, 40.746658038154735 ], [ -76.49187903675643, 40.746444792553255 ], [ -76.488555410498662, 40.746545247610598 ], [ -76.486593243772901, 40.746685541456102 ], [ -76.484622119410204, 40.747080799807748 ], [ -76.482356963118292, 40.747423075240029 ], [ -76.480588141683953, 40.747521880553258 ], [ -76.478835414025085, 40.747744094884069 ], [ -76.477074156820592, 40.747925392862363 ], [ -76.475353521357661, 40.748254991034528 ], [ -76.473617857257295, 40.748541856299084 ], [ -76.471894078151564, 40.748868589162548 ], [ -76.470147151513189, 40.749114093164465 ], [ -76.46843486882679, 40.749471101500646 ], [ -76.466768331858304, 40.749940771552289 ], [ -76.465036890445518, 40.750246117162831 ], [ -76.463445577670697, 40.750839455761231 ], [ -76.461752896779316, 40.751244283010799 ], [ -76.460026259589981, 40.75156433189111 ], [ -76.458265315419212, 40.751739878323754 ], [ -76.456500286996132, 40.751898671335958 ], [ -76.454776591563444, 40.752223212856293 ], [ -76.45216110732639, 40.752915953408007 ], [ -76.450205702574436, 40.754479763945575 ], [ -76.448300306964668, 40.755167977916706 ], [ -76.445086981610075, 40.755960726950903 ], [ -76.440782555922951, 40.756796294451576 ], [ -76.437675958583327, 40.757254052337046 ], [ -76.434570223351585, 40.758549518472933 ], [ -76.432739405845396, 40.75924712011863 ], [ -76.431641771637217, 40.759621463057819 ], [ -76.432729569087073, 40.759744402576558 ], [ -76.433233859691583, 40.759971216693444 ], [ -76.433808635633412, 40.760309363339474 ], [ -76.433868198983475, 40.760973235143766 ], [ -76.4333344379517, 40.761359171500835 ], [ -76.432837744606672, 40.761624685138116 ], [ -76.432914785267116, 40.761404498280228 ], [ -76.432849766800757, 40.761016894511144 ], [ -76.432417042497107, 40.760846161533678 ], [ -76.431473468783039, 40.760780132234814 ], [ -76.4297977504485, 40.760982061192941 ], [ -76.427823678467732, 40.761567412904505 ], [ -76.423235721592576, 40.762012211209786 ], [ -76.419658438829572, 40.76280006422482 ], [ -76.416882655329232, 40.763486526862984 ], [ -76.41498328502955, 40.763961988295229 ], [ -76.413179203010912, 40.764311316281045 ], [ -76.401184005892461, 40.766336797897729 ], [ -76.398652936239557, 40.766977293412872 ], [ -76.392089891526453, 40.767761857724373 ], [ -76.38402010428301, 40.768336792304702 ], [ -76.37795436870779, 40.76941360319465 ], [ -76.373406924777541, 40.770125298440163 ], [ -76.364319725880222, 40.771165343287031 ], [ -76.346660175531355, 40.772675186870224 ], [ -76.34362685893791, 40.77321263932275 ], [ -76.337809827773199, 40.774386080897351 ], [ -76.326812803569325, 40.776357032292751 ], [ -76.320118100727655, 40.777327309233499 ], [ -76.307995368834881, 40.778899619238366 ], [ -76.300412657753725, 40.780144827207472 ], [ -76.290324345970618, 40.780783554487641 ], [ -76.282776988652017, 40.780400750120144 ], [ -76.279262536732276, 40.779877433383888 ], [ -76.277749708669262, 40.779953882383538 ], [ -76.272182811702308, 40.781127183424672 ], [ -76.269639376259477, 40.782243286155477 ], [ -76.264065745559137, 40.783703273499007 ], [ -76.256477454146662, 40.785136952662413 ], [ -76.25053422433497, 40.786208610269419 ], [ -76.241566801137779, 40.78733615898593 ], [ -76.240049407000598, 40.78760348497849 ], [ -76.239029112006165, 40.788164467656678 ], [ -76.234986985549739, 40.788685813511798 ], [ -76.229447005814649, 40.78861295833012 ], [ -76.226937602187562, 40.788196980808252 ], [ -76.225439865937176, 40.787602872090581 ], [ -76.221925482402725, 40.787077783898518 ], [ -76.212615167292597, 40.78666697490651 ], [ -76.211866379307182, 40.786369831651129 ], [ -76.212513580167453, 40.785612676960298 ], [ -76.213405939839049, 40.785145950221761 ], [ -76.215433595476682, 40.784598594011591 ], [ -76.21594601792394, 40.784222517360199 ], [ -76.215828942386722, 40.783838071594801 ], [ -76.212544528541542, 40.784272978927703 ], [ -76.207879610724348, 40.784497910518247 ], [ -76.202816950231153, 40.785578821000747 ], [ -76.197225964624721, 40.787705343164831 ], [ -76.193777314025184, 40.789764776140288 ], [ -76.193516544910452, 40.790144147997538 ], [ -76.193745986629693, 40.791104460833189 ], [ -76.193091806725548, 40.792148579158408 ], [ -76.190164410495001, 40.793449155288236 ], [ -76.185984477752356, 40.794445523322537 ], [ -76.1834638920364, 40.794507057781395 ], [ -76.182591490642139, 40.794112325416556 ], [ -76.182985012439019, 40.793447617561263 ], [ -76.18476807608468, 40.79261031814638 ], [ -76.18477932890805, 40.792131862648816 ], [ -76.183799054842964, 40.790969901257526 ], [ -76.184290340449564, 40.790290241678349 ], [ -76.180059455137012, 40.791422327575418 ], [ -76.173326335351604, 40.793360408111866 ], [ -76.167263304404898, 40.795174789406659 ], [ -76.160915161891452, 40.797441502160197 ], [ -76.153895156208918, 40.799791747501629 ], [ -76.1495513146874, 40.800989213720094 ], [ -76.145289127519561, 40.801957860078737 ], [ -76.139747539722379, 40.80267653518257 ], [ -76.128882183490816, 40.804158413537415 ], [ -76.124139825114725, 40.804961969440434 ], [ -76.115969602092164, 40.806277774630004 ], [ -76.115623410167842, 40.806327634245456 ], [ -76.115407393614376, 40.806389763993195 ], [ -76.109409221425878, 40.80744824694716 ], [ -76.104779226124123, 40.808248851452838 ], [ -76.100953672812693, 40.810108652521123 ], [ -76.099927161734769, 40.810859742303172 ], [ -76.096871268368304, 40.812156086606421 ], [ -76.091296324649008, 40.81341616257415 ], [ -76.085176680847795, 40.816295355412365 ], [ -76.074941586276964, 40.822464740736315 ], [ -76.069585906341018, 40.824971297954932 ], [ -76.066514267293371, 40.82684091456268 ], [ -76.061921064952131, 40.829071071312569 ], [ -76.056835828985996, 40.83081522364396 ], [ -76.053797742481152, 40.831344912142853 ], [ -76.051764996275864, 40.831985044494076 ], [ -76.050870920117362, 40.832450476861474 ], [ -76.049836173148705, 40.833488147298993 ], [ -76.048820716010468, 40.833847648296754 ], [ -76.048818085515634, 40.833848579293466 ], [ -76.048152115378784, 40.834084346069716 ], [ -76.0392167307173, 40.837027721021137 ], [ -76.038315114416335, 40.837204625517522 ], [ -76.037721826162894, 40.837637922374434 ], [ -76.037778918408236, 40.838246658208725 ], [ -76.038342345676597, 40.838973434264531 ], [ -76.038715994359819, 40.838592140098307 ], [ -76.039822714784364, 40.838000665059539 ], [ -76.040776838097514, 40.837683228780044 ], [ -76.041728115402606, 40.837476270494072 ], [ -76.042598134745134, 40.837599676264318 ], [ -76.043319845601133, 40.837831406180236 ], [ -76.044181373029701, 40.838286250571649 ], [ -76.044971588651322, 40.838684772524601 ], [ -76.045184139455927, 40.83890896274157 ], [ -76.045679157261631, 40.839468904616261 ], [ -76.046174186961053, 40.840028844374537 ], [ -76.046816119681466, 40.840535685857674 ], [ -76.047529386675421, 40.841098844372489 ], [ -76.048242670626038, 40.8416619940011 ], [ -76.049107106097111, 40.842006318913867 ], [ -76.050198258961132, 40.842022401800769 ], [ -76.051653126245142, 40.842043831918865 ], [ -76.053110819658215, 40.8419547612949 ], [ -76.054206197037814, 40.8418050820408 ], [ -76.055668103847552, 40.841550250343111 ], [ -76.056837625484135, 40.841346372061892 ], [ -76.058211304170712, 40.841698102047864 ], [ -76.058560964425638, 40.842255857130638 ], [ -76.057900644301498, 40.84246722379978 ], [ -76.056799633115247, 40.842837908580719 ], [ -76.055340516878829, 40.84298226753377 ], [ -76.055484597993527, 40.84303964749153 ], [ -76.056202193195801, 40.843437024403066 ], [ -76.056919795790151, 40.84383439680208 ], [ -76.05741354104218, 40.844449534921068 ], [ -76.057031519622313, 40.845162342150218 ], [ -76.056140251772177, 40.84586767337273 ], [ -76.055113330877745, 40.846184165646243 ], [ -76.053780086393644, 40.846763852850586 ], [ -76.051477437238432, 40.84763924966034 ], [ -76.049746440671157, 40.848287365745414 ], [ -76.047485677623172, 40.848865231798079 ], [ -76.04802486867969, 40.849388508623584 ], [ -76.048185914216063, 40.849563712004773 ], [ -76.04835265334998, 40.84976186392435 ], [ -76.046971932533808, 40.849979687282882 ], [ -76.045385898060673, 40.850224017764631 ], [ -76.043356769375265, 40.850418803315776 ], [ -76.043444158418367, 40.851086900618185 ], [ -76.04348159895639, 40.851373132684181 ], [ -76.043607811670697, 40.851616383355896 ], [ -76.042837393954272, 40.851856703519992 ], [ -76.040879098586501, 40.852506742905881 ], [ -76.038542252574956, 40.853160156783822 ], [ -76.037055889344131, 40.853598908890149 ], [ -76.034621577681165, 40.854324165881287 ], [ -76.032915614772392, 40.854705990726387 ], [ -76.031201015756835, 40.85506821000412 ], [ -76.029445917587225, 40.855284509887809 ], [ -76.027726108086313, 40.855606878610786 ], [ -76.025993214763119, 40.855914502761436 ], [ -76.023664206564277, 40.856383415600384 ], [ -76.021641479610523, 40.856675222249891 ], [ -76.021606871786233, 40.857126275999981 ], [ -76.021558892925427, 40.85728272252063 ], [ -76.021396834957713, 40.857811131492248 ], [ -76.018069230370216, 40.858400219068905 ], [ -76.016536646868687, 40.858901574410581 ], [ -76.015187242429647, 40.859440622262227 ], [ -76.013604932778023, 40.860081023460943 ], [ -76.012118309169125, 40.860583011202884 ], [ -76.010631663133395, 40.861084978836679 ], [ -76.008910268049846, 40.861758175935492 ], [ -76.007197088293637, 40.86211684388384 ], [ -76.007068783378131, 40.862156162651203 ], [ -76.00706467724514, 40.86215742031689 ], [ -76.005486856839426, 40.862640914983203 ], [ -76.003722685053319, 40.862710578270793 ], [ -76.002070319989528, 40.86270346952265 ], [ -76.000919568598263, 40.862686023360936 ], [ -75.999651869488588, 40.862932473177686 ], [ -75.998329088046717, 40.863242547484951 ], [ -75.997024833920889, 40.863617897003813 ], [ -75.995507664936156, 40.864146642075411 ], [ -75.994316903486762, 40.865045414500315 ], [ -75.993476600585097, 40.866066642487944 ], [ -75.992298288262845, 40.866313450493777 ], [ -75.986467739589173, 40.867524364602573 ], [ -75.979735970799737, 40.868957498604928 ], [ -75.975353814429198, 40.869835548051157 ], [ -75.974801299750624, 40.870122469463212 ], [ -75.974742573712277, 40.870192196924904 ], [ -75.974359176223672, 40.870647419748778 ], [ -75.974304486530855, 40.87123740934247 ], [ -75.974486371239422, 40.871712871535657 ], [ -75.974749216304247, 40.872071413709257 ], [ -75.975248644049273, 40.872315423757151 ], [ -75.976335561003197, 40.872420753985445 ], [ -75.977113621760651, 40.87243270632267 ], [ -75.977576413731839, 40.872394094861448 ], [ -75.977583903597235, 40.87376929974657 ] ], [ [ -76.005638675412243, 40.870287265724755 ], [ -76.005795336719629, 40.870630816929463 ], [ -76.005875407338763, 40.870917546940255 ], [ -76.005582074512674, 40.871552452040454 ], [ -76.004829197703828, 40.871846443751664 ], [ -76.003314737723528, 40.871859628382367 ], [ -76.002924852389484, 40.871115699932602 ], [ -76.003219069452598, 40.870538281177282 ], [ -76.003894487295454, 40.870130002496033 ], [ -76.005257462993328, 40.870118130591642 ], [ -76.005638675412243, 40.870287265724755 ] ], [ [ -76.05842001339154, 40.855374926534466 ], [ -76.056011197450545, 40.856259301791134 ], [ -76.05299758328978, 40.85720663421538 ], [ -76.051404530543394, 40.857567548427816 ], [ -76.051070140361574, 40.85760626612052 ], [ -76.051066903628595, 40.857606640169543 ], [ -76.050065255705206, 40.85772260961901 ], [ -76.048522888618166, 40.857800908471937 ], [ -76.046757051125553, 40.857968134670664 ], [ -76.045011654221497, 40.858238758588591 ], [ -76.043230217906725, 40.858240951960894 ], [ -76.042697397365984, 40.858450343102916 ], [ -76.042691394724258, 40.858452702087213 ], [ -76.041917386670974, 40.8587568691229 ], [ -76.040309244476461, 40.859293122659523 ], [ -76.038583099451571, 40.859535856485138 ], [ -76.037139498786757, 40.859941261323989 ], [ -76.037126916972895, 40.859946074298271 ], [ -76.035627898916815, 40.860519337634948 ], [ -76.034093249933377, 40.86099097957436 ], [ -76.03236488378819, 40.861328706241814 ], [ -76.030670161971457, 40.861707216478983 ], [ -76.027433284395656, 40.862495073642002 ], [ -76.026397957311545, 40.862707964936185 ], [ -76.028079553970997, 40.861627928766218 ], [ -76.030412342812028, 40.860687332319586 ], [ -76.032371878111448, 40.860094949492151 ], [ -76.034330485067471, 40.859445051899954 ], [ -76.035419019605953, 40.85921135540719 ], [ -76.036300703404919, 40.858892883129421 ], [ -76.037622891533232, 40.858549936308101 ], [ -76.037687019730555, 40.858046100061124 ], [ -76.037702536242847, 40.857924196019262 ], [ -76.039609396443197, 40.858075408909109 ], [ -76.042229912731116, 40.85775427676424 ], [ -76.042015856513345, 40.857430310913287 ], [ -76.042014889789485, 40.857421163444265 ], [ -76.041980514446308, 40.857096262926341 ], [ -76.044737578058204, 40.856764377468643 ], [ -76.046546361977391, 40.856230601340592 ], [ -76.047853759305525, 40.855977016001141 ], [ -76.049427607340519, 40.85565064334768 ], [ -76.051093495594671, 40.855325605412467 ], [ -76.053318819593031, 40.85472910465905 ], [ -76.054916427127878, 40.854597629187687 ], [ -76.056382834855825, 40.853705730603913 ], [ -76.056451003697362, 40.853664266594691 ], [ -76.057560979110548, 40.853068062346516 ], [ -76.058465067308859, 40.853336420998616 ], [ -76.059617473676965, 40.853283398992303 ], [ -76.060603687167529, 40.852750415082802 ], [ -76.061500329918402, 40.852352192093015 ], [ -76.062596739755932, 40.851844696620134 ], [ -76.063542592356725, 40.851447176094311 ], [ -76.064450008696284, 40.851059536141541 ], [ -76.064730417349821, 40.85115512868623 ], [ -76.064797754358878, 40.851752080514103 ], [ -76.064656466254249, 40.852385734646276 ], [ -76.063762770779974, 40.853313756820036 ], [ -76.061131572810282, 40.854487719258948 ], [ -76.05842001339154, 40.855374926534466 ] ], [ [ -76.088676047614968, 40.853880863700837 ], [ -76.08715187695951, 40.853327008288993 ], [ -76.085394610105595, 40.8531504718786 ], [ -76.084613478920389, 40.85293479965177 ], [ -76.083913188174122, 40.852475061036621 ], [ -76.084458268516556, 40.851981717253473 ], [ -76.085279962057271, 40.85168855922543 ], [ -76.086982088433416, 40.8514423107369 ], [ -76.08871287606803, 40.851196829566582 ], [ -76.090484683321421, 40.851059301755583 ], [ -76.09223176807923, 40.850808447987163 ], [ -76.09400424719631, 40.850679502211563 ], [ -76.096620062490771, 40.850206807775287 ], [ -76.098959527555266, 40.849705057610961 ], [ -76.100450931367504, 40.84916860643628 ], [ -76.1019664305975, 40.848620614289651 ], [ -76.102629595097838, 40.848521552048112 ], [ -76.103470239704407, 40.848835814777466 ], [ -76.104770082964066, 40.849782303571104 ], [ -76.106534815439588, 40.851628505573778 ], [ -76.103700388647184, 40.852131397208247 ], [ -76.101961017531266, 40.852421215424549 ], [ -76.100276736672299, 40.852856012373969 ], [ -76.098544512547747, 40.853164387991804 ], [ -76.096827958557768, 40.853516492973803 ], [ -76.095116831969563, 40.853884740800744 ], [ -76.093396471415701, 40.854230002838641 ], [ -76.091710123791117, 40.854659936486989 ], [ -76.090425649924313, 40.855120883540643 ], [ -76.088676047614968, 40.853880863700837 ] ], [ [ -76.15839389058759, 40.842213755788912 ], [ -76.160468563684788, 40.842353975151397 ], [ -76.162161268952929, 40.842655022496785 ], [ -76.163914882925866, 40.84350943403409 ], [ -76.165187215095031, 40.844155572811289 ], [ -76.164524594357744, 40.844954963188378 ], [ -76.163151757391574, 40.845792891983166 ], [ -76.16152622234263, 40.846339302156608 ], [ -76.159787124977811, 40.846620428571221 ], [ -76.158030760803527, 40.84683995229075 ], [ -76.15630732751454, 40.847152793843136 ], [ -76.154550301353282, 40.847364298098235 ], [ -76.152863524088843, 40.847790078944705 ], [ -76.151103035613673, 40.847976260248288 ], [ -76.149181948120145, 40.847985881581749 ], [ -76.148180524222411, 40.847552879788815 ], [ -76.14820409641662, 40.846575304356492 ], [ -76.150867070275964, 40.845373562985969 ], [ -76.15252554328859, 40.844943710326007 ], [ -76.15399509768163, 40.844250206329207 ], [ -76.155643245910596, 40.843900430843846 ], [ -76.1571518390937, 40.843180971668147 ], [ -76.15839389058759, 40.842213755788912 ] ], [ [ -76.137622210615618, 40.842812168402368 ], [ -76.137628532562573, 40.843452617613188 ], [ -76.136111171554049, 40.844148968009549 ], [ -76.134322120201389, 40.844176818017729 ], [ -76.133506272267951, 40.843651719263221 ], [ -76.133780941065339, 40.843101569835767 ], [ -76.134243959066239, 40.842465848664268 ], [ -76.135165669648643, 40.842255034275958 ], [ -76.137216972292279, 40.842245980857804 ], [ -76.137622210615618, 40.842812168402368 ] ], [ [ -76.197934628496867, 40.83188448079089 ], [ -76.196550383587649, 40.832725184213686 ], [ -76.196053050033086, 40.83321694818342 ], [ -76.195637051907724, 40.833380353454885 ], [ -76.195123493390554, 40.833208140814989 ], [ -76.19464737710247, 40.832701213912756 ], [ -76.194625278987516, 40.831902232291341 ], [ -76.19453089850316, 40.830527809667998 ], [ -76.194528169838662, 40.829944868902892 ], [ -76.19507095241795, 40.82931354730534 ], [ -76.195627938357632, 40.828978925232441 ], [ -76.1965944394979, 40.828790895361358 ], [ -76.199576652053921, 40.829114718011219 ], [ -76.201275786357542, 40.829480176247287 ], [ -76.203006326866912, 40.82979472730846 ], [ -76.204762131008124, 40.829745558632474 ], [ -76.206514634734589, 40.829722522304451 ], [ -76.208259820514442, 40.829980890117568 ], [ -76.20966539438588, 40.830660912818537 ], [ -76.20928586219803, 40.831381991544973 ], [ -76.20853179287333, 40.831596867075703 ], [ -76.206744708387305, 40.831718233207368 ], [ -76.204968015555011, 40.831693236641222 ], [ -76.203188751034304, 40.831638579895667 ], [ -76.201409328598857, 40.831592647401891 ], [ -76.199623341054121, 40.831576958484497 ], [ -76.197934628496867, 40.83188448079089 ] ] ] } }
]
}
